date,equity,cash,positions,drawdown,returns
2020-04-03,999144.595,954524.595,5,-0.0008554050000000279,
2020-04-07,1000625.7259999999,908020.1619999999,5,0.0,0.0014823990515606678
2020-04-08,1000141.6659999999,908149.6659999999,5,-0.0004837573004794561,-0.0004837573004794482
2020-04-09,1001338.6659999999,908149.6659999999,5,0.0,0.0011968304498175542
2020-04-10,996648.6659999999,908149.6659999999,5,-0.004683730049829116,-0.004683730049829138
2020-04-13,993350.6659999999,908149.6659999999,5,-0.007977321031563962,-0.0033090898653749257
2020-04-14,996198.6659999999,908149.6659999999,5,-0.0051331284554630395,0.0028670640665779956
2020-04-15,993747.1594999998,872363.9309999999,5,-0.0075813575943546145,-0.0024608610547969256
2020-04-16,996365.2624999998,896391.0224999998,5,-0.0049667546743870725,0.0026345765871846893
2020-04-17,994986.6264999999,891181.7504999998,5,-0.00634354760849708,-0.0013836652600079935
2020-04-20,995155.1865,893757.1865,5,-0.006175212952377792,0.00016940931215625454
2020-04-21,995799.1865,893757.1865,5,-0.005532073900759466,0.0006471352495935889
2020-04-22,997599.1865,893757.1865,5,-0.0037344802782237714,0.0018075933626000573
2020-04-23,998437.1865,893757.1865,5,-0.0028976005806210423,0.0008400167234898781
2020-04-24,993990.2355,857540.0155,5,-0.007338606556914783,-0.004453911633228169
2020-04-27,990956.44525,832488.7595,5,-0.01036834100442084,-0.003052132849649114
2020-04-28,988007.7772499999,843302.05725,5,-0.013313066999851504,-0.002975577800754081
2020-04-29,987721.8772499999,853989.8772499999,5,-0.013598584786897613,-0.00028937019179731127
2020-04-30,990637.8772499999,853989.8772499999,5,-0.010686483118389788,0.0029522480641197557
2020-05-06,992488.8772499999,853989.8772499999,5,-0.008837957676548915,0.0018684930613983575
2020-05-07,991978.8772499999,853989.8772499999,5,-0.009347275869600696,-0.0005138596630051007
2020-05-08,992260.0072499999,842024.9292499999,5,-0.009066521705654324,0.00028340321195075013
2020-05-11,991689.9294499998,853703.1642499999,5,-0.009635837382115065,-0.0005745246163654238
2020-05-12,990484.67745,872915.3774499999,5,-0.010839478109197368,-0.0012153516580211132
2020-05-13,994246.74319,872915.3774499999,5,-0.007082441785984027,0.0037982069038013933
2020-05-14,991907.5614399998,866446.8891899999,5,-0.009418496339179624,-0.0023527175381987675
2020-05-15,992821.6529399998,850481.4989399998,5,-0.008505626866505151,0.0009215490793041958
2020-05-18,991424.4216899999,864347.6616899999,5,-0.009900990191064869,-0.0014073335788581387
2020-05-19,992812.5216899998,864347.6616899999,5,-0.008514745909152783,0.0014001067248614607
2020-05-20,991306.1254399999,843126.1679399998,5,-0.01001912829360371,-0.0015173018239493796
2020-05-21,991228.4954399997,842706.4254399998,5,-0.0100966545118913,-7.831082448483961e-05
2020-05-22,989247.5054399997,842706.4254399998,5,-0.012074996173172951,-0.001998520027534756
2020-05-25,987608.9909599999,842706.4254399998,5,-0.013711320161884175,-0.0016563240958299419
2020-05-26,980946.7177099999,816182.8572099998,5,-0.02036468677621201,-0.0067458612780791904
2020-05-27,979649.3527099998,838012.4027099998,5,-0.021660317359601573,-0.0013225641888366946
2020-05-28,979999.1427099998,838012.4027099998,5,-0.021310994985586668,0.00035705632738114446
2020-05-29,980393.0192099998,825193.6017099998,5,-0.020917645049771835,0.00040191514750809176
2020-06-01,982678.0992099999,866949.4392099999,5,-0.018635619919225167,0.0023307795498599404
2020-06-02,982748.9092099998,866949.4392099999,5,-0.01856490458344092,7.205818472688641e-05
2020-06-03,982338.5292099998,866949.4392099999,5,-0.01897473595611659,-0.00041758377562572946
2020-06-04,983331.8992099998,866949.4392099999,5,-0.017982693968995326,0.001011229805674807
2020-06-05,982318.1233099999,834263.66771,5,-0.01899511457595099,-0.001030960045956375
2020-06-08,984062.2410099999,848152.8558099999,5,-0.01725332854568903,0.0017755120857620987
2020-06-09,984021.5380099998,844993.6680099998,5,-0.017293977130810274,-4.1362221111507225e-05
2020-06-10,986414.5950099998,844467.1950099998,5,-0.014904119352163356,0.0024319152656349097
2020-06-11,983644.6950099998,844467.1950099998,5,-0.017670316338308723,-0.0028080484757749824
2020-06-12,984140.1950099998,844467.1950099998,5,-0.017175478760549593,0.0005037388017377076
2020-06-15,982284.9469099998,844467.1950099998,5,-0.01902824662320593,-0.0018851461503217593
2020-06-16,983133.7119099998,848070.8869099998,5,-0.0181806163170773,0.0008640720828207993
2020-06-17,982114.8759099998,859164.0259099999,5,-0.019198090259304964,-0.0010363147836937037
2020-06-18,981915.4204099999,844426.3079099999,5,-0.01939727911196026,-0.00020308774960275944
2020-06-19,982604.8342499998,869719.2704099999,5,-0.01870878693303152,0.0007021112263538853
2020-06-22,981428.3489299999,865000.5822499999,5,-0.01988369943760865,-0.00119731277416113
2020-06-23,981449.5249299998,858602.5249299998,5,-0.01986255174730266,2.1576715226290233e-05
2020-06-24,979813.5249299998,858602.5249299998,5,-0.02149636461756288,-0.001666922198690468
2020-06-29,979974.8879299999,841383.3279299998,5,-0.02133521733994441,0.0001646874592913239
2020-06-30,983261.33353,848065.0079299998,5,-0.01805316531140515,0.003353601852943422
2020-07-01,984344.8895299999,846889.5735299999,5,-0.016971057891816122,0.0011020020446750323
2020-07-02,985066.9390299999,850951.0585299999,5,-0.016249973682729995,0.0007335330407869378
2020-07-03,986210.1248299999,836050.2330299999,6,-0.015108316180811482,0.0011605158540044513
2020-07-06,986951.1248299999,840437.2248299998,6,-0.014368306806200954,0.0007513611768361628
2020-07-07,991364.5750299998,840437.2248299998,6,-0.009960756843479388,0.004471802188543261
2020-07-08,992726.1337799999,845153.0350299999,6,-0.008601018329197263,0.0013734188050433804
2020-07-09,993970.3817799999,861620.3317799999,6,-0.00735843373494569,0.0012533648079378068
2020-07-10,994929.4917799999,861620.3317799999,6,-0.0064006059464400316,0.0009649281483441463
2020-07-13,996393.2177799998,861620.3317799999,6,-0.0049388367671403,0.001471185658976859
2020-07-14,994907.0827799998,849797.0177799999,6,-0.006422984988377579,-0.0014915145682256048
2020-07-15,996787.7827799998,837669.2827799998,6,-0.004544799251764914,0.001890327280357429
2020-07-16,991022.7827799998,837669.2827799998,6,-0.010302092159497293,-0.0057835781091956084
2020-07-17,994182.3325799998,837669.2827799998,5,-0.007146766286961738,0.0031881707009167037
2020-07-20,993865.31858,847827.1435799999,6,-0.007463356478436328,-0.00031886907422418176
2020-07-21,997773.97258,844134.01458,6,-0.0035599278656037727,0.00393278035457012
2020-07-22,997367.9525799999,866374.9525799999,6,-0.003965405067060427,-0.0004069258280511301
2020-07-23,996932.3700799999,850514.11258,6,-0.004400405247109419,-0.0004367319993321406
2020-07-24,990587.52308,870894.52308,6,-0.01073676997108978,-0.006364370533470387
2020-07-27,991135.52308,870894.52308,6,-0.010189502579340023,0.0005532070485767537
2020-07-28,992204.52308,870894.52308,6,-0.009121931700178547,0.0010785608780099487
2020-07-29,994787.52133,855904.55808,5,-0.006542386599500229,0.0026032921539018705
2020-07-30,994542.18333,877636.91333,5,-0.0067873966129255855,-0.00024662351983661956
2020-07-31,994741.18333,892467.18333,5,-0.006588662651323028,0.00020009206581228511
2020-08-03,998942.50493,892467.18333,5,-0.0023929576988888576,0.004223532382499506
2020-08-04,998521.44493,897391.50493,5,-0.0028134547937249577,-0.0004215057402423561
2020-08-05,999109.14493,907895.44493,5,-0.0022265404759671,0.0005885702335026721
2020-08-06,997454.04493,907895.44493,5,-0.0038794278118886483,-0.0016565757689225302
2020-08-07,995050.18993,881399.98593,5,-0.006280069154944487,-0.0024099907281128763
2020-08-10,994742.94793,881052.94793,5,-0.006586900410375074,-0.0003087703546105214
2020-08-11,992356.54793,881052.94793,5,-0.008970110088607977,-0.0023990117295790148
2020-08-12,990882.34793,881052.94793,5,-0.010442339265464664,-0.0014855547666562385
2020-08-13,992091.18681,881052.94793,5,-0.009235116453597397,0.0012199620696899949
2020-08-14,991881.36801,888942.68681,5,-0.0094446547518019,-0.00021149144634036166
2020-08-17,994164.5580099999,891292.36801,5,-0.007164517094559028,0.002301878101189425
2020-08-18,995487.14801,891292.36801,5,-0.005843695233875896,0.0013303531989186101
2020-08-19,993103.2265100001,863652.76601,5,-0.008224429725556795,-0.002394728555527248
2020-08-20,993101.65231,884778.91351,5,-0.008226001821046047,-1.5851322984206107e-06
2020-08-21,993054.58349,885478.10231,5,-0.008273007715852914,-4.7395772517888624e-05
2020-08-24,992994.27699,873844.25749,5,-0.00833323359351811,-6.072828322090107e-05
2020-08-25,993394.0125500001,883307.85299,5,-0.007934032430542087,0.0004025557541094127
2020-08-26,990961.5525500001,883338.0025500001,5,-0.01036324053224937,-0.002448635656415843
2020-08-27,993166.9025500001,883338.0025500001,5,-0.008160838812549897,0.002225464746159922
2020-08-28,993292.8599100001,883338.0025500001,5,-0.008035049841967989,0.00012682396048102618
2020-08-31,994251.1987100001,883374.2399100001,5,-0.007077992222463234,0.0009648099152619327
2020-09-01,995979.74519,863236.6387100001,5,-0.0053517565954052625,0.0017385410067825013
2020-09-02,997484.77908,832072.14144,5,-0.0038487347496474734,0.001511108932956029
2020-09-03,995340.32326,842624.66158,4,-0.005990323697337258,-0.00214986320089805
2020-09-04,994396.32326,861830.32326,4,-0.006933061686044867,-0.0009484193274800212
2020-09-07,993774.9870099999,861830.32326,3,-0.007553567286295053,-0.0006248376381391418
2020-09-08,996245.9870099999,885481.9870099999,3,-0.005085870707802997,0.00248647836009086
2020-09-09,997908.9870099999,885481.9870099999,3,-0.0034250939332047406,0.0016692664479291963
2020-09-10,994832.66976,885481.9870099999,2,-0.006497298527369452,-0.003082763348206119
2020-09-11,994158.47026,919531.67976,2,-0.00717059670598986,-0.0006777014069739851
2020-09-14,994191.22226,957152.22226,2,-0.00713788849136472,3.294444596080304e-05
2020-09-15,994455.22226,957152.22226,2,-0.0068742414267261515,0.00026554247723087343
2020-09-16,994499.22226,957152.22226,2,-0.00683030024928639,4.424533052382884e-05
2020-09-17,994466.22226,957152.22226,2,-0.006863256132366212,-3.3182529720843235e-05
2020-09-18,994821.05276,895731.05276,5,-0.006508899996876642,0.000356804979452896
2020-09-21,994307.02901,834417.02901,5,-0.007022236560672068,-0.000516699710539692
2020-09-22,993204.76101,834417.02901,4,-0.008123030964630538,-0.001108579108705987
2020-09-23,993774.76101,847519.76101,4,-0.007553792984160901,0.00057389978620348
2020-09-24,990862.76101,847519.76101,4,-0.010461900000174204,-0.002930241453345528
2020-09-25,991537.76101,847519.76101,4,-0.009787802391723319,0.0006812245111642579
2020-09-28,990168.76101,847519.76101,4,-0.011154972207974078,-0.001380683675229366
2020-09-29,990264.65526,836780.04201,3,-0.01105920615673082,9.684636980700212e-05
2020-09-30,990193.93526,951064.93526,3,-0.01112983161283397,-7.14152520988609e-05
2020-10-09,991309.15006,933488.38626,5,-0.010016107717146557,0.0011262589683576074
2020-10-12,993004.1120600001,920016.54006,6,-0.00832341167179075,0.001709821804729117
2020-10-13,993750.3748600001,907479.1420600001,6,-0.007578146532893153,0.0007515203521684111
2020-10-14,993987.67486,910351.9748600001,6,-0.0073411637736556,0.00023879236275337057
2020-10-15,992174.6586600001,910351.9748600001,6,-0.009151756195141055,-0.0018239825762983441
2020-10-16,992784.7466600001,915145.4586600001,6,-0.008542483807371312,0.0006148998008312923
2020-10-19,992231.30004,916593.5466600001,6,-0.009095190537663559,-0.0005574688993379429
2020-10-20,992571.0304400001,920069.8800400001,6,-0.008755914315207053,0.0003423903277253171
2020-10-21,992112.6654400001,901326.1004400001,6,-0.009213666537870141,-0.000461795665945286
2020-10-22,992139.9010400001,930520.2654400001,6,-0.009186467348500163,2.7452124087057328e-05
2020-10-23,992279.7730400001,936221.0210400001,6,-0.009046782340071682,0.0001409801176763814
2020-10-26,992642.4882200002,936928.5930400002,4,-0.008684552065424466,0.000365537210225364
2020-10-27,992324.7482200002,919424.9282200001,4,-0.009001867286326952,-0.000320095103494622
2020-10-28,991893.0954200001,919424.9282200001,4,-0.009432943019899033,-0.00043499146904713015
2020-10-29,992158.3954200001,922759.6354200001,4,-0.009167997693199814,0.00026746834031299294
2020-10-30,992024.172,922759.6354200001,3,-0.009302041673081496,-0.00013528426571773888
2020-11-02,992011.2320000001,924153.532,3,-0.009314964373901224,-1.3044036995424335e-05
2020-11-03,991953.582,891852.582,5,-0.009372537302978571,-5.8114261351494e-05
2020-11-04,991376.777,856921.517,5,-0.009948571186004567,-0.0005814838622156815
2020-11-05,993634.5682,838639.263,6,-0.007693798373706138,0.0022774299866417103
2020-11-06,992116.7342,820819.7342,6,-0.009209603217299417,-0.0015275575634909888
2020-11-09,994741.2016999999,814027.9541999999,6,-0.006588644305881616,0.0026453212707031604
2020-11-10,991692.4516999999,851057.4516999999,6,-0.00963331850405145,-0.003064867520104486
2020-11-11,989750.4516999999,851057.4516999999,6,-0.011572722290142739,-0.0019582684093953917
2020-11-12,994944.6616999998,851057.4516999999,6,-0.006385456306747702,0.005247999625641375
2020-11-13,997293.0895799998,858732.0616999998,5,-0.004040167984484938,0.002360360299825448
2020-11-16,995643.0315799997,865219.0585799997,6,-0.005688020060937239,-0.001654536682586416
2020-11-17,995167.3775799997,878468.3775799997,6,-0.006163038170344771,-0.00047773547839247144
2020-11-18,1000715.1087799997,878468.3775799997,6,-0.0006227236010880176,0.005574671482389881
2020-11-19,1001448.2470999997,886381.9087799997,6,0.0,0.000732614420995148
2020-11-20,1001203.3670999997,896013.4270999997,6,-0.0002445258661235164,-0.0002445258661235572
2020-11-23,999768.6950999998,889337.7630999997,6,-0.0016771231113176005,-0.0014329476379563166
2020-11-24,1001594.0236599998,894434.0610999998,6,0.0,0.0018257508651213783
2020-11-25,999502.4161599999,882082.9016599999,6,-0.0020882787342887945,-0.00208827873428874
2020-11-26,999758.0751599999,890617.0751599999,6,-0.0018330266122106673,0.0002557862751169093
2020-11-27,998922.1751599999,890617.0751599999,6,-0.002667596288400925,-0.0008361022739088453
2020-11-30,996219.9010399999,877413.8901599998,6,-0.005365569774829463,-0.002705189840807254
2020-12-01,998073.4970399999,895388.4770399999,6,-0.0035149237483818865,0.0018606293631204807
2020-12-02,997005.6970399999,895388.4770399999,6,-0.00458102435878501,-0.0010698610905578443
2020-12-03,997950.4452,895388.4770399999,6,-0.003637779753003717,0.0009475855181217963
2020-12-04,1002158.14636,874796.3302,6,0.0,0.0042163427855947955
2020-12-07,1001946.447785,862859.1883599999,6,-0.00021124268237400373,-0.00021124268237404653
2020-12-08,1002800.067785,865360.935785,6,0.0,0.0008519617010340763
2020-12-09,1001537.987785,872775.067785,5,-0.0012585559580063248,-0.00125855595800628
2020-12-10,1001374.487785,888278.987785,5,-0.0014215994252461518,-0.0001632489251471858
2020-12-11,999947.987785,888278.987785,5,-0.0028441162816229917,-0.001424541984443195
2020-12-14,1001135.271985,888278.987785,5,-0.00166014727509661,0.0011873459564930577
2020-12-15,1001408.5364849999,880720.415985,5,-0.0013876457977048875,0.00027295462226417655
2020-12-16,1000373.736485,860370.848485,5,-0.002419556378131564,-0.001033344496574884
2020-12-17,1002571.377485,870111.427485,6,-0.00022805173967045214,0.0021968199682267375
2020-12-18,1002050.158485,853921.258485,6,-0.0007478153662836823,-0.0005198821866503334
2020-12-21,1004470.008485,853921.258485,6,0.0,0.002414899074172583
2020-12-22,1003255.942485,853921.258485,5,-0.0012086632649501567,-0.0012086632649501716
2020-12-23,1003485.842485,867097.842485,5,-0.0009797863467166576,0.00022915388812005943
2020-12-24,998627.822485,850089.856485,5,-0.00581618759211289,-0.004841144532711894
2020-12-25,996695.264285,814686.950485,6,-0.007740145683121269,-0.0019352136566663791
2020-12-28,996559.622785,814347.384285,6,-0.007875183562653989,-0.00013609124559987862
2020-12-29,996178.208785,838569.034785,5,-0.008254900225947161,-0.0003827307381109035
2020-12-30,997771.108785,853640.108785,6,-0.006669088816403409,0.001599011086523161
2020-12-31,998427.240785,838752.240785,6,-0.006015876680194783,0.0006575977137672773
2021-01-04,997476.240785,838752.240785,6,-0.006962644619472884,-0.0009524980500855706
2021-01-05,999399.128185,838752.240785,6,-0.0050483142922785286,0.0019277525833465425
2021-01-06,998965.002185,837374.384185,6,-0.005480508381034669,-0.0004343870109116965
2021-01-07,996978.7421849999,851333.5421849999,6,-0.007457929292780874,-0.001988317904687009
2021-01-08,1000299.5421849999,851333.5421849999,6,-0.004151907239410987,0.003330863397069228
2021-01-11,996370.695785,821606.855185,6,-0.008063269815507845,-0.003927669897176966
2021-01-12,999238.109385,844210.463785,6,-0.005208616539871701,0.002877858222978702
2021-01-13,996804.509385,855260.509385,6,-0.007631386736535386,-0.002435455550727328
2021-01-14,996047.909385,855260.509385,6,-0.008384619778446836,-0.0007590254587298562
2021-01-15,996576.695385,847135.397385,6,-0.007858186937711741,0.0005308841020774668
2021-01-18,999870.295385,866941.695385,6,-0.004579243841175115,0.00330491372641184
2021-01-19,997069.477785,853563.335385,6,-0.0073675974767647995,-0.002801180926093494
2021-01-20,998248.2217850001,867543.421785,6,-0.006194099024802143,0.0011822084882375794
2021-01-21,1001206.621785,867543.421785,6,-0.003248864249239319,0.0029635915551242675
2021-01-22,1007326.3151850001,867543.421785,6,0.0,0.006112318143771001
2021-01-25,1008411.818785,884153.415185,6,0.0,0.0010776086990247347
2021-01-26,1007245.4895850001,896611.6287850001,5,-0.0011566000896391607,-0.001156600089639137
2021-01-27,1008476.8595850001,911940.4895850001,5,0.0,0.0012225122998636984
2021-01-28,1005459.0895850002,911940.4895850001,5,-0.002992403813055016,-0.002992403813054989
2021-01-29,1002316.909985,898944.5115850001,5,-0.006108171487975382,-0.003125119293811429
2021-02-01,1003370.2503849999,919232.865985,5,-0.005063685052824722,0.001050905546446046
2021-02-02,1004560.6257850002,916286.850385,5,-0.0038833154799521176,0.0011863770124174167
2021-02-03,1001096.0569850001,909268.8057850001,5,-0.007318762478136804,-0.003448839931679215
2021-02-04,1000725.3653850001,922655.3189850001,5,-0.007686338190436801,-0.0003702857457219544
2021-02-05,999226.3792850001,918537.4913850002,5,-0.009172724403221921,-0.0014978995754977298
2021-02-08,1000095.0792850001,906593.3792850001,6,-0.00831132635353595,0.0008693725646249373
2021-02-09,1002931.1828450002,906593.3792850001,6,-0.0054990619638828585,0.002835833930937559
2021-02-10,1004228.4968450002,905437.4868450002,6,-0.00421265267479528,0.0012935224491872344
2021-02-18,1004900.7405850001,924698.8768450002,6,-0.003546059551105181,0.0006694131286972826
2021-02-19,1003935.633505,918570.7205850001,6,-0.004503054320818842,-0.0009604004067489402
2021-02-22,1004472.1604650002,929855.7035050001,6,-0.0039710371952886145,0.0005344236643209932
2021-02-23,1005300.195665,930371.1804650001,6,-0.003149962133298044,0.0008243485808669959
2021-02-24,1004152.6756650001,932958.375665,5,-0.0042878365317965085,-0.0011414699857298372
2021-02-25,1003829.560465,945408.4156650001,5,-0.004608235752590809,-0.0003217789563585427
2021-02-26,1002709.986405,931685.544465,5,-0.005718399113662604,-0.0011153029399546543
2021-03-01,1003481.535405,925403.415405,5,-0.004953335450905385,0.0007694637636612711
2021-03-02,1003809.935405,925403.415405,5,-0.0046276958520600885,0.0003272606305282366
2021-03-03,1004473.707905,901831.987905,6,-0.003969502762460479,0.0006612531681429168
2021-03-04,1003501.667905,877801.987905,6,-0.004933372176776963,-0.0009677107447911837
2021-03-05,1003741.9479050001,877801.987905,6,-0.004695111875892215,0.0002394415551911777
2021-03-08,1002858.778145,877801.987905,6,-0.005570858058470476,-0.0008798773049620845
2021-03-09,1004035.1176850001,880301.838145,5,-0.004404406365682849,0.0011729862325939866
2021-03-10,1002990.6245250001,914758.107685,4,-0.0054401199272511086,-0.0010402954454503677
2021-03-11,1003141.8745250001,914984.2145250001,4,-0.0052901412752250805,0.000150799016762182
2021-03-12,1003798.252005,915054.064525,3,-0.0046392810459977936,0.0006543216833718724
2021-03-15,1003813.234755,888612.202005,3,-0.004624424235097708,1.4926057073649801e-05
2021-03-16,1003589.584755,908291.584755,3,-0.00484619432121754,-0.000222800409734214
2021-03-17,1004367.584755,908291.584755,3,-0.00407473388302746,0.0007752172918273903
2021-03-18,1003246.584755,908291.584755,3,-0.0051863111982087965,-0.0011161252284674905
2021-03-19,1003716.584755,908291.584755,3,-0.004720261833235355,0.0004684790430806718
2021-03-22,1003838.584755,908291.584755,3,-0.004599287317220972,0.00012154825560628524
2021-03-23,1004956.584755,908291.584755,3,-0.003490684785220317,0.0011137248726824645
2021-03-24,1004584.584755,908291.584755,3,-0.003859557899624828,-0.00037016524459188016
2021-03-25,1004718.584755,908291.584755,3,-0.0037266842508877195,0.00013338846925736725
2021-03-26,1004447.6695049999,866862.2095049999,5,-0.003995322293917842,-0.00026964291704245635
2021-03-29,1005973.1962549998,842579.1962549998,5,-0.0024826185213912885,0.0015187717551794488
2021-03-30,1005492.1962549998,842579.1962549998,5,-0.002959575424693896,-0.0004781439523345865
2021-03-31,1003455.1962549998,842579.1962549998,5,-0.004979453204376663,-0.0020258735051220667
2021-04-01,1005325.1962549998,842579.1962549998,5,-0.003125171688418502,0.0018635610309050143
2021-04-02,1002960.4522549998,835593.2222549998,5,-0.00547003858102443,-0.0023522179776346297
2021-04-06,1004367.4522549998,889591.4522549998,5,-0.004074865269284787,0.0014028469386171416
2021-04-07,1006130.9107549998,872844.7272549998,5,-0.002326229707408087,0.0017557901702616174
2021-04-08,1007096.6107549998,895908.6107549998,5,-0.0013686470015467447,0.0009598154570913398
2021-04-09,1007751.9097549998,895908.6107549998,5,-0.0007188561870409342,0.0006506813676085965
2021-04-12,1008153.9097549998,904836.2097549998,5,-0.0003202352408296075,0.0003989077034820543
2021-04-13,1006769.8097549998,904836.2097549998,5,-0.001692701040956692,-0.0013729054528354157
2021-04-14,1007528.8817549999,904836.2097549998,4,-0.0009400095014478821,0.0007539677815575629
2021-04-15,1009105.9883549998,911681.4817549998,4,0.0,0.0015653214796709225
2021-04-16,1008839.4883549998,917361.7883549999,4,-0.00026409515261566983,-0.0002640951526157176
2021-04-19,1008892.3633549998,906420.8633549998,5,-0.00021169728697006552,5.241170732350753e-05
2021-04-20,1007536.7648749998,880495.9743549997,5,-0.0015550630935786272,-0.001343650253721962
2021-04-21,1006637.1848749997,911890.4848749997,5,-0.002446525447762582,-0.0008928507935009877
2021-04-22,1006389.5448749998,911890.4848749997,5,-0.0026919307895776567,-0.00024600720470169257
2021-04-23,1007437.9048749997,911890.4848749997,5,-0.0016530309989730445,0.001041703985637188
2021-04-26,1008504.2044349997,911890.4848749997,5,-0.000596353531685087,0.0010584270800615414
2021-04-27,1008688.2244349997,920648.1344349998,5,-0.00041399409459562934,0.0001824682526763155
2021-04-28,1008219.9419349998,913937.4354349998,5,-0.0008780508987409953,-0.0004642490004900246
2021-04-29,1008742.7864749997,908062.8559349998,5,-0.0003599244124912406,0.0005185818274895393
2021-04-30,1006482.8904749997,928085.6804749997,5,-0.002599427523243808,-0.0022403094528161693
2021-05-06,1009102.6086549998,928085.6804749997,3,-3.3492022037824324e-06,0.0026028442259597995
2021-05-07,1011021.5786549997,941609.4686549997,3,0.0,0.0019016599338275153
2021-05-10,1012917.2618949998,941609.4686549997,3,0.0,0.0018750175861943497
2021-05-11,1013020.7370949999,946138.7618949998,3,0.0,0.00010215562898641117
2021-05-12,1013971.7850949997,920629.2850949997,5,0.0,0.0009388238218370759
2021-05-13,1013308.4550949996,883752.4550949996,5,-0.000654189800693445,-0.0006541898006934277
2021-05-14,1014809.3752949997,847060.8100949996,6,0.0,0.0014812076149699482
2021-05-17,1015267.8002949996,819667.0002949996,6,0.0,0.0004517350855834934
2021-05-18,1017461.8002949996,819667.0002949996,6,0.0,0.0021610061890691146
2021-05-19,1014855.9962949996,819667.0002949996,6,-0.0025610828821725643,-0.002561082882172605
2021-05-20,1011720.0746149996,836190.8762949996,6,-0.005643185501740994,-0.0030900164076957948
2021-05-21,1011304.5596149996,823278.3786149996,6,-0.006051569383946243,-0.00041070154722211427
2021-05-24,996553.6900849995,823709.2736149996,6,-0.02054928273861293,-0.014585981433343553
2021-05-25,997705.3928849995,797491.3560849995,6,-0.01941734559889324,0.001155685650917393
2021-05-26,998645.9763849995,807271.9763849995,6,-0.01849290450466519,0.0009427467333620321
2021-05-27,993441.4886349995,787343.0723849995,6,-0.023608072217586696,-0.005211544304058235
2021-05-28,991150.9686349995,799541.9686349995,6,-0.025859282041224216,-0.002305641576483053
2021-05-31,991623.9686349995,799541.9686349995,6,-0.025394399723418417,0.00047722296094954153
2021-06-01,995209.1206349995,791008.4486349995,6,-0.021870776527972126,0.0036154349969323984
2021-06-02,992457.0206349995,815184.0206349995,6,-0.024575644660812142,-0.0027653484508300963
2021-06-03,992185.1018849995,795041.9086349995,6,-0.024842896708919614,-0.00027398541634171547
2021-06-04,987333.8818849995,853812.2698849995,6,-0.029610859494936286,-0.004889430400419781
2021-06-07,990210.5668849995,862102.5668849995,6,-0.026783544504667366,0.00291358886064752
2021-06-08,990602.3408849996,843842.3348849996,6,-0.026398494176599518,0.00039564716142392875
2021-06-09,989223.8448849996,867134.2448849996,6,-0.027753332264476988,-0.0013915735337032276
2021-06-10,991120.1448849996,857419.5448849996,6,-0.025889576790364605,0.0019169574306212578
2021-06-11,990800.1448849996,857419.5448849996,6,-0.026204084912347384,-0.0003228670122905619
2021-06-15,990357.4948849996,857419.5448849996,5,-0.0266391381004589,-0.00044676012845290547
2021-06-16,992456.7478849996,858910.1208849996,5,-0.024575912729844128,0.0021196921423245474
2021-06-17,992693.8000849995,863453.1768849996,5,-0.02434292884786331,0.0002388539354536423
2021-06-18,991784.9914849995,861121.3010849996,5,-0.025236140366700178,-0.0009154974070777477
2021-06-21,994053.2834849996,874983.4634849996,5,-0.02300677706348589,0.0022870803848358268
2021-06-22,998525.5984849995,851606.2784849996,6,-0.018611216464844,0.0044990696920397255
2021-06-23,996386.0405849995,820822.1917349995,6,-0.020714055017976588,-0.002142717125375837
2021-06-24,999229.8792849996,825764.6205849996,6,-0.017919022615604775,0.0028541534948947067
2021-06-25,998894.8792849996,832940.8792849996,6,-0.0182482733058055,-0.0003352581892764883
2021-06-28,998972.1364849996,823506.4592849995,6,-0.018172342003050356,7.734267299008835e-05
2021-06-29,995333.3652849996,833597.5994849995,5,-0.021748664179416042,-0.003642515208485575
2021-06-30,995863.1652849996,905568.1652849996,6,-0.02122795666995825,0.0005322839748753694
2021-07-01,995002.3882849996,891772.3882849996,6,-0.02207396091282067,-0.0008643526841899396
2021-07-02,995693.3882849996,891772.3882849996,6,-0.0213948199369141,0.000694470694880378
2021-07-05,998108.3422849997,891772.3882849996,5,-0.019021311664367806,0.0024253992528358026
2021-07-06,998031.1422849997,924143.7422849997,5,-0.019097186748796107,-7.734631274913806e-05
2021-07-07,997332.7422849997,924143.7422849997,5,-0.01978360072502355,-0.0006997777628472424
2021-07-08,996844.7242849997,912437.0522849998,5,-0.020263243302129193,-0.0004893231509495166
2021-07-09,996998.7242849997,926168.5242849997,5,-0.02011188626842498,0.00015448745050083978
2021-07-12,997253.5962849996,907616.9962849997,6,-0.01986138841196877,0.00025563924385441084
2021-07-13,997705.2762849997,907616.9962849997,6,-0.01941746019779002,0.0004529239119144268
2021-07-14,996360.4722849997,910665.8762849997,5,-0.02073918451177419,-0.0013478970513290944
2021-07-15,996196.1762849997,905607.5162849997,6,-0.02090066084430317,-0.00016489614408643494
2021-07-16,996535.4822849997,899775.4822849997,6,-0.020567178054186036,0.0003406015883993252
2021-07-19,994663.1612849997,890353.0742849996,5,-0.022407366058745166,-0.0018788302406521629
2021-07-20,993986.6402849997,897477.6402849997,5,-0.023072276524969845,-0.000680150855417172
2021-07-21,994515.8452849997,888668.8452849997,6,-0.022552153804051456,0.0005324065521123966
2021-07-22,995331.3242849997,879830.0202849997,6,-0.021750670151531416,0.0008199758745586205
2021-07-23,993054.3242849997,886160.3242849997,6,-0.023988592007015145,-0.002287680438105011
2021-07-26,990795.4922849997,886160.3242849997,4,-0.026208657663873352,-0.0022746308482433086
2021-07-27,988311.9026849997,917802.8922849997,3,-0.028649623604098198,-0.0025066621914803244
2021-07-28,987247.0446849997,926549.2986849997,3,-0.02969620638459302,-0.0010774513563046595
2021-07-29,987976.5306849998,934610.5306849998,3,-0.0289792399099907,0.0007389092769913841
2021-07-30,989157.3826849997,926949.8826849997,3,-0.02781865383230446,0.0011952227237435054
2021-08-02,989833.3166849997,915822.5836849997,5,-0.027154320291915987,0.0006833432291282193
2021-08-03,990265.6536849998,900749.1536849998,5,-0.026729403110873212,0.0004367775793281403
2021-08-04,991276.6536849998,900749.1536849998,5,-0.025735754012983864,0.0010209381656709482
2021-08-05,988145.1536849998,900749.1536849998,5,-0.028813510837949738,-0.0031590575530644482
2021-08-06,987720.1536849998,900749.1536849998,5,-0.02923121693745812,-0.0004300987546365098
2021-08-09,981503.8716849998,894443.8596849998,5,-0.03534081436725615,-0.006293566023542363
2021-08-10,981359.0170849997,898086.5826849997,5,-0.035483182955401746,-0.00014758433886907785
2021-08-11,981328.6986849996,912197.8170849996,5,-0.03551298102741911,-3.089430012082062e-05
2021-08-12,981685.6767249996,920932.9346849996,5,-0.03516212948695198,0.00036377010116828146
2021-08-13,983006.2087249997,928327.0767249996,5,-0.03386426061402009,0.001345167838656458
2021-08-16,983894.5087249996,933645.4087249996,5,-0.03299120572415358,0.0009036565508087069
2021-08-17,981953.3087249997,933645.4087249996,5,-0.03489909061913159,-0.0019729757436246498
2021-08-18,982646.4087249996,933645.4087249996,5,-0.03421788568367453,0.0007058380412199305
2021-08-19,983890.6187249997,933645.4087249996,4,-0.032995028963511336,0.0012661828191224966
2021-08-20,982758.6307249996,940172.3187249997,3,-0.03410758965097098,-0.001150522200798143
2021-08-23,983001.3467249996,940151.6467249996,5,-0.033869039171798544,0.0002469741729167474
2021-08-24,981798.0937249996,911895.4337249995,5,-0.03505164180086153,-0.0012240603779525294
2021-08-25,983067.2087249996,903383.1687249995,6,-0.03380430750326724,0.0012926435772397937
2021-08-26,984396.1287249996,906731.4487249996,6,-0.03249819458618795,0.0013518099151366147
2021-08-27,978689.6529249995,894185.9207249995,5,-0.038106735170557425,-0.005796930355050467
2021-08-30,977361.1019249996,888271.3219249996,6,-0.039412485420458374,-0.0013574793562282084
2021-08-31,975722.6331249996,873449.5019249996,6,-0.04102283462425647,-0.0016764211270254847
2021-09-01,975276.4836849996,861011.1091249996,6,-0.041461327194562886,-0.0004572502726221117
2021-09-02,977525.2463449996,883639.5936849996,6,-0.039251158066495366,0.0023057693870596196
2021-09-03,979263.1171449996,881309.6183449996,6,-0.03754311281163072,0.0017778270244148686
2021-09-06,983745.8851449996,882355.7601449996,6,-0.03313727860861659,0.004577695127607084
2021-09-07,986643.7399449996,882746.1851449995,6,-0.030289157136970404,0.002945735116922865
2021-09-08,985679.6741449996,876252.5889449995,6,-0.031236677525176098,-0.0009771164210231609
2021-09-09,984910.7251449997,891429.2751449996,6,-0.03199242973108393,-0.0007801205809249145
2021-09-10,983506.4113249996,879422.2851449996,6,-0.033372642550467305,-0.0014258285387168668
2021-09-13,983518.4113249996,884409.6113249996,6,-0.03336084849589295,1.2201242271414614e-05
2021-09-14,984699.9813249996,858479.7173249996,6,-0.03219955674060802,0.0012013704943338865
2021-09-15,986214.4173249996,849445.9173249996,6,-0.030711111671160793,0.0015379669226378567
2021-09-16,981354.2253249995,840295.7813249995,5,-0.03548789247864751,-0.004928129131576475
2021-09-17,981656.3693249995,860915.1853249995,5,-0.0351909339098714,0.0003078847496682524
2021-09-22,982208.2975749994,829991.2843249994,6,-0.034648477918069194,0.0005622418060400314
2021-09-23,979966.4720749995,807944.1355749995,6,-0.036851828942500706,-0.002282433884477242
2021-09-24,977466.6760749994,808162.5420749994,5,-0.03930872314656351,-0.0025508995167018433
2021-09-27,974775.6760749994,831605.6760749994,5,-0.04195353988486246,-0.0027530350301103734
2021-09-28,976941.6760749994,831605.6760749994,5,-0.03982471303419151,0.0022220497014466822
2021-09-29,974504.2680749993,831605.6760749994,4,-0.04222028994852221,-0.0024949370670649396
2021-09-30,974958.9800749994,840468.9800749994,5,-0.04177338176988767,0.0004666085258899777
2021-10-08,975984.0900749994,813664.2170749994,5,-0.04076586482949466,0.0010514391076443808
2021-10-11,975046.2475749993,857342.3600749994,5,-0.041687611965090424,-0.0009609198649210837
2021-10-12,972753.4615749994,878531.4615749994,5,-0.04394104889936668,-0.0023514638466659576
2021-10-13,970900.4220749994,865661.6095749994,5,-0.045762286315319485,-0.0019049425915171891
2021-10-14,971053.6180749994,879161.2500749994,5,-0.04561171948327176,0.00015778755114004284
2021-10-15,971075.3350749994,878645.3350749994,5,-0.04559037519300587,2.2364367523897144e-05
2021-10-18,972631.5870749993,864846.5550749993,5,-0.044060831774718555,0.0016026068666235016
2021-10-19,971610.2730749995,814778.1610749995,6,-0.045064617862514464,-0.0010500522639526055
2021-10-20,971372.4650749995,818723.9850749995,6,-0.04529834457336593,-0.0002447565722492051
2021-10-21,969330.8352749994,819902.4320749994,6,-0.047304935680185047,-0.002101799127940618
2021-10-22,969913.2352749994,822390.8352749994,6,-0.04673253089817636,0.0006008268578754361
2021-10-25,970346.7778749993,822390.8352749994,6,-0.04630642880778414,0.00044699111655788215
2021-10-26,969893.9168049993,795862.6948749993,6,-0.046751517822299166,-0.0004667002357566785
2021-10-27,968178.1038049995,835889.3038049995,6,-0.048437883835747896,-0.0017690728545365353
2021-10-28,963984.6425649994,835889.3038049995,5,-0.05255937639574794,-0.00433129113695041
2021-10-29,967797.7757649994,863677.9425649995,5,-0.04881168464074105,0.003955595381534227
2021-11-01,969375.5618449994,868935.7957649995,5,-0.04726097671289301,0.0016302848792484337
2021-11-02,967816.3418449995,872949.7018449995,5,-0.04879343719401171,-0.0016084787582557603
2021-11-03,966250.2643449995,872949.7018449995,4,-0.05033263748590076,-0.0016181556688891208
2021-11-04,965513.1555949996,897045.3643449994,3,-0.051057095887961826,-0.0007628549012606012
2021-11-05,965828.2355949995,925615.9355949995,3,-0.05074742332835457,0.00032633423809302897
2021-11-08,967052.8155949995,925615.9355949995,3,-0.04954385971579938,0.001267906605821656
2021-11-09,966896.2955949995,925615.9355949995,3,-0.04969769350096423,-0.00016185258703138583
2021-11-10,967996.5243949994,925615.9355949995,3,-0.04861634695834127,0.0011378974198290592
2021-11-11,967519.0693149994,910327.2683949994,5,-0.049085607897534814,-0.0004932404899887777
2021-11-12,968454.7453149994,898250.0573149994,5,-0.048165990080208713,0.0009670879155512235
2021-11-15,969264.5453149995,902053.4253149994,5,-0.04737008796401587,0.0008361774299909808
2021-11-16,969030.6653149994,902053.4253149994,5,-0.04759995408767016,-0.00024129635312730713
2021-11-17,971351.5253149995,902053.4253149994,5,-0.04531892496271706,0.002395032565089883
2021-11-18,971521.7253149995,902053.4253149994,5,-0.04515164595533752,0.00017521977941492572
2021-11-19,973986.0318149994,902053.4253149994,5,-0.042729632176259566,0.002536542864443936
2021-11-22,975086.5402349994,897612.4058149994,6,-0.04164801081250823,0.001129901645457121
2021-11-23,975811.3634749992,877904.2082349993,6,-0.04093562707506505,0.0007433424727871785
2021-11-24,974298.0627249994,843213.5427249992,6,-0.04242295637780748,-0.0015508127970663699
2021-11-25,972430.2411249994,840823.1917249993,6,-0.044258722201603984,-0.0019170946463508143
2021-11-26,972478.5711249993,847009.4811249994,6,-0.04421122164680581,4.9700223168747115e-05
2021-11-29,970752.7111249993,847009.4811249994,5,-0.04590746223244706,-0.0017747023443441812
2021-11-30,970080.5961049993,856444.7351249993,5,-0.04656804233462402,-0.0006923648137135974
2021-12-01,969881.4741049993,911861.8141049993,5,-0.04676374697920354,-0.0002052633572916518
2021-12-02,970398.5531049992,904802.7671049993,5,-0.04625554215043258,0.000533136278819013
2021-12-03,969530.9551049992,906265.6051049993,6,-0.04710825033048263,-0.0008940635754494108
2021-12-06,967202.2031049993,879018.3951049993,6,-0.04939703601199401,-0.0024019367176860706
2021-12-07,966577.9293249992,869116.2311049992,6,-0.05001059593121559,-0.000645442884637748
2021-12-08,966852.2843249992,869037.2843249992,6,-0.049740949444320025,0.00028384157311722724
2021-12-09,965877.2483249992,849443.7203249992,6,-0.05069925176065,-0.0010084642874693683
2021-12-10,966326.7513249993,846092.7513249993,6,-0.050257463184538644,0.0004653831537906328
2021-12-13,971069.6227249993,835891.5653249993,6,-0.04559598950697657,0.004908144572730366
2021-12-14,974010.8747249993,845996.0747249993,6,-0.042705215623232526,0.0030288786006364976
2021-12-15,969915.0562249993,835480.5747249993,6,-0.04673074119953674,-0.004205105513997887
2021-12-16,968921.8312249992,851566.3312249992,6,-0.04770692035408792,-0.0010240329744605203
2021-12-17,968491.3612249991,851566.3312249992,5,-0.04813000257680653,-0.00044427732571150624
2021-12-20,969559.0437249991,841230.5512249991,5,-0.04708064377071629,0.0011024181967400626
2021-12-21,970572.1477249991,869144.1477249991,5,-0.04608492678192485,0.00104491212428659
2021-12-22,971372.8328249991,859715.7337249991,5,-0.04529798313473549,0.000824961958651782
2021-12-23,971154.5678249992,863041.7378249991,6,-0.04551250224487467,-0.00022469745150799358
2021-12-24,968487.0318249993,851307.7318249992,6,-0.0481342576751292,-0.002746767701432118
2021-12-27,969259.8837849993,851307.7318249992,6,-0.04737466949228448,0.0007979992861066876
2021-12-28,970291.6881049993,843134.3197849992,6,-0.0463605731206066,0.0010645280355261466
2021-12-29,970449.9786049994,858243.8771049993,5,-0.046204999220973,0.0001631370256394149
2021-12-30,972058.4686049994,890876.2886049993,5,-0.04462411431744775,0.0016574682214041125
2021-12-31,972066.6188549993,828604.9826049993,6,-0.04461610394300658,8.38452651064081e-06
2022-01-04,973533.9418549993,818469.7218549993,6,-0.043173963314656165,0.001509488106615997
2022-01-05,973310.2818549994,818469.7218549993,6,-0.04339378483516442,-0.00022974032068545647
2022-01-06,973992.8118549993,818469.7218549993,6,-0.04272296849611167,0.000701246059683136
2022-01-07,973769.4018549992,818469.7218549993,6,-0.04294254430714975,-0.00022937540942891133
2022-01-10,973873.3786749993,818469.7218549993,5,-0.042840351949687334,0.00010677766194144844
2022-01-11,972828.2838149993,828431.3286749993,5,-0.04386751076753883,-0.0010731321780476089
2022-01-12,974214.5774149993,831258.0838149993,5,-0.04250500890299901,0.0014250136669171631
2022-01-13,975999.8402949993,832144.4974149993,5,-0.040750384916641555,0.001832515055088857
2022-01-14,972732.6460349992,832387.5602949993,4,-0.043961507200596446,-0.003347535650223721
2022-01-17,974030.7310349992,858212.7060349992,4,-0.042685700089583806,0.0013344725349675457
2022-01-18,972065.7808549992,865964.6510349992,3,-0.044616927561151126,-0.002017338999060203
2022-01-19,972800.7808549992,865989.6808549992,3,-0.04389454171847192,0.0007561216683849015
2022-01-20,970953.8808549992,865989.6808549992,3,-0.045709745001253195,-0.0018985387721180969
2022-01-21,970507.7808549992,865989.6808549992,3,-0.046148188980054794,-0.0004594450970288877
2022-01-24,969176.3654549993,858232.9368549993,3,-0.047456754470782715,-0.0013718750392984758
2022-01-25,965767.0134549993,864837.8914549993,3,-0.05080759476671467,-0.0035177828530716937
2022-01-26,965861.9754549994,944551.9754549994,3,-0.05071426251584046,9.832806326692811e-05
2022-01-27,965506.5034549993,944551.9754549994,3,-0.051063633863145094,-0.00036803602277912795
2022-01-28,965060.9034549993,949073.9034549993,3,-0.0515015864230061,-0.00046151941846628297
2022-02-07,965193.3471749993,949073.9034549993,3,-0.05137141571786357,0.00013723871677506772
2022-02-08,965602.5071749993,949665.8471749993,3,-0.050969277770393305,0.00042391506447647664
2022-02-09,966232.7171749993,938434.6371749993,5,-0.05034988350928469,0.0006526598629530422
2022-02-10,966842.1759749992,921868.0971749993,5,-0.04975088431361641,0.0006307577762236782
2022-02-11,965157.0919749993,914552.6659749993,3,-0.05140704870181393,-0.0017428739062821386
2022-02-14,964850.0919749993,927798.0919749993,3,-0.05170877993134116,-0.00031808293442858737
2022-02-15,965221.3983749993,927798.0919749993,3,-0.05134384593589057,0.0003848332534641674
2022-02-16,965876.6392149992,906336.0363749992,5,-0.05069985041703189,0.0006788503042960414
2022-02-17,964731.8792149991,898583.7992149992,5,-0.05182496390991005,-0.0011852031134435004
2022-02-18,965999.4592149992,898583.7992149992,5,-0.05057913826846331,0.0013139194705906743
2022-02-21,967594.3612949993,898583.7992149992,5,-0.049011608087440685,0.0016510382741787843
2022-02-22,966986.6072949993,879088.4272949992,5,-0.04960893174108915,-0.0006281082489841827
2022-02-23,959845.3312949992,869468.8222949993,5,-0.05662764831396644,-0.007385082633126316
2022-02-24,957975.1289749992,893162.9782949992,3,-0.058465753999563476,-0.0019484413363524133
2022-02-25,957858.9819749992,904877.7879749992,3,-0.05857990767095077,-0.00012124218728337688
2022-02-28,958978.3769749992,884096.3769749992,5,-0.05747972386092914,0.0011686427971808744
2022-03-01,959495.3149749992,862002.3149749992,5,-0.05697165761229938,0.0005390507360871766
2022-03-02,959047.3149749992,862002.3149749992,5,-0.05741196898307527,-0.00046691212870764165
2022-03-03,957949.3149749992,862002.3149749992,5,-0.058491124976628686,-0.001144886162398162
2022-03-04,957159.0709749992,862002.3149749992,4,-0.05926780671521664,-0.0008249329976508513
2022-03-07,956699.8709749993,880083.0709749992,3,-0.05971912587026189,-0.0004797530670970218
2022-03-08,955612.8709749993,890157.8709749993,3,-0.060787470647122144,-0.001136197498273095
2022-03-09,953313.9317249993,872405.1509749993,3,-0.06304695522859084,-0.002405722358735485
2022-03-10,953937.1807249993,922140.1807249993,3,-0.06243440250197325,0.0006537709974216988
2022-03-11,954183.8947249992,922140.1807249993,3,-0.06219192263695189,0.0002586270930464707
2022-03-14,952953.7867249992,918420.2507249992,3,-0.06340091937731439,-0.0012891728804064195
2022-03-15,951990.2267249993,921958.7267249993,3,-0.06434794264611972,-0.0010111298296126003
2022-03-16,952790.8588849993,921958.7267249993,3,-0.06356105103036776,0.0008410088019015216
2022-03-17,953986.6788849992,923180.1888849993,3,-0.06238575383527578,0.0012550708152252454
2022-03-18,954820.7107249992,923180.1888849993,2,-0.06156603574880006,0.0008742594194026676
2022-03-21,955702.8403249992,926447.7107249992,2,-0.060699045361795635,0.0009238693611182125
2022-03-22,955807.4403249992,930270.2403249992,2,-0.060596240519422535,0.00010944824644898432
2022-03-23,955405.8403249992,930270.2403249992,2,-0.0609909482125109,-0.0004201683132570855
2022-03-24,955173.6403249992,930270.2403249992,2,-0.06121916316852461,-0.00024303807889736184
2022-03-25,955975.2403249992,930270.2403249992,2,-0.06043132032295777,0.0008392191389696713
2022-03-28,956148.2403249992,930270.2403249992,2,-0.06026128936951083,0.00018096703000503034
2022-03-29,957150.5174449992,930270.2403249992,2,-0.05927621344851862,0.0010482444852477624
2022-03-30,956953.9024449992,927175.5024449992,3,-0.05946945411853,-0.0002054170127022692
2022-03-31,957039.7624449992,920143.4824449992,3,-0.05938506765805051,8.972219015013216e-05
2022-04-01,956412.1877649992,920143.4824449992,3,-0.06000187182683405,-0.0006557456697480202
2022-04-06,956468.6677649992,929581.8877649992,3,-0.05994636114330411,5.905403624351102e-05
2022-04-07,955802.8277649991,929581.8877649992,3,-0.06060077391811986,-0.000696144079194938
2022-04-08,955337.1510449991,929581.8877649992,3,-0.061058458638927046,-0.0004872100254075251
2022-04-11,954531.1310449991,930802.7910449991,3,-0.061850645627928816,-0.0008437021412999179
2022-04-12,954653.1130449992,930802.7910449991,2,-0.06173075709750467,0.0001277925842675387
2022-04-13,954589.9330449991,941874.5930449992,2,-0.0617928527948387,-6.618110718614734e-05
2022-04-14,954972.5760449992,935346.0760449992,3,-0.0614167767594641,0.0004008454172352849
2022-04-15,954893.7530449991,927997.7400449992,2,-0.06149424698977372,-8.253954299564104e-05
2022-04-18,954945.2330449991,940571.0330449991,2,-0.06144365049564975,5.391175702618156e-05
2022-04-19,955137.0950449992,940571.0330449991,2,-0.061255081254087615,0.0002009141397443237
2022-04-20,955696.6851249991,936693.0630449991,2,-0.06070509492552201,0.000585874093784966
2022-04-21,954752.0691249991,933232.0691249991,2,-0.06163349931350607,-0.0009884056465848667
2022-04-22,953458.0691249991,933232.0691249991,2,-0.06290529153177395,-0.0013553256828088278
2022-04-25,952044.317124999,928139.987124999,2,-0.06429478055199091,-0.0014827626361141322
2022-04-26,953074.483124999,935102.483124999,2,-0.06328229438327058,0.001082056771380957
2022-04-27,954130.483124999,935102.483124999,2,-0.06224441758072741,0.0011079931513195973
2022-04-28,954250.871124999,935102.483124999,2,-0.06212609569388593,0.00012617561447747505
2022-04-29,955236.895124999,938396.871124999,2,-0.06115699395491736,0.0010332964106571918
2022-05-05,955024.679124999,935680.111124999,3,-0.061365567878713306,-0.00022216059815427514
2022-05-06,954690.7191249989,934069.2391249989,3,-0.06169379641751766,-0.0003496872984539712
2022-05-09,953319.8999249989,934069.2391249989,2,-0.06304108945554875,-0.001435877790093576
2022-05-10,953646.1799249989,938624.6999249989,2,-0.06272040911167202,0.00034225657098496676
2022-05-11,955069.7833249989,932433.5199249989,3,-0.06132123776235231,0.001492800401205363
2022-05-12,955078.5481449988,929786.0033249989,3,-0.06131262336523452,9.17715140080766e-06
2022-05-13,955625.7081449989,932857.4281449988,3,-0.06077485379015918,0.0005728952881025595
2022-05-16,955716.6329449989,932857.4281449988,3,-0.060685489452378956,9.514687520972842e-05
2022-05-17,956043.5629449988,937370.9729449989,3,-0.060364170263879545,0.00034207838257716006
2022-05-18,955483.5029449989,937370.9729449989,3,-0.06091461844762223,-0.0005858101259264004
2022-05-19,955439.1529449989,937370.9729449989,3,-0.06095820730765326,-4.6416290666706495e-05
2022-05-20,956875.2583449988,937370.9729449989,3,-0.05954674851914296,0.0015030841007230844
2022-05-23,956939.3083449989,941914.1583449988,3,-0.0594837977528523,6.693662464507533e-05
2022-05-24,956398.1714049989,941914.1583449988,3,-0.06001564763639888,-0.0005654872104019493
2022-05-25,956766.871084999,943374.6914049989,3,-0.059653275624109894,0.0003855085580710682
2022-05-26,957167.6869249989,943808.9710849989,3,-0.05925933863317449,0.0004189273814898531
2022-05-27,957493.252004999,943925.8069249989,3,-0.05893936093975573,0.0003401337972930296
2022-05-30,957368.1117849989,947311.4620049989,3,-0.059062353488433014,-0.00013069566781598319
2022-05-31,957315.762184999,904540.612284999,5,-0.05911380465837844,-5.46807433374763e-05
2022-06-01,957547.3241849989,860303.044184999,5,-0.05888621675293297,0.0002418867516307266
2022-06-02,956187.304184999,855783.534184999,5,-0.06022289592811732,-0.0014203162242215628
2022-06-06,956343.840184999,853580.420184999,5,-0.06006904641754631,0.00016370851120384167
2022-06-07,957464.320184999,853580.420184999,5,-0.05896779622842362,0.0011716288147820553
2022-06-08,956308.780184999,853580.420184999,5,-0.060103504713661104,-0.0012068752596198218
2022-06-09,955169.220184999,853580.420184999,5,-0.06122350744955698,-0.0011916234835567252
2022-06-10,954155.4496849992,811221.1181849991,5,-0.06221987949979605,-0.0010613517255125826
2022-06-13,954262.6396849992,851801.4196849993,5,-0.06211452910731057,0.00011234018527628287
2022-06-14,956525.3906849993,841280.9146849993,5,-0.05989061170879596,0.002371203593118709
2022-06-15,957124.7978849992,839286.1406849993,5,-0.05930149160637432,0.0006266505895580199
2022-06-16,957731.2406249992,839886.8858849992,5,-0.058705456708725935,0.0006336088473939405
2022-06-17,956518.9366249992,838986.7366249992,5,-0.05989695500345161,-0.0012658081396706988
2022-06-20,957675.3366249992,838986.7366249992,5,-0.05876040127763631,0.0012089671785069367
2022-06-21,958035.7016249993,830773.5366249993,5,-0.058406220904578934,0.0003762914071381296
2022-06-22,956407.2766249992,854872.0766249993,5,-0.060006698681265895,-0.001699753983320229
2022-06-23,957516.6471249993,844136.3566249993,5,-0.05891636732958425,0.001159935235870213
2022-06-24,957596.9671249993,864352.7671249993,5,-0.05883742579096663,8.388365908951201e-05
2022-06-27,956069.2331249993,852221.6531249994,5,-0.06033894063855795,-0.0015953830812420744
2022-06-28,956111.4851249993,855570.8851249993,5,-0.06029741377240167,4.419345224815352e-05
2022-06-29,954188.5534449993,842640.9731249993,5,-0.06218734387045794,-0.0020112002731027534
2022-06-30,955953.9534449993,846752.0814449993,5,-0.06045224187499416,0.0018501584342278665
2022-07-01,957782.3154449993,840367.0754449993,5,-0.05865525844085456,0.0019126046745359115
2022-07-04,958144.1586449993,861095.5154449992,5,-0.05829962523684131,0.00037779273449189965
2022-07-05,957747.3586449992,864661.7586449992,5,-0.058689615308100004,-0.0004141339238149522
2022-07-06,958416.9586449992,864661.7586449992,5,-0.05803150706285106,0.0006991405342504642
2022-07-07,959068.5586449992,864661.7586449992,5,-0.05739108989946364,0.0006798711084172737
2022-07-08,958838.5586449993,864661.7586449992,5,-0.057617142612138655,-0.00023981601516043227
2022-07-11,958544.3045649993,864661.7586449992,4,-0.057906346668659174,-0.0003068859479491426
2022-07-12,957319.5245649993,885896.2245649992,3,-0.05911010684879067,-0.001277750015484025
2022-07-13,959144.4856449992,898795.3645649992,3,-0.057316465967658034,0.001906323889956374
2022-07-14,960549.0832449994,902971.4456449993,3,-0.05593597423854057,0.0014644275403987717
2022-07-15,960362.4176449993,898440.7952449993,3,-0.05611943626133685,-0.00019433218276510011
2022-07-18,960436.0976449994,913165.0776449994,3,-0.05604702076625027,7.67210363987747e-05
2022-07-19,960285.8176449994,913165.0776449994,3,-0.05619472164303646,-0.00015647058702661365
2022-07-20,960055.0283949994,867873.6563949994,5,-0.05642155006050923,-0.00024033391492328526
2022-07-21,960058.6573949994,831429.3573949994,5,-0.05641798334183841,3.779991659458304e-06
2022-07-22,957590.8173949993,831429.3573949994,5,-0.05884346997856971,-0.0025705096047946574
2022-07-25,956697.3057149993,831429.3573949994,5,-0.05972164710496495,-0.0009330829658859008
2022-07-26,955908.3857149994,832907.2257149994,5,-0.060497027566198174,-0.0008246286419822946
2022-07-27,956039.3457149994,832907.2257149994,5,-0.06036831511727676,0.00013700057657928255
2022-07-28,957819.9961549994,825968.2987149993,5,-0.05861822441167609,0.001862528407414299
2022-07-29,958137.7731549994,807002.2751549993,5,-0.05830590113830321,0.0003317711065500273
2022-08-01,957894.5171549994,812794.5211549994,5,-0.05854498234993141,-0.00025388415613647464
2022-08-02,952525.8906549994,816162.4451549994,4,-0.06382147184412515,-0.005604611367799772
2022-08-03,951368.8906549994,863856.8906549994,4,-0.06495861527266913,-0.0012146651459566948
2022-08-04,953621.8906549994,863856.8906549994,4,-0.06274428152633413,0.0023681665672805607
2022-08-05,955692.8906549994,863856.8906549994,4,-0.06070882427437681,0.0021717202806423863
2022-08-08,956756.7026549993,840738.8056549993,5,-0.05966326954230581,0.001113131645533949
2022-08-09,957876.8316549994,830516.2316549994,5,-0.058562364329279325,0.0011707563656380149
2022-08-10,959597.5148549994,833451.8616549994,5,-0.056871211698781475,0.0017963512041803131
2022-08-11,960047.9908549994,833167.9908549994,6,-0.05642846682141171,0.0004694426496800741
2022-08-12,961001.1583949993,816326.1758549993,6,-0.055491657655973185,0.0009928332219633074
2022-08-15,962263.5309949993,825136.1493949994,6,-0.054250950044509055,0.0013136015383252708
2022-08-16,964987.3913949995,832126.3309949994,6,-0.051573836860298726,0.0028306802785964535
2022-08-17,964991.5713949994,837440.4713949994,6,-0.051569728597955396,4.331662814660575e-06
2022-08-18,965250.9539949994,826014.0613949994,6,-0.05131479755295222,0.00026879260678414063
2022-08-19,965403.5870949994,850585.7429949994,6,-0.051164783960347834,0.00015812789344393785
2022-08-22,965418.5537949994,866661.4570949994,5,-0.05115007412063135,1.550304991626561e-05
2022-08-23,965073.2537949994,871398.6037949994,5,-0.05148944804100832,-0.00035766870094067205
2022-08-24,964826.4037949994,871398.6037949994,5,-0.051732061571981694,-0.0002557836920973333
2022-08-25,962867.7037949995,871398.6037949994,5,-0.05365714612988052,-0.0020301061333889425
2022-08-26,961816.7773949995,871398.6037949994,3,-0.05469003640614965,-0.0010914546160992744
2022-08-29,962686.1773949995,880035.7523949995,3,-0.053835557152237666,0.0009039143633517988
2022-08-30,962026.4493949995,895943.6493949995,3,-0.054483962821923464,-0.0006852991301746769
2022-08-31,960703.8493949994,895943.6493949995,3,-0.05578386420359364,-0.0013748062756817614
2022-09-01,960787.2493949995,895943.6493949995,3,-0.05570189552430185,8.681135196098033e-05
2022-09-02,961331.6493949995,895943.6493949995,3,-0.05516683858177863,0.000566618676864028
2022-09-05,961721.0493949995,895943.6493949995,3,-0.054784121510840805,0.00040506312285160107
2022-09-06,961917.3993949995,874862.5993949994,5,-0.054591141292867955,0.000204165230784481
2022-09-07,962730.8703949994,838521.3043949994,5,-0.053791631178813505,0.000845676562781339
2022-09-08,960983.1153949994,832329.3153949993,5,-0.05550939099986356,-0.0018154138957681143
2022-09-09,961829.3153949993,832329.3153949993,5,-0.05467771358479539,0.0008805565742455723
2022-09-13,961028.6365949993,813615.6253949994,5,-0.05546465104010609,-0.0008324541446017575
2022-09-14,960068.0935949994,813202.0935949994,5,-0.056408709087023876,-0.0009994946700061513
2022-09-15,957142.0935949994,813202.0935949994,5,-0.05928449272740393,-0.003047700490746985
2022-09-16,953767.7418449994,813202.0935949994,3,-0.06260093345178462,-0.003525444939242006
2022-09-19,953031.5758449993,838890.1818449993,3,-0.06332446528343338,-0.0007718503863173298
2022-09-20,953994.1058449993,863262.1058449993,3,-0.06237845433764558,0.001009966536676954
2022-09-21,954276.1058449993,863262.1058449993,3,-0.062101294055148255,0.000295599310595529
2022-09-22,953949.6658449993,857569.4238449993,3,-0.062422131653086,-0.00034208128863399967
2022-09-23,952909.1878449993,887449.1878449993,3,-0.06344475284603725,-0.001090705345630938
2022-09-26,952789.1878449993,887449.1878449993,3,-0.06356269339178079,-0.00012593015318840273
2022-09-27,955025.1878449993,887449.1878449993,3,-0.06136506788942611,0.0023467940532126974
2022-09-28,954693.6988449993,879302.0538449993,3,-0.0616908678358259,-0.00034709974586943915
2022-09-29,954077.3438449993,893263.3438449993,3,-0.062296644878090564,-0.000645604973349756
2022-09-30,953737.3438449993,893263.3438449993,3,-0.06263080975769726,-0.00035636523830429034
2022-10-10,953120.9638449993,890555.6438449994,3,-0.06323661137090898,-0.0006462785629375301
2022-10-11,954125.7982449994,900370.9638449993,3,-0.062249022058259884,0.001054256949659882
2022-10-12,954208.1889449994,901346.7982449994,3,-0.06216804535724162,8.635203046769568e-05
2022-10-13,954153.8167449994,902005.1189449994,3,-0.062221484415085584,-5.698148541366521e-05
2022-10-14,954534.2588449994,880231.2567449994,5,-0.06184757150760377,0.00039872198100909806
2022-10-17,954535.5652449995,870574.5988449994,5,-0.061846287528195654,1.3686255762035415e-06
2022-10-18,954541.8652449995,870661.2152449995,5,-0.061840095649544076,6.6000683782707625e-06
2022-10-19,954101.6152449995,870661.2152449995,5,-0.062272790026740694,-0.0004612160199877202
2022-10-20,954641.5652449995,870661.2152449995,5,-0.06174210671278886,0.0005659250454799203
2022-10-21,953550.3152449995,870661.2152449995,5,-0.06281462855064421,-0.0011430991900294174
2022-10-24,952611.7152449995,870661.2152449995,5,-0.06373712018593493,-0.0009843214196398886
2022-10-25,952598.0717649995,870661.2152449995,3,-0.06375052951491024,-1.4322183720438808e-05
2022-10-26,952593.2383849996,901526.0717649995,3,-0.06375527994386843,-5.073892277551728e-06
2022-10-27,952709.6367649996,885122.3493849996,3,-0.06364087920669452,0.00012219106257504997
2022-10-28,951818.8417649996,869312.8417649996,3,-0.06451638627707473,-0.0009350120599438405
2022-10-31,951366.8417649996,869312.8417649996,3,-0.06496062899937541,-0.00047488028201025934
2022-11-01,952741.8417649996,869312.8417649996,3,-0.06360922691273065,0.0014452889670288904
2022-11-02,952823.6537649996,849094.6537649996,5,-0.06352881897999418,8.587006092697358e-05
2022-11-03,954211.7037649996,839389.9637649996,5,-0.062164590858999766,0.0014567753377188186
2022-11-04,954240.0777649996,841577.7417649996,5,-0.06213670381695875,2.9735539700537217e-05
2022-11-07,956166.5527649996,842344.5527649996,5,-0.06024329120978134,0.002018857774777283
2022-11-08,955968.5527649996,842344.5527649996,5,-0.06043789311025819,-0.0002070768941115908
2022-11-09,956292.5527649996,842344.5527649996,5,-0.06011945363675062,0.0003389232826360722
2022-11-10,955378.5527649996,842344.5527649996,5,-0.06101776746016394,-0.0009557744618603481
2022-11-11,954471.2427649995,816312.0527649996,5,-0.061909506098152114,-0.0009496863807274547
2022-11-14,955211.3427649995,797147.3427649995,5,-0.06118210778227884,0.0007754031413833573
2022-11-15,957097.3427649995,797147.3427649995,5,-0.05932847553834282,0.001974432165493978
2022-11-16,956697.3427649995,797147.3427649995,5,-0.0597216106908213,-0.0004179303213238672
2022-11-17,957299.5323649994,797147.3427649995,5,-0.059129755940278986,0.0006294462972580295
2022-11-18,956964.1323649994,803185.4323649994,5,-0.05945939976563221,-0.0003503605597419135
2022-11-21,957782.6323649994,803185.4323649994,5,-0.05865494695987313,0.000855308963332968
2022-11-22,957190.3323649995,803185.4323649994,5,-0.05923708183690556,-0.0006184075383967036
2022-11-23,956303.3023649994,781533.8123649994,5,-0.06010888852266305,-0.000926701795878393
2022-11-24,954970.7383649994,810722.0263649994,5,-0.061418582900981386,-0.0013934533078621136
2022-11-25,953748.0395149995,800224.9521149995,6,-0.06262029764805634,-0.0012803521625105452
2022-11-28,953248.0045149995,778776.0045149995,6,-0.0631117509879803,-0.0005242841707483459
2022-11-29,956393.0045149995,778776.0045149995,6,-0.06002072585161828,0.0032992463504815106
2022-11-30,957932.0045149995,778776.0045149995,6,-0.05850813835245734,0.0016091711176624557
2022-12-01,956770.0045149995,778776.0045149995,6,-0.05965019597040732,-0.0012130297291699232
2022-12-02,958498.4855149995,778776.0045149995,5,-0.05795137936667941,0.0018065794201775898
2022-12-05,960813.4855149995,800291.4855149995,5,-0.05567610967171023,0.002415235949753347
2022-12-06,961009.4855149995,800291.4855149995,5,-0.05548347344699578,0.00020399380624325225
2022-12-07,959452.4855149995,800291.4855149995,5,-0.05701375202801825,-0.0016201713130495898
2022-12-08,957922.1115149994,770569.8035149995,5,-0.058517861567616056,-0.0015950492839451602
2022-12-09,957963.9415149995,788020.9415149995,5,-0.058476749459045546,4.366743339279111e-05
2022-12-12,957094.9415149995,788020.9415149995,5,-0.05933083557780504,-0.0009071322649427671
2022-12-13,956297.9415149995,788020.9415149995,5,-0.060114157369118404,-0.0008327282544596804
2022-12-14,956271.9415149995,788020.9415149995,5,-0.0601397111540295,-2.718817940650098e-05
2022-12-15,955727.9415149995,788020.9415149995,5,-0.06067437496140023,-0.0005688758358194379
2022-12-16,957967.3655149995,788020.9415149995,5,-0.05847338422214033,0.0023431605404882205
2022-12-19,952427.3595149997,738413.0765149996,5,-0.06391831198099435,-0.005783084267198979
2022-12-20,952162.9325149996,780320.9325149996,5,-0.06417820085340543,-0.00027763482155185315
2022-12-21,949671.9325149996,780320.9325149996,5,-0.06662645001546515,-0.002616148891052106
2022-12-22,948285.9325149996,780320.9325149996,5,-0.06798866331880307,-0.001459451366883635
2022-12-23,947266.9325149996,780320.9325149996,5,-0.06899017511974198,-0.0010745704065201478
2022-12-26,949047.9325149996,780320.9325149996,5,-0.06723974085333156,0.0018801458584345454
2022-12-27,950410.9325149996,780320.9325149996,5,-0.06590013282126116,0.001436176143799095
2022-12-28,947504.5280149996,738411.0845149996,5,-0.0687566572619403,-0.0030580503659707325
2022-12-29,948502.8638149995,828635.1750149995,5,-0.0677754550195461,0.001053647524082324
2022-12-30,947029.0130549995,830681.6638149995,5,-0.06922401137770384,-0.0015538706483941844
2023-01-03,951755.8246949995,827666.4050549995,6,-0.06457832184063278,0.004991200454093736
2023-01-04,949953.7746949996,822628.7446949995,6,-0.06634944484444232,-0.0018933952945099364
2023-01-05,950035.4646949995,822628.7446949995,6,-0.06626915681792744,8.599365798200864e-05
2023-01-06,948235.1451149996,814540.6696949996,6,-0.06803857909941056,-0.0018950024992780978
2023-01-09,948840.1191149997,792659.8951149996,6,-0.06744398773507174,0.0006379999761838562
2023-01-10,947524.3701149996,772200.8371149997,6,-0.06873715569441781,-0.0013866919974118153
2023-01-11,946892.3701149996,808770.3701149996,6,-0.0693583092353338,-0.0006670013140910314
2023-01-12,948285.4871149996,783860.4951149996,6,-0.06798910107479543,0.0014712516902324335
2023-01-13,948615.2221149995,795200.2221149995,6,-0.06766502502603922,0.00034771701610991634
2023-01-16,946473.8166149994,767274.3341149995,6,-0.0697696794704412,-0.0022574015787198976
2023-01-17,946210.7156149994,807507.0236149994,6,-0.07002826509982182,-0.0002779802202463877
2023-01-18,946117.6356149995,805018.6356149995,6,-0.07011974764980353,-9.837132307199958e-05
2023-01-19,945615.6356149995,805018.6356149995,6,-0.07061313226616402,-0.0005305894120383181
2023-01-20,947351.8676149994,793049.6836149994,6,-0.06890669768601902,0.0018360863913493564
2023-01-30,949822.6606149994,786199.6606149994,6,-0.0664783087290247,0.0026081048493842296
2023-01-31,947263.1901149994,780849.3206149994,6,-0.06899385329222879,-0.0026946824982494455
2023-02-01,947646.9041149995,799556.9041149995,6,-0.06861672463748344,0.00040507643916098957
2023-02-02,948162.9041149995,799556.9041149995,6,-0.0681095802907862,0.0005445066065845605
2023-02-03,945620.9041149995,799556.9041149995,6,-0.07060795418478692,-0.0026809739011807165
2023-02-06,945297.1791149995,799556.9041149995,5,-0.07092612337787714,-0.00034234120522425027
2023-02-07,945673.2191149995,781757.4466149996,6,-0.07055653702103208,0.0003978008274097
2023-02-08,945686.6528649995,765372.6528649995,6,-0.0705433338226456,1.4205488458873816e-05
2023-02-09,949380.3088649996,745355.6608649995,6,-0.06691306878573793,0.0039057926733025994
2023-02-10,949220.9738649996,733899.3338649996,6,-0.06706966925953828,-0.00016783052956981237
2023-02-13,951336.9738649996,738564.9738649996,6,-0.06498998430292714,0.0022291964234462114
2023-02-14,951176.9738649996,738564.9738649996,6,-0.06514723836391853,-0.00016818435990140213
2023-02-15,950203.9738649996,738564.9738649996,6,-0.06610353962232243,-0.0010229431816944912
2023-02-16,944402.6818649996,728406.8308649996,5,-0.07180526915980286,-0.00610531229037381
2023-02-17,943248.6088649996,795987.6088649996,5,-0.07293953582186857,-0.0012220136835284778
2023-02-20,948532.1081149995,761205.8718649995,6,-0.06774671261369702,0.00560138567960089
2023-02-21,947916.7871149995,779932.2871149995,6,-0.06835147340159253,-0.000648708667567166
2023-02-22,948458.2871149995,779932.2871149995,6,-0.0678192666889248,0.0005712526746657343
2023-02-23,946421.1273649995,761433.8121149995,6,-0.06982146446127295,-0.002147864358059026
2023-02-24,946057.8093649995,770997.3093649995,6,-0.07017854715459336,-0.0003838861892395684
2023-02-27,945702.6413649996,770997.3093649995,5,-0.070527619719182,-0.000375418918890702
2023-02-28,946670.4413649996,769838.4413649996,6,-0.06957642921776028,0.0010233660747771545
2023-03-01,946742.5523649997,742328.9693649997,6,-0.06950555579530932,7.61732878191701e-05
2023-03-02,944034.0378649996,733736.2573649996,6,-0.07216758644767853,-0.002860877535539208
2023-03-03,943436.8438649996,769887.8438649996,6,-0.07275453133330162,-0.0006325979530893422
2023-03-06,944543.3438649996,769887.8438649996,6,-0.07166702121775803,0.001172839503985168
2023-03-07,939320.3938649996,769887.8438649996,5,-0.07680033432935163,-0.00552960330928598
2023-03-08,940587.3938649996,802015.3938649996,5,-0.07555507873387605,0.00134884753729958
2023-03-09,939987.1533649996,788869.2658649996,5,-0.07614501783510427,-0.0006381549486152993
2023-03-10,937700.4958649996,788975.2973649995,5,-0.07839243144742562,-0.0024326476078041503
2023-03-13,936672.9946149996,775222.7358649996,5,-0.07940229859890204,-0.001095766990132696
2023-03-14,935376.9533649996,798056.9533649996,5,-0.08067609703499491,-0.0013836645846000417
2023-03-15,937192.0881649996,798056.9533649996,5,-0.07889211379407743,0.0019405382968546991
2023-03-16,935943.0881649996,804771.0881649996,5,-0.08011967830769148,-0.0013327043791476756
2023-03-17,936271.2881649996,804771.0881649996,5,-0.07979711091508293,0.00035066234704861365
2023-03-20,935206.5361649996,794300.6331649997,5,-0.08084358951476232,-0.001137225944508824
2023-03-21,938039.3361649996,818378.3361649996,5,-0.0780594063649097,0.0030290635174734515
2023-03-22,937629.9059149995,792383.3771649996,6,-0.07846180992431742,-0.0004364744997518155
2023-03-23,937626.3567149994,788996.9019149995,6,-0.07846529821252549,-3.785288819946331e-06
2023-03-24,937439.8437149995,797174.7367149994,5,-0.07864861025426095,-0.0001989203894111613
2023-03-27,937543.8437149995,825419.0437149995,5,-0.07854639511461654,0.00011094045201653913
2023-03-28,938525.2437149994,825419.0437149995,5,-0.07758183801801069,0.0010467777124012478
2023-03-29,936055.7605149994,825419.0437149995,5,-0.0800089396539483,-0.002631237909195727
2023-03-30,935486.9335349995,802465.5230149995,6,-0.08056800435773863,-0.0006076849307427024
2023-03-31,937228.6760349994,736976.7365349995,6,-0.07885615384944934,0.001861856577107135
2023-04-03,938413.9710349995,755089.0985349994,6,-0.07769120102305685,0.0012646806807219413
2023-04-04,940951.6040349995,755096.3710349995,6,-0.07519711918208329,0.0027041722292360237
2023-04-06,940792.2890349994,758218.6040349995,6,-0.07535369999912613,-0.00016931263979669264
2023-04-07,941256.6390349995,760466.5890349995,6,-0.07489731922899258,0.0004935733481366
2023-04-10,940122.6550349995,735031.1890349995,6,-0.07601184166086301,-0.0012047553801720623
2023-04-11,946112.5842349995,743818.1150349994,6,-0.0701247123374198,0.006371433735715026
2023-04-12,948026.3482349995,762705.3842349994,6,-0.06824379258255028,0.002022765611502164
2023-04-13,951321.0368849994,739122.8332349993,6,-0.06500564777058324,0.003475313377242939
2023-04-14,950785.2812849993,773248.7668849993,6,-0.06553220866932626,-0.0005631701383943533
2023-04-17,953142.2860049993,777019.0012849993,6,-0.06321565514435207,0.0024790084221901765
2023-04-18,949573.3453449993,780753.0260049993,6,-0.06672334522074137,-0.003744394422955266
2023-04-19,950913.2143449993,783679.2943449992,6,-0.06540647121170097,0.0014110221254295396
2023-04-20,949716.1911849992,771542.1743449993,6,-0.06658295091801823,-0.001258814308122358
2023-04-21,945526.2711849993,785561.2061849992,5,-0.07070096301319971,-0.0044117601014803665
2023-04-24,945857.3511849992,822338.2711849993,5,-0.07037556504749332,0.00035015420521844476
2023-04-25,942518.8611849992,822338.2711849993,4,-0.07365675948548797,-0.0035295914292122754
2023-04-26,940489.7971849992,872824.4211849993,3,-0.07565100044805946,-0.0021528099686503044
2023-04-27,939632.2739349991,857969.8171849991,5,-0.07649380678216601,-0.0009117836818290925
2023-04-28,940669.9859349991,891560.2259349991,6,-0.0754739041187942,0.0011043809677313554
2023-05-04,940742.884934999,874208.896934999,6,-0.07540225622009292,7.749689167302343e-05
2023-05-05,939162.304934999,878022.234934999,6,-0.07695571011835406,-0.0016801402650090669
2023-05-08,939897.2888349991,878022.234934999,6,-0.07623334009936464,0.0007825951873685622
2023-05-09,939854.5888349991,880575.1588349991,6,-0.07627530727689168,-4.5430495977827334e-05
2023-05-10,940943.674834999,880575.1588349991,6,-0.07520491230021134,0.0011587813827136362
2023-05-11,942924.4828349991,863291.662834999,5,-0.0732580991624348,0.002105129194207578
2023-05-12,943213.096034999,857800.012834999,4,-0.07297443917646164,0.0003060830482757293
2023-05-15,943471.238794999,854722.736034999,5,-0.07272072669317714,0.0002736844527340132
2023-05-16,941621.2975749989,848491.582794999,5,-0.07453891900217947,-0.0019607817853173337
2023-05-17,942637.457574999,852396.357574999,5,-0.07354019846082313,0.001079159958060627
2023-05-18,941409.712494999,819923.370074999,5,-0.07474687283389927,-0.0013024573446914767
2023-05-19,942866.2890949992,820079.5574949991,5,-0.07331529417455518,0.0015472292038922753
2023-05-22,945611.1802949992,821306.2890949992,5,-0.07061751112343316,0.0029112200019736356
2023-05-23,942655.5415749992,834713.8002949991,5,-0.07352242482057932,-0.0031256385093478833
2023-05-24,942535.6017349991,834802.9715749992,5,-0.07364030623879604,-0.00012723612678255947
2023-05-25,942264.4168149991,834842.8017349992,4,-0.07390683705098124,-0.0002877184898913976
2023-05-26,942170.8168149991,834860.2168149991,4,-0.07399883067666117,-9.933517421401028e-05
2023-05-29,943918.2818649992,822647.0208149991,3,-0.07228135582945466,0.0018547221149423088
2023-05-30,944378.2818649991,891015.4818649992,3,-0.07182925040410452,0.00048733032174252955
2023-05-31,942348.9154149992,883138.6178649992,3,-0.07382378862599302,-0.002148891486568494
2023-06-01,942157.3704149992,901627.3704149992,3,-0.07401204630794679,-0.00020326335274201135
2023-06-02,941848.1704149992,901627.3704149992,3,-0.0743159397808126,-0.0003281829657223456
2023-06-05,942389.3704149992,901627.3704149992,3,-0.07378402791950928,0.0005746149082197505
2023-06-06,941882.7704149992,901627.3704149992,3,-0.07428193359012324,-0.0005375697306272409
2023-06-07,941707.2224149992,890060.8204149992,3,-0.07445446881449154,-0.00018637988241654302
2023-06-08,940343.5024149992,889693.5024149992,3,-0.07579478448983638,-0.001448135861698896
2023-06-09,940769.0984149992,858004.8604149992,5,-0.07537649261895078,0.00045259631071736806
2023-06-12,940786.7064149992,843107.5064149993,5,-0.07535918680953868,1.8716601161372637e-05
2023-06-13,939034.5144149992,825252.6744149992,5,-0.07708130748226763,-0.0018624752965281655
2023-06-14,937615.6344149992,817404.6344149992,5,-0.07847583649513928,-0.0015109987739736486
2023-06-15,939210.6344149992,817404.6344149992,5,-0.07690821007463136,0.001701123511016478
2023-06-16,939723.5739149991,807351.5964149991,5,-0.07640407370326954,0.0005461389396634875
2023-06-19,939558.5739149991,827316.5739149991,5,-0.07656624195366692,-0.00017558354880109484
2023-06-20,938296.4459149991,827316.5739149991,3,-0.07780670916298534,-0.001343320187842001
2023-06-21,937742.4459149991,868654.4459149991,3,-0.07835120134916802,-0.000590431736592345
2023-06-26,937568.9379149991,863464.2659149991,3,-0.07852173158425864,-0.00018502735026648676
2023-06-27,937606.098914999,889903.098914999,3,-0.07848520834575555,3.963548545304896e-05
2023-06-28,936965.098914999,889903.098914999,3,-0.07911520742760231,-0.0006836559625004179
2023-06-29,938048.8789149991,882963.1709149991,3,-0.07805002738871947,0.0011566919635053186
2023-06-30,938791.546914999,882237.546914999,3,-0.07732010514516731,0.0007917156735572917
2023-07-03,938000.3839149991,859041.3839149991,5,-0.07809769011176808,-0.0008427461906743705
2023-07-04,937760.2409149992,834864.2409149992,5,-0.0783337117490721,-0.00025601588668611175
2023-07-05,937271.3647149992,817842.2409149992,5,-0.07881419779764728,-0.0005213232323892925
2023-07-06,938120.2847149991,821826.5847149992,5,-0.07797984706354229,0.0009057355553139246
2023-07-07,936500.6847149992,821826.5847149992,5,-0.07957165129592761,-0.0017264310626137203
2023-07-10,934184.1439149992,821826.5847149992,3,-0.0818484353475041,-0.002473613567837263
2023-07-11,935348.4889149992,825472.4889149992,5,-0.08070407297472275,0.0012463763248222737
2023-07-12,933565.7909149992,790915.9769149992,3,-0.08245617609985542,-0.0019059185117922262
2023-07-13,936827.7699149991,814488.7699149991,5,-0.07925017957098901,0.003494107251726497
2023-07-14,936288.5709149991,791256.5709149991,5,-0.07978012477369213,-0.0005755583014462884
2023-07-17,935538.5709149991,791256.5709149991,5,-0.08051725318458929,-0.0008010350903536745
2023-07-18,935848.9809149991,791256.5709149991,4,-0.08021217047788713,0.0003317981851849172
2023-07-19,935455.9809149991,825219.9809149991,4,-0.08059842576519724,-0.0004199395500925629
2023-07-20,934330.5064149991,819945.7169149992,3,-0.08170458473811759,-0.0012031293005354549
2023-07-21,932939.6064149992,884126.3064149992,3,-0.08307161394707328,-0.0014886595165738425
2023-07-24,932458.4164649992,866266.4744149992,3,-0.08354454565798422,-0.0005157782419047408
2023-07-25,934364.1384649992,855030.1384649992,5,-0.0816715298853553,0.0020437608437540167
2023-07-26,932086.3154649992,821413.3154649992,5,-0.08391026061641522,-0.002437832217899616
2023-07-27,932823.4962649992,821413.3154649992,5,-0.08318573140088474,0.0007908932764797427
2023-07-28,933445.5137649991,797689.6137649991,6,-0.08257438903911783,0.0006668115699171029
2023-07-31,932757.949284999,768763.501264999,6,-0.08325015345582684,-0.000736587695651103
2023-08-01,933173.079284999,775091.799284999,6,-0.08284214796620587,0.00044505651259063583
2023-08-02,932249.2002849991,726819.534284999,6,-0.08375017124504748,-0.0009900403478290132
2023-08-03,930870.265784999,680684.852284999,6,-0.0851054403073359,-0.0014791479569824517
2023-08-04,929981.9317849991,708866.1517849991,6,-0.08597852861369035,-0.0009543048399454079
2023-08-07,931873.371784999,708866.1517849991,6,-0.08411954973168069,0.0020338459655548924
2023-08-08,931460.899284999,695687.991784999,6,-0.08452494332963241,-0.0004426271985966679
2023-08-09,934689.679284999,734661.249284999,6,-0.08135157603558374,0.003466361285243913
2023-08-10,933084.2167849989,711382.186784999,6,-0.08292948539742383,-0.0017176422673547131
2023-08-11,930056.6482849988,743359.5692849989,5,-0.08590509440714021,-0.0032446894348204802
2023-08-14,930480.4157849989,787256.5782849989,3,-0.08548859965532032,0.0004556362247196688
2023-08-15,929925.7337449988,840090.6957849988,3,-0.08603376217625161,-0.0005961243574720276
2023-08-16,930991.0697449988,828889.0697449988,3,-0.08498670959924957,0.0011456140650174529
2023-08-17,931452.5529949989,816836.0337449989,3,-0.08453314637961198,0.0004956903078849884
2023-08-18,929601.6729949989,834419.6729949989,3,-0.0863522613571604,-0.0019870899425297184
2023-08-21,928895.4379949988,828098.3629949988,3,-0.0870463758681871,-0.0007597178668200533
2023-08-22,928744.9909949987,866837.9909949987,3,-0.08719424087889946,-0.00016196333176610178
2023-08-23,927040.9909949987,866837.9909949987,3,-0.08886899662845778,-0.0018347339867474943
2023-08-24,927639.1274949986,851451.6249949987,3,-0.08828112541813175,0.0006452104122796065
2023-08-25,926661.1274949986,876505.1274949986,3,-0.08924234086594163,-0.001054289293123012
2023-08-28,927271.6754949986,857709.3554949986,3,-0.08864227116325311,0.0006588686866044746
2023-08-29,928754.8354949986,834839.8354949986,5,-0.08718456533137814,0.0015994880887613139
2023-08-30,928058.5434949986,808511.5434949986,5,-0.087868907485352,-0.0007497048450131327
2023-08-31,926772.5434949986,808511.5434949986,5,-0.08913283700057031,-0.0013856884449950924
2023-09-01,926329.9394949985,808511.5434949986,4,-0.08956784497813931,-0.0004775756501491646
2023-09-04,926957.4994949986,802274.9604949986,5,-0.08895105523741578,0.0006774691967121882
2023-09-05,926238.1954949986,797268.0954949986,5,-0.08965801445671173,-0.0007759837968751571
2023-09-06,926507.9954949986,797268.0954949986,5,-0.08939284479636496,0.00029128576354575664
2023-09-07,926407.0699949986,797268.0954949986,4,-0.08949203820094363,-0.00010893106210707604
2023-09-08,926296.4697949985,834661.7699949986,3,-0.0896007402671716,-0.00011938617869211576
2023-09-11,926481.3757949986,826717.3757949986,5,-0.08941900764591107,0.00019961859515782443
2023-09-12,925700.4617949986,818790.4617949986,5,-0.0901865195070675,-0.0008428814873152612
2023-09-13,927620.9815949986,818790.4617949986,3,-0.08829895989604016,0.00207466656792632
2023-09-14,925229.8310949986,850884.1095949986,3,-0.09064907318708136,-0.002577723604190729
2023-09-15,924049.9910949987,873883.5910949986,3,-0.09180866463283184,-0.0012751858623101242
2023-09-18,924161.9910949987,873883.5910949986,3,-0.09169858679013787,0.00012120556363770518
2023-09-19,923479.5910949986,873883.5910949986,3,-0.09236927536026618,-0.000738398686134567
2023-09-20,923234.4118949986,857887.6210949987,3,-0.09261024676570756,-0.0002654949847991084
2023-09-21,923090.3168949987,852113.3168949987,3,-0.0927518687901985,-0.0001560762880407074
2023-09-22,924301.3643949988,804892.3643949988,5,-0.09156160543127045,0.001311949088658837
2023-09-25,924001.3668949987,756033.3668949987,5,-0.09185645433853466,-0.00032456676096803694
2023-09-26,924379.3668949987,756033.3668949987,5,-0.09148494161944251,0.0004090903039140059
2023-09-27,925364.3668949987,756033.3668949987,5,-0.09051684630646425,0.0010655798206624656
2023-09-28,926669.3668949987,756033.3668949987,5,-0.08923424287150322,0.0014102552969257331
2023-10-09,925739.3668949987,756033.3668949987,5,-0.09014828210101569,-0.0010035941979135155
2023-10-10,925703.3668949987,756033.3668949987,5,-0.09018366426473876,-3.8887835267065185e-05
2023-10-11,923619.1063949987,749757.1018949987,3,-0.09223215443841964,-0.002251542529213224
2023-10-12,926830.1327949987,849115.7853949987,5,-0.08907623605497864,0.003476569916935901
2023-10-13,928182.0006549986,854587.9307949987,5,-0.08774756911179912,0.0014585929094936834
2023-10-16,926312.9006549986,860171.8006549986,5,-0.0895845913955429,-0.0020137214454503116
2023-10-17,925055.0606549986,860171.8006549986,5,-0.09082084419602668,-0.001357899689306441
2023-10-18,924001.8206549986,860171.8006549986,5,-0.09185600836601775,-0.0011385700644178653
2023-10-19,923335.3406549987,860171.8006549986,5,-0.09251105015707736,-0.0007212972800503259
2023-10-20,922222.0118949987,860171.8006549986,4,-0.0936052718366305,-0.0012057685988821065
2023-10-23,921156.0978149986,865800.9798949986,3,-0.09465289257255502,-0.0011558107117936034
2023-10-24,921499.1178149986,888943.6978149986,3,-0.09431575952254709,0.0003723798830770342
2023-10-25,922134.8178149986,888943.6978149986,3,-0.09369096948147071,0.0006898541601507713
2023-10-26,922312.1978149986,888943.6978149986,3,-0.09351663369810412,0.00019235798993078035
2023-10-27,922332.8538149986,869470.2538149987,5,-0.09349633219883006,2.2395887259163416e-05
2023-10-30,922754.8878149986,844369.1878149987,5,-0.09308154119647732,0.0004575723376374352
2023-10-31,923753.3878149986,844369.1878149987,5,-0.09210017757210293,0.0010820858422808666
2023-11-01,923443.7658149987,844369.1878149987,5,-0.09240448580255463,-0.00033517820241213414
2023-11-02,923601.5497349986,849085.7258149986,3,-0.09224940978893503,0.0001708646761622301
2023-11-03,924349.1597349986,843525.1597349986,5,-0.09151463036057397,0.0008094507855844757
2023-11-06,923737.2522349987,807203.8897349987,5,-0.09211603623136189,-0.000661987403304698
2023-11-07,924318.3002349988,819227.9002349988,5,-0.09154496024616854,0.0006290186940001163
2023-11-08,924415.2110349988,819227.9002349988,5,-0.09144971264083154,0.00010484570085367295
2023-11-09,921367.2110349988,826852.2110349988,5,-0.09444540250271755,-0.0032972196515322905
2023-11-10,920192.2110349988,826852.2110349988,5,-0.09560023701312306,-0.0012752787226714135
2023-11-13,920298.2110349988,826852.2110349988,5,-0.09549605619771627,0.00011519332453469033
2023-11-14,921658.6806849987,786234.9772849987,5,-0.09415893508947856,0.0014782921814766592
2023-11-15,922854.3819349987,794178.1819349987,5,-0.092983754606385,0.0012973362862607196
2023-11-16,921419.0386849988,769786.7306849987,5,-0.09439446432500417,-0.0015553301561946897
2023-11-17,921887.4836849987,768965.7836849988,5,-0.09393405883374727,0.0005083951821405197
2023-11-20,921504.0836849988,768965.7836849988,5,-0.0943108788773978,-0.0004158858936530452
2023-11-21,921356.4836849987,768965.7836849988,5,-0.09445594574866245,-0.00016017292013492668
2023-11-22,921533.9684849988,768965.7836849988,5,-0.09428150696388583,0.00019263423348392372
2023-11-23,923686.3642349987,756473.8484849988,5,-0.09216605088546023,0.002335666208309606
2023-11-24,923355.7329549988,780929.0342349987,5,-0.09249100783215247,-0.0003579475596932058
2023-11-27,924054.3439549988,781633.2529549988,5,-0.0918043864771322,0.0007566000567995612
2023-11-28,923446.1012349988,781837.3339549988,4,-0.09240219046331,-0.0006582326288264717
2023-11-29,924386.2012349988,781928.5012349988,4,-0.09147822457119748,0.001018034510885668
2023-11-30,926073.5012349988,781928.5012349988,4,-0.08981988221425509,0.0018253193283779279
2023-12-01,924465.5583849988,776396.9802349989,3,-0.09140022935803366,-0.0017363015439439966
2023-12-04,925325.6103849988,831138.6103849988,3,-0.09055493767263507,0.0009303234633235569
2023-12-05,922266.5988849988,825695.1773849989,3,-0.09356145005384989,-0.003305875754078924
2023-12-06,922048.3588849988,847523.3588849988,3,-0.09377594459304213,-0.00023663439645738027
2023-12-07,921533.3588849988,847523.3588849988,3,-0.09428210610185818,-0.0005585390343547658
2023-12-08,920332.2023849989,840647.4948849989,3,-0.09546264821130314,-0.001303432467657184
2023-12-11,920840.534384999,876997.534384999,3,-0.09496304026547886,0.0005523353400900266
2023-12-12,920948.697634999,842689.697634999,5,-0.09485673332602558,0.00011746143437552092
2023-12-13,921233.2011349989,808661.2011349989,5,-0.09457711250889268,0.000308924374105235
2023-12-14,920485.2471349989,808661.2011349989,3,-0.09531223003348493,-0.0008119051713274539
2023-12-15,920213.6471349989,841856.6471349989,3,-0.09557916880201779,-0.00029506176317906085
2023-12-18,919797.447134999,841856.6471349989,3,-0.0959882259281716,-0.0004522862721019205
2023-12-19,919300.8471349989,841856.6471349989,3,-0.09647630321997372,-0.000539901476729332
2023-12-20,917689.012934999,822127.9431349989,3,-0.0980604749299412,-0.0017533261336842854
2023-12-21,918358.9069349989,795905.3499349989,3,-0.0974020777303552,0.000729979318219609
2023-12-22,918904.1469349989,854288.1469349989,3,-0.0968661952040118,0.0005937112341183326
2023-12-25,918272.1469349989,854288.1469349989,3,-0.09748734874492779,-0.0006877757621488456
2023-12-26,917772.1469349989,854288.1469349989,3,-0.09797876768552588,-0.000544500888618793
2023-12-27,919310.1469349989,854288.1469349989,3,-0.09646716302424614,0.001675797206459384
2023-12-28,919010.4169349988,827521.4169349988,5,-0.09676174902237716,-0.0003260379546548009
2023-12-29,920942.3319349989,818422.3319349989,5,-0.094862989777126,0.0021021687724098737
2024-01-02,919132.1779349989,812955.8759349989,5,-0.09664207769912478,-0.001965545438873062
2024-01-03,917969.8179349989,812419.8179349989,5,-0.09778448913871197,-0.001264627686750619
2024-01-04,917238.8179349989,812419.8179349989,5,-0.09850294362986639,-0.0007963224778396727
2024-01-05,913982.7679349988,812419.8179349989,3,-0.1017031129129353,-0.0035498388602114295
2024-01-08,914113.7679349988,868460.7679349988,3,-0.1015743611504986,0.00014332874163036635
2024-01-09,914295.3999349988,863919.2359349988,3,-0.10139584634046118,0.00019869736828304063
2024-01-10,913090.9619349987,864558.1859349988,3,-0.10257961363241344,-0.0013173401070220025
2024-01-11,914046.6479349987,877590.4319349987,3,-0.1016403292290846,0.0010466492823175688
2024-01-12,912827.5549349987,881852.5549349987,3,-0.1028385000101857,-0.0013337317113455427
2024-01-15,911001.5549349987,881852.5549349987,3,-0.10463316198124994,-0.002000377826160249
2024-01-16,912173.5549349987,881852.5549349987,3,-0.103481275984488,0.0012864961576093403
2024-01-17,911843.5549349987,881852.5549349987,3,-0.10380561248528275,-0.0003617732592823275
2024-01-18,912037.3349349988,875901.6149349988,3,-0.10361515816066452,0.00021251452505333113
2024-01-19,912118.1629349987,863135.9829349987,3,-0.10353571734040322,8.86235649615319e-05
2024-01-22,910246.1339349988,858471.1339349988,3,-0.10537561835630102,-0.002052397459092581
2024-01-23,909845.1339349988,858471.1339349988,3,-0.10576973634666069,-0.0004405401847371593
2024-01-24,909682.1339349988,858471.1339349988,3,-0.10592993892129568,-0.00017915136754653727
2024-01-25,911129.7129349988,844025.7129349988,5,-0.10450720344407155,0.0015913020009947765
2024-01-26,911831.7129349988,844025.7129349988,5,-0.10381725125147181,0.0007704720744301508
2024-01-29,907527.3969349988,836402.1069349988,5,-0.10804769606891068,-0.004720515791390101
2024-01-30,907483.6246849988,849599.3129349988,4,-0.1080907170943559,-4.82324281866342e-05
2024-01-31,907713.6246849988,876954.6246849988,4,-0.10786466438168078,0.00025344809949578995
2024-02-01,906884.6246849988,876954.6246849988,4,-0.10867943698519242,-0.0009132836364417196
2024-02-02,905360.6246849988,876954.6246849988,4,-0.11017728191613542,-0.0016804783745554275
2024-02-05,903659.4426849987,873009.6886849988,3,-0.11184926802854454,-0.0018790103673792524
2024-02-06,904591.3626849988,880507.3626849988,3,-0.11093334175030016,0.0010312734598678652
2024-02-07,903770.6426849989,875582.4526849989,3,-0.11173997645615535,-0.0009072825961590203
2024-02-08,903240.6326849989,882419.6326849989,3,-0.11226089036156815,-0.0005864430365046802
2024-02-19,905161.7406849989,882419.6326849989,3,-0.1103727526452991,0.002126906087350555
2024-02-20,906121.996684999,880521.1646849989,4,-0.1094289766728531,0.0010608667565570329
2024-02-21,906463.913384999,876460.021684999,4,-0.10909292798787945,0.00037734069060335607
2024-02-22,906713.5517849991,881504.043384999,4,-0.1088475739117582,0.0002753980564629277
2024-02-23,908442.477584999,882517.8017849991,4,-0.10714832014174079,0.0019068048520907155
2024-02-26,908544.504384999,885658.597584999,4,-0.10704804433780357,0.00011230958758257081
2024-02-27,909146.126524999,864278.3818849991,5,-0.10645674730844527,0.0006621823555106321
2024-02-28,908661.6430249991,844594.309024999,5,-0.10693291604505975,-0.0005328994821237609
2024-02-29,911200.1430249991,847870.733024999,5,-0.10443798208364323,0.0027936691501020405
2024-03-01,911498.9630249991,850590.2730249991,5,-0.10414429046798411,0.0003279411249959008
2024-03-04,911121.0213849992,850590.2730249991,5,-0.1045157458286575,-0.0004146374876233816
2024-03-05,911305.5236249991,851693.8613849991,5,-0.10433441003802,0.00020250025591495024
2024-03-06,911178.7354449993,839784.9036249992,5,-0.10445902226421173,-0.0001391280714457821
2024-03-07,910142.3904049993,827748.2804449992,5,-0.10547758142751355,-0.0011373674556769409
2024-03-08,910347.3163649992,828626.5204049993,5,-0.10527617243118516,0.00022515813147516717
2024-03-11,911208.3878049992,818522.6313649992,5,-0.10442987880153691,0.0009458713443988298
2024-03-12,910902.6121849993,822780.8478049992,5,-0.10473040666401914,-0.00033557155980157294
2024-03-13,909810.8115249992,815187.3921849992,5,-0.1058034697113822,-0.0011985920837147557
2024-03-14,908926.2996649992,794271.6775249992,5,-0.10667280147375748,-0.0009721931733448486
2024-03-15,910326.3556649992,781458.3556649992,5,-0.10529677340116148,0.0015403405100238299
2024-03-18,913346.3556649992,781458.3556649992,5,-0.10232860299994899,0.0033174915580620468
2024-03-19,912237.3556649992,781458.3556649992,5,-0.10341857021019556,-0.0012142162643136167
2024-03-20,913848.3556649992,781458.3556649992,5,-0.1018352183835885,0.0017659877552653747
2024-03-21,914552.3364649992,781458.3556649992,5,-0.10114331938571368,0.0007703475041958008
2024-03-22,912596.1364649992,787151.5364649992,5,-0.10306594684890974,-0.002138969987831807
2024-03-25,910780.3364649992,787151.5364649992,3,-0.10485058387358571,-0.0019897081824535867
2024-03-26,912961.8916649992,811214.7764649992,3,-0.10270646878310523,0.002395259441444697
2024-03-27,909404.0436649992,816762.1236649991,3,-0.10620325657304333,-0.003897038893388438
2024-03-28,910882.4436649992,863137.5436649992,3,-0.10475022904948286,0.0016256800377112413
2024-03-29,910784.6536649992,840715.1536649992,5,-0.10484634076588507,-0.0001073574319937487
2024-04-01,912698.2676649992,830914.3676649992,5,-0.10296556843669764,0.002101060873500371
2024-04-02,911952.9676649992,830914.3676649992,5,-0.10369807750955322,-0.0008165896949785534
2024-04-03,909775.8676649992,830914.3676649992,5,-0.10583781386070543,-0.0023872941666874814
2024-04-08,906254.9596649993,830914.3676649992,4,-0.10929829561931208,-0.003870082868912106
2024-04-09,906785.7592849992,850474.1596649992,3,-0.1087766056454516,0.0005857067201002764
2024-04-10,906113.3692849992,869645.9092849992,3,-0.10943745600838911,-0.0007415092188149952
2024-04-11,905881.1482849992,853348.6382849992,3,-0.10966569160399839,-0.00025628250048148615
2024-04-12,906540.1614049992,859913.8022849992,3,-0.10901798854545708,0.0007274829830024032
2024-04-15,904648.3614049992,846102.3614049992,5,-0.11087732124910409,-0.0020868352893136377
2024-04-16,900116.3324049992,833050.3324049992,5,-0.11533157102898375,-0.005009713379639957
2024-04-17,905795.3324049992,833050.3324049992,5,-0.10975003470167059,0.006309184485994601
2024-04-18,905089.3324049992,833050.3324049992,5,-0.1104439182457951,-0.0007794255222374202
2024-04-19,902606.3324049992,833050.3324049992,5,-0.11288430470480525,-0.002743375610672838
2024-04-22,900672.3201549991,833050.3324049992,3,-0.11478512520680274,-0.0021426974092313422
2024-04-23,902037.6811549992,856960.8891549992,3,-0.1134431966944948,0.00151593534013017
2024-04-24,902928.4591549992,849745.9191549992,3,-0.11256770633235857,0.00098751750465631
2024-04-25,902222.7391549991,818173.7391549991,5,-0.11326131468187643,-0.0007815901612632237
2024-04-26,905386.9103549991,784930.5191549992,5,-0.11015144736392644,0.0035070842960169823
2024-04-29,907595.3719149991,790418.9103549991,5,-0.10798088768359283,0.002439246177232679
2024-04-30,907831.4919149991,802204.4919149991,5,-0.1077488200030848,0.0002601599868252702
2024-05-06,908371.451914999,802204.4919149991,5,-0.10721812686075415,0.0005947799837400236
2024-05-07,908296.6519149991,802204.4919149991,5,-0.10729164313426755,-8.234516820426752e-05
2024-05-08,907730.1719149991,802204.4919149991,5,-0.10784840113720755,-0.0006236728923371126
2024-05-09,908877.6374149991,796727.0249149991,5,-0.10672062857644188,0.0012641041748995274
2024-05-10,907649.2416149992,806848.9324149992,6,-0.10792794250178402,-0.0013515524526421796
2024-05-13,905534.8325749992,789837.0686149993,6,-0.11000606380263975,-0.002329544214941248
2024-05-14,906658.8025749993,789856.0025749992,6,-0.10890138350931157,0.0012412222694999642
2024-05-15,904390.0025749992,789856.0025749992,6,-0.11113124609416954,-0.00250237464584957
2024-05-16,903839.4805749992,771824.9945749992,6,-0.11167231997020143,-0.0006087218992166799
2024-05-17,904962.4805749992,807528.4805749992,6,-0.1105685930296181,0.0012424772585566402
2024-05-20,906326.6805749992,807528.4805749992,6,-0.1092278055920903,0.001507465811326325
2024-05-21,903340.9689749992,760056.9865749992,6,-0.11216227605489723,-0.003294299576512283
2024-05-22,902078.9709749991,739940.8509749991,6,-0.11340261549529108,-0.0013970339476930826
2024-05-23,897970.0959749991,748280.0959749991,6,-0.11744097349439109,-0.004554895006097959
2024-05-24,896505.2639749991,748280.0959749991,5,-0.11888066587357951,-0.0016312703580730892
2024-05-27,895445.831974999,748709.831974999,5,-0.11992191577573098,-0.0011817353924979956
2024-05-28,893131.817724999,738559.255974999,5,-0.12219621663825879,-0.0025842034965936067
2024-05-29,892894.505724999,764560.505724999,5,-0.12242945586152125,-0.0002657076987857554
2024-05-30,892141.4784749991,747647.6197249991,5,-0.12316955956839418,-0.0008433552286095658
2024-05-31,892994.0989749989,770183.885474999,5,-0.12233157184270989,0.0009557009965026619
2024-06-03,890358.9189749989,784726.9189749989,5,-0.12492152657048053,-0.0029509489514262244
2024-06-04,891139.9189749989,784726.9189749989,5,-0.1241539301852663,0.0008771743432403056
2024-06-05,888419.0339749989,784726.9189749989,4,-0.1268281190336448,-0.0030532635134666863
2024-06-06,884316.0299749989,811726.0339749989,3,-0.13086070679154427,-0.004618320683250299
2024-06-07,885134.0299749989,833900.0299749989,3,-0.13005674540472578,0.0009250086759402532
2024-06-11,884558.463474999,821738.8909749989,3,-0.13062243396407325,-0.0006502591477769437
2024-06-12,884460.891474999,833711.877474999,3,-0.13071833142181724,-0.00011030588031069044
2024-06-13,884650.430474999,845188.430474999,3,-0.13053204531265322,0.00021429890436852617
2024-06-14,885000.430474999,845188.430474999,3,-0.13018805205423453,0.00039563649995866257
2024-06-17,884906.430474999,845188.430474999,3,-0.13028043881506698,-0.00010621463760140948
2024-06-18,885586.430474999,845188.430474999,3,-0.12961210905585357,0.0007684428280569922
2024-06-19,885382.430474999,845188.430474999,3,-0.1298126079836176,-0.00023035583312924768
2024-06-20,883618.4944749989,826555.826474999,3,-0.13154627110442338,-0.001992287105871071
2024-06-21,883668.7854749989,831426.7854749989,3,-0.1314968432045402,5.691483407654907e-05
2024-06-24,882645.689474999,825551.9214749989,3,-0.1325023807094404,-0.0011577822107294855
2024-06-25,881885.374474999,832806.374474999,3,-0.133249647093082,-0.0008614045353262378
2024-06-26,883273.374474999,832806.374474999,3,-0.1318854681139817,0.0015739006906949626
2024-06-27,881936.374474999,832806.374474999,3,-0.133199522361141,-0.001513687651679363
2024-06-28,881804.374474999,832806.374474999,3,-0.1333292569614589,-0.00014967066085525005
2024-07-01,881670.9534749988,792268.8974749988,5,-0.13346038817440617,-0.000151304534046659
2024-07-02,880901.5684749988,786442.2984749988,5,-0.1342165688976303,-0.0008726441502553417
2024-07-03,882481.5404749988,785760.5604749988,4,-0.13266371256480106,0.0017935851819803617
2024-07-04,880684.5404749988,798240.5404749988,4,-0.13442987223731062,-0.0020363032172125983
2024-07-05,880682.5404749988,798240.5404749988,4,-0.134431837913073,-2.2709607221393924e-06
2024-07-08,878950.5404749988,798240.5404749988,4,-0.1361341131233048,-0.0019666564515583573
2024-07-09,882099.7104749988,798240.5404749988,4,-0.13303898955297816,0.003582875093629534
2024-07-10,881724.4104749988,804837.3104749988,4,-0.13340784860979113,-0.00042546210540972407
2024-07-11,883101.7708749989,792551.0464749988,5,-0.13205412663261148,0.001562121206623024
2024-07-12,883568.2648749988,796648.3648749988,5,-0.1315956386580608,0.0005282448924746053
2024-07-15,882651.6648749989,796648.3648749988,5,-0.1324965078599652,-0.001037384474338987
2024-07-16,883167.4488749988,786216.9488749988,5,-0.13198957580625031,0.0005843573637547284
2024-07-17,879457.3839549987,796972.6728749988,5,-0.1356359681513236,-0.004200862389942217
2024-07-18,878042.7954349987,785053.3659549988,5,-0.13702627933508482,-0.0016084787572520076
2024-07-19,878743.7834349987,772207.7834349987,5,-0.13633732177442087,0.0007983528862653966
2024-07-22,878491.6198349986,772207.7834349987,4,-0.13658515771275975,-0.00028695918509302754
2024-07-23,877163.9998349986,788252.4198349987,3,-0.13788999294059343,-0.001511249475833809
2024-07-24,878049.5998349986,807917.9998349986,3,-0.13701959171300612,0.0010096173579474677
2024-07-25,876403.6762849987,788069.1808349986,3,-0.138637267727499,-0.0018745222938536532
2024-07-26,876155.5952849986,806547.5952849986,3,-0.13888109113190403,-0.0002830670462857787
2024-07-29,876784.9472849986,794632.6972849986,3,-0.13826254014569747,0.0007183107696702162
2024-07-30,876817.9512849986,821531.9512849986,3,-0.13823010256426652,3.7642069588672555e-05
2024-07-31,876993.1102849985,797657.1102849985,5,-0.13805794966383408,0.0001997666673489995
2024-08-01,878281.2102849986,772722.2102849986,5,-0.13679195618906517,0.0014687686652197218
2024-08-02,874355.2102849986,772722.2102849986,5,-0.14065057771064143,-0.004470094491405563
2024-08-05,869492.0237849987,772722.2102849986,3,-0.1454303016261633,-0.0055620260996841475
2024-08-06,870317.0237849987,801556.0237849987,3,-0.14461946037417645,0.0009488298655215832
2024-08-07,869317.7237849986,797647.1237849987,3,-0.14560161026885585,-0.001148202290303435
2024-08-08,869413.0357849987,814298.0357849987,3,-0.14550793402472323,0.00010964000548052688
2024-08-09,869912.1372849987,804369.1267849987,3,-0.14501739816396142,0.0005740671918375018
2024-08-12,869962.4102849987,838659.4102849987,3,-0.14496798795516,5.7790893867704085e-05
2024-08-13,870147.4102849987,838659.4102849987,3,-0.1447861629471387,0.00021265286616167778
2024-08-14,871667.4102849987,838659.4102849987,3,-0.14329224936772048,0.0017468304588783568
2024-08-15,872255.4102849987,838659.4102849987,3,-0.14271434069357714,0.0006745692142002824
2024-08-16,872334.4286849987,822409.1862849987,5,-0.14263667841674565,9.05908969646152e-05
2024-08-19,870924.5966849987,810416.7966849987,5,-0.1440223147124682,-0.001616159988234278
2024-08-20,869309.6954849986,805637.0266849987,3,-0.14560950078621746,-0.001854237675852577
2024-08-21,869830.6954849986,832533.6954849986,3,-0.14509744225011426,0.0005993261120933457
2024-08-22,869156.6954849986,832533.6954849986,3,-0.1457598749820405,-0.0007748634343424099
2024-08-23,868424.6954849986,832533.6954849986,3,-0.14647931231107608,-0.0008421956636847083
2024-08-26,868769.6954849986,832533.6954849986,3,-0.1461402332420634,0.00039727106079978647
2024-08-27,869007.0494849987,814142.3324849986,3,-0.1459069527396099,0.0002732070435162992
2024-08-28,868947.7374849987,825360.2374849987,3,-0.14596524682001946,-6.825261087950452e-05
2024-08-29,869818.7374849987,825360.2374849987,3,-0.14510919502549757,0.0010023617789960415
2024-08-30,871209.5074849987,825360.2374849987,3,-0.14374229358546634,0.0015989193380925304
2024-09-02,870144.8074849986,830909.1074849986,3,-0.14478872107757598,-0.0012220941011923392
2024-09-03,869622.3074849986,830909.1074849986,3,-0.145302253870501,-0.0006004747663900245
2024-09-04,869074.8074849986,830909.1074849986,3,-0.1458403576104559,-0.0006295836655609843
2024-09-05,869726.5819849987,824789.9994849986,3,-0.14519976894185815,0.0007499636330343673
2024-09-06,870139.5299849986,841105.8299849987,3,-0.14479390800449396,0.00047480209131633977
2024-09-09,869611.8299849987,841105.8299849987,3,-0.14531255155440115,-0.0006064544614000633
2024-09-10,869143.8299849987,841105.8299849987,3,-0.14577251968280097,-0.0005381711516138088
2024-09-11,869134.6299849987,841105.8299849987,3,-0.1457815617913079,-1.058512950624646e-05
2024-09-12,868770.2299849987,841105.8299849987,3,-0.14613970791521583,-0.00041926761105615107
2024-09-13,868526.5307849987,831908.6469849987,3,-0.1463792247205931,-0.0002805105326919577
2024-09-18,867857.1647849986,826123.1927849987,3,-0.14703710298177788,-0.0007706914829591627
2024-09-19,868400.3127849987,832995.3127849987,3,-0.1465032765522819,0.0006258495315121237
2024-09-20,868695.8127849987,832995.3127849987,3,-0.1462128479583884,0.0003402808539443303
2024-09-23,868246.8127849987,832995.3127849987,3,-0.1466541421670455,-0.0005168667713045805
2024-09-24,869940.5464849987,810346.6967849986,5,-0.14498947652602695,0.0019507514166015039
2024-09-25,870168.1894849987,779385.3394849987,6,-0.14476574036223774,0.0002616765029745949
2024-09-26,872573.7888849988,779385.3394849987,5,-0.14240142614493487,0.0027645223407026798
2024-09-27,878826.4258849988,782299.7888849988,5,-0.13625609764396596,0.007165740112351715
2024-09-30,892367.9558449988,799831.1258849988,5,-0.12294696902992475,0.015408651311734856
2024-10-08,899543.8451449989,825330.0058449989,5,-0.11589423319461428,0.008041401815246818
2024-10-09,894862.8728249989,829940.0291449989,5,-0.12049487011154104,-0.005203717801265606
2024-10-10,894572.575524999,832199.4308249989,5,-0.12078018529479,-0.00032440422864288276
2024-10-11,892576.6040049989,805257.2825249989,5,-0.12274190171443476,-0.002231201329672583
2024-10-14,897241.2408049989,799226.1960049989,5,-0.118157319965373,0.00522603525464338
2024-10-15,895828.242054999,794213.3758049989,5,-0.11954606866295578,-0.001574825906054178
2024-10-16,897227.507054999,815812.507054999,5,-0.11817081801512377,0.0015619791097343239
2024-10-17,894231.907054999,815812.507054999,5,-0.12111500717203506,-0.0033387295601675637
2024-10-18,895338.104094999,815812.507054999,5,-0.12002779481705597,0.0012370359760960348
2024-10-21,894912.237094999,810542.400094999,5,-0.12044635303700732,-0.00047564936424815407
2024-10-22,896014.522374999,832680.477094999,5,-0.11936298530793842,0.0012317244466095723
2024-10-23,896630.522374999,836100.9623749991,5,-0.11875755717312156,0.0006874888571752891
2024-10-24,897226.142374999,836100.9623749991,5,-0.11817215927432348,0.0006642870002042667
2024-10-25,902542.7163749991,836100.9623749991,5,-0.11294682894894059,0.005925567422642164
2024-10-28,904510.4811749991,835659.7423749991,5,-0.11101283516221613,0.002180245615302834
2024-10-29,901994.5979749992,824213.7771749992,5,-0.11348554047584115,-0.002781485955510088
2024-10-30,903322.5759749992,836757.8159749992,5,-0.112180353392046,0.0014722682408312426
2024-10-31,906837.6839749992,836757.8159749992,5,-0.1087255720931502,0.003891309808355059
2024-11-01,901429.2939749993,829513.6459749993,5,-0.11404114266143278,-0.005964011085526355
2024-11-04,902377.5879749993,820915.1079749994,5,-0.11310912339572173,0.0010519893310969586
2024-11-05,905305.4279749993,820915.1079749994,5,-0.11023153133364029,0.0032445841286574684
2024-11-06,905325.1007749994,810639.8479749993,5,-0.11021219616057104,2.1730566714950328e-05
2024-11-07,906711.6550949992,808241.2707749993,5,-0.10884943805053894,0.0015315540448541665
2024-11-08,906150.0950949992,812088.2550949992,5,-0.10940136049110352,-0.0006193369158150608
2024-11-11,908656.0550949991,812088.2550949992,5,-0.10693840807434116,0.0027655021100418953
2024-11-12,907183.2550949992,812088.2550949992,5,-0.10838593170576684,-0.0016208553189533959
2024-11-13,907121.8777349992,803814.9950949992,5,-0.10844625570022269,-6.76570689056577e-05
2024-11-14,905547.1127349992,805160.1527349992,5,-0.10999399439620462,-0.0017360015656684435
2024-11-15,901692.5016149991,805160.1527349992,3,-0.11378245222222072,-0.004256665463112208
2024-11-18,899813.3901149991,821569.5196149992,3,-0.11562931418741211,-0.0020839826178373766
2024-11-19,901133.3701149991,831990.3701149991,3,-0.11433198784099079,0.0014669486079010863
2024-11-20,902553.2551149991,807841.2551149991,5,-0.11293647107604853,0.001575665763902112
2024-11-21,901436.623114999,782173.623114999,5,-0.11403393930500448,-0.001237192369172524
2024-11-22,897563.937114999,782173.623114999,4,-0.11784016180778263,-0.0042961267611000276
2024-11-25,897983.937114999,799476.937114999,4,-0.11742736989768023,0.0004679332386614554
2024-11-26,896533.937114999,799476.937114999,4,-0.1188524848254147,-0.0016147282151376396
2024-11-27,898357.937114999,799476.937114999,4,-0.11705978853011285,0.002034501901700958
2024-11-28,899630.937114999,799476.937114999,4,-0.1158086359073501,0.0014170298356668276
2024-11-29,901677.8313649992,782893.3801149991,5,-0.1137968706996473,0.002275259960005771
2024-12-02,902618.7117649992,785860.5263649991,5,-0.11287213780085226,0.0010434773566248001
2024-12-03,903148.5117649991,792050.4117649992,5,-0.11235143029139458,0.0005869588045255281
2024-12-04,901883.2117649992,792050.4117649992,5,-0.11359501506247205,-0.0014009877484348898
2024-12-05,901533.9459649991,783377.7527649992,5,-0.1139382867213184,-0.0003872627801958517
2024-12-06,902728.6759649991,781315.3409649992,5,-0.1127640608195169,0.0013252190950183707
2024-12-09,902354.6759649991,805968.6759649991,5,-0.11313164218708427,-0.00041429945670024004
2024-12-10,903063.6759649991,805968.6759649991,5,-0.11243481012931617,0.0007857220878717541
2024-12-11,903911.6759649991,805968.6759649991,5,-0.1116013636060618,0.0009390256994821211
2024-12-12,904294.6759649991,805968.6759649991,5,-0.11122493669756366,0.0004237139647422783
2024-12-13,903034.3219649991,805968.6759649991,4,-0.11246366035248084,-0.0013937425857949437
2024-12-16,903735.2019649991,822108.3219649991,3,-0.11177480893830806,0.0007761388276747994
2024-12-17,901873.0309649991,840807.9039649991,3,-0.11360502113837302,-0.0020605272384555118
2024-12-18,901481.0159649991,855120.0299649991,3,-0.11399030833037016,-0.0004346676156626872
2024-12-19,901370.0159649991,865601.0159649991,3,-0.11409940333518294,-0.0001231307127207426
2024-12-20,900829.0159649991,865601.0159649991,3,-0.11463111862891008,-0.0006001974665429399
2024-12-23,899893.0159649991,865601.0159649991,3,-0.11555105488570971,-0.001039042907601373
2024-12-24,900945.6039649991,850652.0919649991,5,-0.11451653152601719,0.001169681263579081
2024-12-25,898235.2579649992,830453.2079649991,5,-0.11718036224596567,-0.0030083347852211118
2024-12-26,898898.5594449992,835076.9769649992,5,-0.11652844442476815,0.0007384496145284025
2024-12-27,899501.8194449992,837924.2594449992,5,-0.11593553764455772,0.0006711102088898802
2024-12-30,896897.2094449991,837924.2594449992,5,-0.11849544701830024,-0.0028956139317285468
2024-12-31,895450.2894449992,837924.2594449992,5,-0.11991753480536056,-0.0016132506431760785
2025-01-02,896541.8394449991,837924.2594449992,5,-0.11884471811614092,0.0012189956414849767
2025-01-03,896216.9810449992,837924.2594449992,2,-0.11916400125768561,-0.00036234605648854945
2025-01-06,895654.4810449992,872324.4810449992,2,-0.11971684756585847,-0.0006276381857260871
2025-01-07,895975.8800449992,867113.2800449992,2,-0.11940096445367993,0.00035884261933794015
2025-01-08,896145.3800449992,878784.8800449992,2,-0.11923437343281718,0.0001891791997699066
2025-01-09,896332.3800449992,878784.8800449992,2,-0.11905058274903349,0.0002086714992499683
2025-01-10,895317.3800449992,878784.8800449992,2,-0.12004816319844762,-0.0011323924278503483
2025-01-13,894131.2310449992,874751.8560449992,2,-0.12121395536839058,-0.0013248363389755102
2025-01-14,894601.2310449992,884789.2310449992,2,-0.12075202156422836,0.0005256499087396005
2025-01-15,894456.2310449992,884789.2310449992,2,-0.12089453305700182,-0.00016208338974743608
2025-01-16,894385.2310449992,884789.2310449992,2,-0.12096431454656674,-7.937783598088721e-05
2025-01-17,894515.0472449991,875011.4680449992,3,-0.12083672626761391,0.0001451457330621242
2025-01-20,894192.4272449992,866528.1272449992,3,-0.12115380942484531,-0.0003606646987029949
2025-01-21,894029.7272449991,866528.1272449992,3,-0.12131371714811601,-0.0001819518875835202
2025-01-22,893835.8232449992,866528.1272449992,2,-0.12150429334463145,-0.00021688764264859994
2025-01-23,893515.899624999,870367.4232449991,2,-0.12181872639745699,-0.00035792212806895485
2025-01-24,893298.0096249991,863709.1196249991,3,-0.12203287694339073,-0.00024385688054495702
2025-01-27,893198.376704999,854014.4396249991,3,-0.12213079995138104,-0.00011153379826955856
2025-02-05,893396.124704999,854395.126704999,2,-0.12193644572605024,0.00022139314754410222
2025-02-06,893475.8807049991,868948.9807049991,3,-0.1218580585079975,8.927282959314553e-05
2025-02-07,893271.177704999,864286.327704999,3,-0.1220592483707921,-0.00022910859086489044
2025-02-10,894820.277704999,864286.327704999,3,-0.1205367342090311,0.0017341878241050601
2025-02-11,894897.677704999,864286.327704999,3,-0.12046066255702649,8.649781629732622e-05
2025-02-12,894891.219704999,846600.669704999,5,-0.12046700972406324,-7.216467492132672e-06
2025-02-13,894074.311704999,829275.371704999,5,-0.12126989785191551,-0.0009128573194285838
2025-02-14,892462.455804999,790435.702704999,6,-0.12285409088946506,-0.0018028209500015047
2025-02-17,895895.158604999,773739.505804999,6,-0.11948030054273685,0.0038463274030990924
2025-02-18,894425.9456049991,773293.9696049991,6,-0.12092429873468263,-0.0016399385417905643
2025-02-19,898220.373404999,781983.5456049991,6,-0.11719499135537875,0.004242305155216952
2025-02-20,899655.9410849991,785956.6734049991,6,-0.11578406105845374,0.0015982354915398123
2025-02-21,901906.562284999,773346.311084999,6,-0.11357206528687068,0.0025016465708940228
2025-02-24,903006.119284999,773448.3562849989,6,-0.1124913790147362,0.0012191473551477205
2025-02-25,906814.5159249989,787957.759284999,6,-0.10874834253032398,0.004217464930376558
2025-02-26,909155.422044999,786508.4159249989,6,-0.10644761131926392,0.002581460793679824
2025-02-27,910315.623044999,783160.103044999,6,-0.10530732182666222,0.0012761305403539147
2025-02-28,903069.0830449988,783160.103044999,6,-0.11242949584626583,-0.00796046977174858
2025-03-03,903467.6730449989,783160.103044999,5,-0.11203774649519975,0.00044137265629351496
2025-03-04,906285.1930449989,787800.7930449989,5,-0.10926858110817184,0.0031185620515938872
2025-03-05,906190.6890049989,765169.1940449988,6,-0.10936146325860994,-0.0001042762705660838
2025-03-06,908939.1390049988,769389.7390049988,6,-0.10666018248403632,0.003032970911473143
2025-03-07,907107.8602549988,759180.5450049988,6,-0.10846003261056598,-0.002014742980486872
2025-03-10,905113.9612549987,762820.4412549988,6,-0.11041971207904527,-0.0021980836980506346
2025-03-11,905764.5512549988,771043.4312549988,6,-0.10978028758191777,0.0007187934645245253
2025-03-12,906740.2712549987,771043.4312549988,6,-0.10882131300447705,0.001077233590835558
2025-03-13,902856.7487549987,771043.4312549988,5,-0.11263818602995486,-0.004282949178627482
2025-03-14,903362.8097549987,776440.1767549987,6,-0.11214081010895885,0.0005605108459318942
2025-03-17,903650.8317549988,788724.1077549987,6,-0.11185773117674085,0.00031883313867897556
2025-03-18,906267.6701549987,790503.5317549987,6,-0.10928580326825212,0.0028958512602901276
2025-03-19,903995.7632649988,773645.6251549987,6,-0.11151871942229462,-0.002506882861231574
2025-03-20,903641.0422649989,794677.1422649989,6,-0.11186735265835032,-0.0003923923257325157
2025-03-21,901086.5422649989,794677.1422649989,6,-0.11437801202586599,-0.0028268968323938992
2025-03-24,896944.6294049989,794677.1422649989,6,-0.11844884088528769,-0.004596576095331262
2025-03-25,895347.913544999,782287.8294049989,5,-0.12001815371800233,-0.001780172161863658
2025-03-26,896357.835544999,803068.135544999,5,-0.11902556411934888,0.001127965994806912
2025-03-27,894655.9355449991,803068.135544999,5,-0.1206982559093566,-0.0018986836869285817
2025-03-28,893842.769044999,786676.770544999,5,-0.12149746674927636,-0.0009089153357091373
2025-03-31,894626.691044999,811652.0910449991,5,-0.12072699851177326,0.0008770244914970693
2025-04-01,893797.191044999,811652.0910449991,5,-0.1215422625342255,-0.0009272023831874421
2025-04-02,894365.5910449991,811652.0910449991,5,-0.12098361748255357,0.0006359384496783527
2025-04-03,891236.889044999,798252.715044999,5,-0.1240586243271279,-0.003498236103140373
2025-04-07,882204.289044999,814830.1450449991,4,-0.1329362057728206,-0.010134903650227955
2025-04-08,880316.511044999,826230.289044999,3,-0.13479158550250941,-0.002139842237724343
2025-04-09,881832.127044999,841084.511044999,2,-0.13330198068436233,0.0017216716726133896
2025-04-10,882460.080644999,854744.127044999,2,-0.1326848040986488,0.0007121010686061968
2025-04-11,882749.2355249991,864642.4806449991,2,-0.13240061172905204,0.00032766907687054037
2025-04-14,883842.7391449991,866037.2355249991,2,-0.1313258749480909,0.001238747739441104
2025-04-15,884072.7277049992,877213.0091449991,2,-0.13109983347908105,0.0002602143456227335
2025-04-16,883953.427404999,873671.1527049991,3,-0.13121708633315923,-0.00013494398849944744
2025-04-17,884005.4528449991,875774.577404999,3,-0.13116595375994122,5.885540842665016e-05
2025-04-18,883767.426184999,877937.5028449991,3,-0.1313998953781239,-0.00026925926670928746
2025-04-21,883864.6131249991,878115.4661849991,3,-0.13130437637193432,0.00010996890937642334
2025-04-22,883807.6599249991,873888.5991249991,3,-0.13136035213434966,-6.443656545840337e-05
2025-04-23,883747.8779249991,868303.8379249991,3,-0.13141910814856334,-6.764141420212422e-05
2025-04-24,883299.015664999,861857.402924999,3,-0.13186026698113076,-0.0005079075958337453
2025-04-25,882790.409664999,855243.409664999,3,-0.13236014422453446,-0.0005758027474049854
2025-04-28,882496.069664999,855243.409664999,2,-0.13264943272648572,-0.000333420024478559
2025-04-29,881791.069664999,859899.069664999,2,-0.13334233343272903,-0.0007988704134032076
2025-04-30,881483.069664999,859899.069664999,2,-0.13364504750013745,-0.0003492890896672485
2025-05-06,882784.5876649991,839586.787664999,3,-0.1323658663066787,0.0014765093565491938
2025-05-07,883284.3076649992,809321.3076649992,5,-0.13187472256068725,0.0005660724110758686
2025-05-08,882856.5736649992,788556.5736649992,5,-0.13229511573896277,-0.00048425404627716606
2025-05-09,881410.5736649992,788556.5736649992,5,-0.13371629931517245,-0.0016378651336278471
2025-05-12,882365.5736649992,788556.5736649992,5,-0.1327776891386301,0.0010834905190995059
2025-05-13,882812.5736649992,788556.5736649992,5,-0.1323383606057354,0.00050659274720255
2025-05-14,885884.9760649991,788556.5736649992,5,-0.1293186871407374,0.0034802431361447006
2025-05-15,885400.4742649992,752939.7050649992,5,-0.12979487386328512,-0.0005469127630451931
2025-05-16,884833.2441649992,742452.7017649992,5,-0.13035236909291975,-0.0006406480643358359
2025-05-19,887116.1001649991,758531.9001649992,5,-0.12810869173880382,0.002579984437806937
2025-05-20,886069.7001649992,758531.9001649992,5,-0.12913713329768742,-0.0011795524845116256
2025-05-21,884818.1001649991,758531.9001649992,5,-0.13036725318979267,-0.0014125299621090548
2025-05-22,885123.7217649991,752470.8501649991,5,-0.1300668767040009,0.0003454061348235893
2025-05-23,884346.7817649991,750153.7817649991,5,-0.13083048276741743,-0.0008777755932816156
2025-05-26,884839.7747649992,750153.7817649991,4,-0.13034595057185286,0.0005574657025562146
2025-05-27,883678.2747649992,806917.7747649992,3,-0.13148751677086223,-0.0013126670309417943
2025-05-28,884464.2747649992,821134.2747649992,3,-0.13071500619624205,0.0008894639853049835
2025-05-29,884952.9137649992,798740.9137649992,5,-0.13023475327681214,0.0005524688943823186
2025-05-30,883592.1737649991,771964.1737649991,5,-0.13157214009527113,-0.001537641131900358
2025-06-03,885225.2207649992,761025.2507649992,5,-0.12996711964189733,0.0018481908831782246
2025-06-04,888744.8549649991,767943.1807649991,5,-0.1265078898221837,0.003975975963448342
2025-06-05,888790.3549649991,775585.7549649992,5,-0.12646317069858928,5.11957956728093e-05
2025-06-06,886508.6663649993,764145.3309649992,5,-0.12870570068776266,-0.002567184249079424
2025-06-09,887191.5963649992,795035.3563649992,5,-0.1280344912135574,0.0007703590792860204
2025-06-10,884639.2788649992,772967.8063649992,5,-0.13054300553739737,-0.0028768504012631757
2025-06-11,885213.5663649992,777859.8463649992,5,-0.12997857402769994,0.0006491770303673761
2025-06-12,886173.545664999,755326.3453649991,5,-0.12903507000649583,0.001084460673080212
2025-06-13,883958.4916649992,781561.6916649991,5,-0.1312121089865909,-0.002499571343373419
2025-06-16,887327.8916649991,781561.6916649991,5,-0.1279005350296885,0.0038117174412266586
2025-06-17,887110.4336649991,768607.7556649991,5,-0.12811426098965767,-0.0002450706238840139
2025-06-18,882071.9206649992,765248.9906649991,5,-0.13306630243095705,-0.0056796908353156095
2025-06-19,879591.7163449991,765248.9906649991,4,-0.1355039411897595,-0.002811793757282466
2025-06-20,878468.5364249991,808599.0363449991,4,-0.13660784496253445,-0.0012769332624767982
2025-06-23,879207.1904249991,772620.8864249991,5,-0.13588186783023737,0.0008408428638844168
2025-06-24,880844.0504249991,806837.6504249991,5,-0.1342730998160226,0.0018617454654901167
2025-06-25,881639.1058249992,806837.6504249991,5,-0.13349168925125293,0.0009026063122257177
2025-06-26,881017.921384999,796262.835824999,5,-0.13410221285009477,-0.0007045790458886092
2025-06-27,882232.2979449991,799318.2473849991,5,-0.13290867756488994,0.0013783789529400181
2025-06-30,884840.550524999,799347.897944999,5,-0.13034518812553827,0.0029564238195263215
2025-07-01,885463.780524999,803817.640524999,5,-0.12973265407284038,0.000704341589713664
2025-07-02,884173.9125249989,793023.862524999,5,-0.13100038520498328,-0.0014567145809570858
2025-07-03,885534.6815249989,774980.7335249989,6,-0.12966296988422585,0.0015390286692738009
2025-07-04,884171.1915249988,762379.6215249988,6,-0.13100305950685814,-0.0015397364196420016
2025-07-07,883971.2615249988,762379.6215249988,6,-0.13119955828444566,-0.00022612136870814314
2025-07-08,884141.6815249989,762379.6215249988,6,-0.13103206305273216,0.00019278907292297198
2025-07-09,882985.6890249988,734606.9490249988,6,-0.1321682162721109,-0.001307474270420328
2025-07-10,882957.5765249989,718524.7765249988,6,-0.13219584630204595,-3.183800184913821e-05
2025-07-11,880409.8645249988,701763.0415249988,6,-0.13469983416602413,-0.002885429682847218
2025-07-14,881973.4892749989,665109.4172749989,6,-0.13316304452974811,0.001776019116782157
2025-07-15,877807.778024999,666646.778024999,6,-0.13725726334837318,-0.004723170594871595
2025-07-16,878580.778024999,666646.778024999,6,-0.13649752966620854,0.0008806028145924572
2025-07-17,881451.077224999,666646.778024999,6,-0.13367649088208142,0.003266972453520145
2025-07-18,881372.2192249991,667375.397224999,6,-0.13375399551171666,-8.946384210928304e-05
2025-07-21,882129.458224999,711842.058224999,6,-0.1330097523373976,0.0008591591423947609
2025-07-22,880729.691974999,702089.320224999,6,-0.13438549563271754,-0.0015868036567064925
2025-07-23,879591.8579749989,693030.866974999,6,-0.13550380199043066,-0.0012919219260663084
2025-07-24,880425.4929749989,740379.2929749989,6,-0.13468447393333965,0.0009477520652807492
2025-07-25,881666.092974999,740379.2929749989,6,-0.13346516525792756,0.00140909141079959
2025-07-28,881130.2929749989,740379.2929749989,6,-0.13399176979467253,-0.0006077130608392878
2025-07-29,881161.7967249989,736080.0029749989,6,-0.1339608067157729,3.5753792885229174e-05
2025-07-30,880764.660124999,756658.5967249989,6,-0.1343511276102622,-0.0004506965706818633
2025-07-31,881554.135994999,750526.230124999,5,-0.13357520081893592,0.0008963528008583133
2025-08-01,880794.0809949989,758428.3509949989,5,-0.13432221166472855,-0.0008621762055964766
2025-08-04,882105.057994999,752147.267994999,6,-0.13303373380775152,0.0014884035080244828
2025-08-05,882742.352834999,733553.697994999,6,-0.13240737629750868,0.0007224704520440994
2025-08-06,883114.352834999,735257.852834999,6,-0.1320417606057037,0.00042141401599837813
2025-08-07,884582.2204549989,735257.852834999,6,-0.13059908470418646,0.0016621489791075472
2025-08-08,884488.0512149989,724614.888454999,6,-0.1306916378005019,-0.00010645617538129759
2025-08-11,887003.971214999,713741.971214999,6,-0.12821889631844272,0.002844492920558883
2025-08-12,885881.971214999,713741.971214999,6,-0.12932164042114486,-0.0012649323299681603
2025-08-13,885500.763214999,713741.971214999,6,-0.12969630608415988,-0.00043031466085396985
2025-08-14,881604.8152149989,712441.887214999,6,-0.1335253913617305,-0.004399711622895763
2025-08-15,884755.9202149989,717032.4202149989,6,-0.1304283660001038,0.0035742828823268624
2025-08-18,887079.5002149988,703459.8662149989,6,-0.128144663556114,0.0026262384313124887
2025-08-19,890055.4152149988,730441.1292149988,6,-0.1252198215628941,0.0033547331431722505
2025-08-20,895949.0862149987,739645.1992149987,6,-0.1194272984447867,0.0066216899523905415
2025-08-21,897676.3702149988,748257.4012149988,6,-0.11772965829800251,0.0019278818702714862
2025-08-22,898228.0692149986,765844.4732149987,6,-0.11718742762178466,0.0006145856327572918
2025-08-25,898342.3664149987,767547.0612149987,6,-0.11707509200390998,0.00012724741512459836
2025-08-26,898448.9514149987,780413.3014149987,6,-0.1169703362283426,0.00011864630232838458
2025-08-27,896344.1939149988,769877.7814149987,6,-0.11903897163007435,-0.0023426567493736172
2025-08-28,897117.0049149987,767100.8909149987,6,-0.11827942370426936,0.0008621810742415192
2025-08-29,894987.8923149988,747286.6619149988,6,-0.12037199622088135,-0.0023732830704749075
2025-09-01,897336.9323149989,750221.1823149989,6,-0.1180632707244361,0.0026246612051075147
2025-09-02,895581.085814999,742564.538314999,6,-0.11978898317820183,-0.0019567304507016603
2025-09-03,894080.105814999,755096.835814999,6,-0.12126420318111968,-0.0016759844795449785
2025-09-04,890554.125814999,755096.835814999,6,-0.12472966989345981,-0.003943695846789774
2025-09-05,895339.1508149989,745722.475814999,6,-0.1200267660609891,0.005373087228831563
2025-09-08,896528.714527499,733520.742814999,6,-0.11885761778224757,0.0013286180006955028
2025-09-09,897979.050507499,755767.956527499,6,-0.11743217264064179,0.0016177239574131086
2025-09-10,899502.415567499,742422.878507499,6,-0.1159349517527831,0.0016964371932051137
2025-09-11,908287.415567499,792144.415567499,6,-0.10730072096647456,0.009766510737447609
2025-09-12,907040.785507499,805906.815567499,6,-0.10852595621328043,-0.0013725061457788845
2025-09-15,908865.905507499,811066.495507499,6,-0.10673215913955164,0.002012169716248069
2025-09-16,909898.9755074988,811066.495507499,6,-0.10571681880962445,0.0011366583274163844
2025-09-17,911305.733507499,815762.0755074989,6,-0.10433420375754852,0.001546059549320411
2025-09-18,908754.748507499,819236.103507499,5,-0.10684140844991177,-0.0027992636348084243
2025-09-19,907562.673507499,842706.383507499,5,-0.10801302491713868,-0.001311767561003374
2025-09-22,908314.8435074991,857791.143507499,5,-0.1072737637480393,0.0008287802285797952
2025-09-23,909223.9755274989,845093.463507499,5,-0.10638023435977509,0.0010008996621579946
2025-09-24,909790.386087499,834688.201527499,6,-0.10582354460509745,0.0006229604313630066
2025-09-25,908306.240087499,809749.590087499,6,-0.10728221951512319,-0.0016313054333124688
2025-09-26,906124.130087499,804846.9400874991,6,-0.1094268798840602,-0.0024023945930281565
2025-09-29,906505.2200874991,804846.9400874991,6,-0.10905233019591506,0.0004205715170209068
2025-09-30,907414.5920874991,798437.542087499,6,-0.10815856494621595,0.001003162452734907
2025-10-09,908632.686087499,795140.206087499,6,-0.10696137602015823,0.0013423786774220403
2025-10-10,906947.933137499,773560.6580874991,6,-0.10861721503987526,-0.0018541628270654087
2025-10-13,904517.2331374991,814275.2331374991,6,-0.11100619907769879,-0.00268008769984307
2025-10-14,903536.335137499,803957.931137499,5,-0.11197026278968841,-0.0010844436833974402
2025-10-15,905600.1151374991,821556.835137499,6,-0.10994190162723332,0.0022841140081941713
2025-10-16,904953.400137499,809160.396137499,6,-0.11057751762757119,-0.0007141286636230815
2025-10-17,902046.9801374989,818987.280137499,6,-0.11343405730223746,-0.0032116791865287597
2025-10-20,902922.180137499,818987.280137499,6,-0.1125738775886145,0.000970237714078559
2025-10-21,904221.645137499,811339.645137499,6,-0.11129671416132592,0.0014391771833559552
2025-10-22,903562.9163874988,804516.6751374989,6,-0.11194413773025906,-0.0007285036291073688
2025-10-23,901609.048387499,820599.048387499,6,-0.113864473215516,-0.002162403928452017
2025-10-24,905495.348387499,820599.048387499,6,-0.11004487035782319,0.004310404833392623
2025-10-27,909133.762387499,820599.048387499,6,-0.10646889925114865,0.0040181476431429
2025-10-28,906111.154387499,819811.754387499,6,-0.10943963289355531,-0.0033247120776399575
2025-10-29,907394.790967499,835874.554387499,6,-0.10817802623704213,0.0014166436135174543
2025-10-30,906317.060967499,838416.160967499,6,-0.10923726010674369,-0.0011877189628242135
2025-10-31,905879.375967499,821140.907967499,6,-0.10966743350477509,-0.00048292702283769806
2025-11-03,905646.3075674991,820703.333967499,6,-0.10989650195720475,-0.0002572841442062268
2025-11-04,902482.3696674991,787548.8075674991,6,-0.1130061399790771,-0.0034935690385555773
2025-11-05,902335.5346674991,777034.7346674991,6,-0.1131504549793625,-0.000162701239309615
2025-11-06,902926.7442674992,777034.7346674991,6,-0.11256939178875561,0.0006551992881649316
2025-11-07,901190.5442674991,781965.0442674991,6,-0.11427579491808851,-0.0019228580956570651
2025-11-10,901277.0442674991,781965.0442674991,6,-0.11419077944136503,9.598414070177697e-05
2025-11-11,901575.8607674991,771603.6982674991,6,-0.11389709126563861,0.0003315478874121869
2025-11-12,900757.8605674992,770504.0367674992,6,-0.11470105284902457,-0.0009073004675430596
2025-11-13,900884.6315674993,729784.6135674992,6,-0.11457645750798738,0.0001407381556683962
2025-11-14,899089.2185674992,760978.2185674992,6,-0.11634105741677954,-0.001992944420503795
2025-11-17,901623.2185674992,760978.2185674992,6,-0.11385054622582838,0.0028184077260289264
2025-11-18,898865.2185674992,760978.2185674992,6,-0.11656121310216748,-0.003058927435766301
2025-11-19,898402.2185674992,760978.2185674992,6,-0.11701626704116132,-0.0005150939100055929
2025-11-20,895372.1305674992,760978.2185674992,5,-0.11999435231091932,-0.0033727521341515576
2025-11-21,891703.0190674992,770959.6265674992,3,-0.12360049408345189,-0.004097862078501935
2025-11-24,893942.5610674992,817131.1810674992,3,-0.121399387369322,0.002511533495021645
2025-11-25,893915.1240674992,817265.4490674991,3,-0.12142635349226841,-3.069212854933667e-05
2025-11-26,894058.1240674992,848894.1240674992,3,-0.12128580767525736,0.00015997044478832656
2025-11-27,894593.8552674992,848894.1240674992,3,-0.12075927075775862,0.0005992129432959015
2025-11-28,895278.8552674992,851119.0552674992,3,-0.12008602680913923,0.0007657106026008886
2025-12-01,895046.4972674992,811106.0972674992,6,-0.12031439705353822,-0.0002595370131137642
