code,buy_date,sell_date,buy_price,sell_price,shares,pnl,pnl_pct,reason
002953.SZ,2020-04-07,2020-04-08,31.31,31.09,200,-61.43599999999978,-0.702650910252312,放量阴线
600560.SH,2020-04-07,2020-04-16,9.405,8.79,2000,-1270.1600000000003,-6.539074960127595,第7天亏损(-6.4%)
603278.SH,2020-04-07,2020-04-16,9.442608695652174,8.44,2300,-2349.824000000001,-10.61792061884152,第7天亏损(-9.2%)
002335.SZ,2020-04-07,2020-04-16,21.87,20.35,1000,-1565.7874999999995,-6.9501600365797875,第7天亏损(-6.7%)
300141.SZ,2020-04-07,2020-04-17,8.48,9.8,600,775.2400000000002,15.566037735849058,分批止盈(浮盈12.6%达10%)
002953.SZ,2020-04-08,2020-04-17,30.695,28.75,400,-806.0000000000001,-6.336536895259816,第7天亏损(-5.8%)
300141.SZ,2020-04-07,2020-04-20,8.48,9.33,1400,1158.8759999999997,10.023584905660373,放量阴线
600361.SH,2020-04-16,2020-04-27,4.055,4.0,5600,-358.3999999999984,-1.3563501849568365,第7天亏损(-1.4%)
000893.SZ,2020-04-16,2020-04-27,6.58,6.45,2200,-319.37999999999977,-1.9756838905775058,第7天亏损(-1.5%)
300106.SZ,2020-04-16,2020-04-28,6.645,6.61,3000,-149.65999999999778,-0.5267118133935178,第8天亏损(-1.7%)
000833.SZ,2020-04-17,2020-04-28,5.048723404255319,4.79,4700,-1266.6542499999982,-5.124531164397988,第7天亏损(-5.7%)
603997.SH,2020-04-20,2020-04-29,8.74,7.35,2400,-3376.280000000001,-15.903890160183073,硬止损(ATR=0.63)
600452.SH,2020-04-27,2020-05-11,19.27,19.24,1800,-131.92200000000204,-0.15568240788791457,第7天亏损(-0.6%)
603669.SH,2020-04-28,2020-05-12,10.935,10.88,2400,-190.7519999999993,-0.5029721079103768,第7天亏损(-0.5%)
000903.SZ,2020-04-29,2020-05-12,4.6772413793103444,5.22,870,458.1172000000001,11.604246534945448,分批止盈(浮盈12.0%达10%)
000903.SZ,2020-04-29,2020-05-14,4.6772413793103444,5.57,609,531.9057400000005,19.087289884989694,分批止盈(浮盈20.2%达20%)
300158.SZ,2020-04-28,2020-05-15,5.372325581395349,5.33,4300,-233.56774999999942,-0.7878446820483936,第10天亏损(-1.2%)
600825.SH,2020-04-27,2020-05-18,5.325,5.33,7200,-50.346000000000764,0.09389671361502147,第12天亏损(-0.1%)
002165.SZ,2020-05-12,2020-05-21,4.764255319148936,4.7,4700,-351.7024999999986,-1.348695962843867,第7天亏损(-1.3%)
000903.SZ,2020-04-29,2020-05-26,4.6772413793103444,5.21,994,514.2045889655177,11.39044529637276,浮盈9.7%后跌破BBI
300530.SZ,2020-05-15,2020-05-26,48.918,36.09,150,-1940.0269999999996,-26.22347602109652,分批止盈(浮盈15.3%达10%)
300530.SZ,2020-05-15,2020-05-27,48.918,35.05,350,-4883.335000000001,-28.349482807964353,硬止损(ATR=3.79)
002004.SZ,2020-05-18,2020-05-27,5.165,5.03,9400,-1375.3844999999978,-2.6137463697967043,第7天亏损(-2.6%)
000789.SZ,2020-05-21,2020-06-01,14.073225806451612,13.5,3100,-1871.1624999999972,-4.073165700139816,硬止损(ATR=0.45)
000903.SZ,2020-04-29,2020-06-08,4.6772413793103444,6.1,427,597.3085310344828,30.418755529342377,持仓超25天(30.0%)
300185.SZ,2020-05-27,2020-06-08,1.895,1.9,23400,16.964999999997502,0.26385224274405766,第8天亏损(-0.3%)
603088.SH,2020-05-27,2020-06-09,11.196296296296296,12.54,810,1063.0851999999993,12.001323188885207,分批止盈(浮盈13.2%达10%)
300077.SZ,2020-06-01,2020-06-10,7.53,7.45,1700,-166.3300000000001,-1.0624169986719798,第7天亏损(-1.2%)
603088.SH,2020-05-27,2020-06-16,11.196296296296296,12.35,1323,1488.6718999999996,10.304333443599072,浮盈8.4%后跌破BBI
000620.SZ,2020-06-08,2020-06-17,3.059367088607595,3.0,7900,-522.3250000000004,-1.9405022963300111,第7天亏损(-1.6%)
600768.SH,2020-06-10,2020-06-19,10.16,9.75,2600,-1123.0375000000004,-4.035433070866143,第7天亏损(-4.1%)
603088.SH,2020-05-27,2020-06-22,11.196296296296296,8.48,396,-1087.3694933333331,-24.260668210387028,浮盈9.0%后跌破BBI
603088.SH,2020-05-27,2020-06-23,11.196296296296296,8.46,171,-475.79998666666654,-24.439298709890828,硬止损(ATR=0.73)
000910.SZ,2020-06-17,2020-06-30,15.76,15.4,1600,-631.439999999999,-2.2842639593908594,第7天亏损(-1.1%)
603818.SH,2020-06-08,2020-07-01,7.98,8.87,1560,1355.7255999999982,11.152882205513768,分批止盈(浮盈11.2%达10%)
600865.SH,2020-06-19,2020-07-02,6.69,6.61,2200,-210.08400000000017,-1.1958146487294479,第7天亏损(-1.2%)
603818.SH,2020-06-08,2020-07-03,7.98,9.05,3640,3820.6805000000013,13.408521303258148,放量阴线
300242.SZ,2020-06-23,2020-07-06,6.615,6.39,2400,-575.6720000000013,-3.401360544217695,第7天亏损(-2.8%)
002187.SZ,2020-07-03,2020-07-06,11.59,13.03,270,376.76379999999983,12.42450388265746,分批止盈(浮盈10.0%达10%)
002685.SZ,2020-06-30,2020-07-08,5.945254237288135,6.53,1770,1006.8838000000012,9.835504746700128,分批止盈(浮盈10.5%达10%)
002187.SZ,2020-07-03,2020-07-08,11.59,16.2,189,860.1664,39.775668679896455,分批止盈(浮盈29.3%达20%)
002685.SZ,2020-06-30,2020-07-09,5.945254237288135,6.5,4130,2230.6987500000023,9.330900590130293,放量阴线
002153.SZ,2020-07-06,2020-07-14,37.5,41.18,150,534.646,9.813333333333333,分批止盈(浮盈10.0%达10%)
002187.SZ,2020-07-03,2020-07-15,11.59,17.5,441,2585.8749999999995,50.99223468507334,移动止盈(锁定60.3%)
603786.SH,2020-07-06,2020-07-20,70.99,80.98,120,1174.3648000000012,14.072404564023117,分批止盈(浮盈12.8%达10%)
002153.SZ,2020-07-06,2020-07-20,37.5,37.45,350,-48.71499999999901,-0.13333333333332575,第10天亏损(-0.5%)
603786.SH,2020-07-06,2020-07-21,70.99,77.5,280,1773.9750000000015,9.170305676855902,放量阴线
920419.BJ,2020-07-02,2020-07-22,6.8,7.58,4400,3356.958000000001,11.470588235294121,第14天亏损(-1.5%)
920592.BJ,2020-07-15,2020-07-24,17.98095238095238,17.3,2100,-1511.7424999999985,-3.7870762711864367,第7天亏损(-3.8%)
920876.BJ,2020-07-09,2020-07-30,1.9952475247524752,1.99,10100,-98.22275000000005,-0.26300119094878943,第15天亏损(-0.3%)
600645.SH,2020-07-21,2020-07-30,26.315714285714286,26.23,700,-101.7219999999998,-0.3257152163291884,第7天亏损(-0.3%)
603690.SH,2020-07-21,2020-07-30,46.78666666666667,46.82,300,-23.09200000000057,0.07124536905100763,第7天亏损(-0.6%)
688116.SH,2020-07-22,2020-07-31,54.85333333333333,49.55,300,-1625.7300000000005,-9.66820612542538,第7天亏损(-9.0%)
000881.SZ,2020-07-31,2020-08-04,9.0,10.29,480,604.3215999999995,14.333333333333323,分批止盈(浮盈12.8%达10%)
000969.SZ,2020-07-24,2020-08-05,7.041555555555555,7.8,1350,997.8400000000004,10.77097863477136,分批止盈(浮盈10.5%达10%)
920344.BJ,2020-07-30,2020-08-10,36.2,30.0,400,-2509.000000000001,-17.127071823204425,硬止损(ATR=2.44)
603633.SH,2020-07-30,2020-08-10,15.175454545454546,14.18,1100,-1131.1960000000006,-6.559635775474754,第7天亏损(-4.8%)
000881.SZ,2020-07-31,2020-08-14,9.0,10.09,784,833.7388799999999,12.11111111111111,浮盈11.1%后跌破BBI
000881.SZ,2020-07-31,2020-08-17,9.0,10.04,235,234.68119999999982,11.555555555555546,浮盈11.1%后跌破BBI
600774.SH,2020-08-10,2020-08-20,13.478421052631578,13.28,1900,-433.7719999999997,-1.4721387012378453,第8天亏损(-3.0%)
000830.SZ,2020-08-10,2020-08-20,10.626666666666667,10.5,2700,-405.7875000000007,-1.1919698870765394,第8天亏损(-1.4%)
000881.SZ,2020-07-31,2020-08-21,9.0,10.08,70,69.1888,12.000000000000002,浮盈11.7%后跌破BBI
000881.SZ,2020-07-31,2020-08-24,9.0,10.21,21,19.981180000000016,13.444444444444454,浮盈12.2%后跌破BBI
000969.SZ,2020-07-24,2020-08-25,7.041555555555555,7.32,3150,825.2195000000023,3.9543030264777457,移动止盈(锁定3.4%)
000881.SZ,2020-07-31,2020-08-26,9.0,11.74,3,3.149560000000001,30.444444444444446,分批止盈(浮盈27.0%达20%)
000881.SZ,2020-07-31,2020-08-31,9.0,10.33,4,0.23736000000000027,14.777777777777779,浮盈17.1%后跌破BBI
000881.SZ,2020-07-31,2020-09-01,9.0,10.3,2,-2.4411999999999985,14.444444444444452,浮盈15.6%后跌破BBI
000881.SZ,2020-07-31,2020-09-02,9.0,10.36,1,-3.6607200000000004,15.111111111111105,浮盈15.9%后跌破BBI
600463.SH,2020-08-20,2020-09-02,7.83,8.78,1380,1281.7671999999989,12.132822477650054,分批止盈(浮盈12.1%达10%)
600463.SH,2020-08-20,2020-09-03,7.83,9.48,966,1570.5846400000003,21.072796934865906,分批止盈(浮盈20.9%达20%)
603898.SH,2020-08-25,2020-09-03,19.5,18.84,1300,-913.1070000000002,-3.384615384615385,第7天亏损(-3.0%)
600463.SH,2020-08-20,2020-09-04,7.83,8.54,2254,1556.8416799999977,9.067688378033194,放量阴线
920729.BJ,2020-08-20,2020-09-08,47.754,47.41,500,-225.33625000000063,-0.7203585039996675,第13天亏损(-0.6%)
601188.SH,2020-09-02,2020-09-11,2.9348175182481753,2.93,13700,-156.31724999999904,-0.1641505210535455,第7天亏损(-0.5%)
601991.SH,2020-09-03,2020-09-14,2.43989417989418,2.38,18900,-1233.2095,-2.4547859652166366,第7天亏损(-2.5%)
601965.SH,2020-09-14,2020-09-23,12.034545454545455,11.94,1100,-135.26800000000117,-0.7856171627134095,第7天亏损(-0.8%)
002471.SZ,2020-09-21,2020-09-30,2.525045045045045,2.49,11100,-451.18774999999727,-1.3878978164692353,第7天亏损(-1.8%)
601880.SH,2020-09-21,2020-09-30,2.015,1.98,31000,-1223.1050000000046,-1.7369727047146473,第7天亏损(-1.7%)
002538.SZ,2020-09-21,2020-09-30,6.17,5.82,5200,-1888.093999999998,-5.672609400324143,第7天亏损(-5.5%)
002617.SZ,2020-09-30,2020-10-12,7.25,8.03,270,201.2637999999998,10.758620689655164,分批止盈(浮盈10.3%达10%)
300269.SZ,2020-09-30,2020-10-13,4.691578947368421,5.2,570,278.87200000000024,10.836885797621727,分批止盈(浮盈11.3%达10%)
300466.SZ,2020-10-12,2020-10-14,7.29,8.01,360,248.43279999999993,9.876543209876539,分批止盈(浮盈11.0%达10%)
300269.SZ,2020-09-30,2020-10-16,4.691578947368421,5.17,930,430.3153789473685,10.197442225712367,浮盈8.5%后跌破BBI
300269.SZ,2020-09-30,2020-10-19,4.691578947368421,5.2,280,134.44589473684223,10.836885797621727,浮盈10.4%后跌破BBI
002617.SZ,2020-09-30,2020-10-20,7.25,7.91,441,279.08338000000003,9.103448275862071,浮盈10.1%后跌破BBI
300269.SZ,2020-09-30,2020-10-21,4.691578947368421,5.75,36,32.68915789473685,22.56001794929325,分批止盈(浮盈22.8%达20%)
300063.SZ,2020-10-12,2020-10-21,6.77,7.52,390,281.6344,11.078286558345644,分批止盈(浮盈12.3%达10%)
000548.SZ,2020-10-13,2020-10-22,4.44,4.18,7000,-1885.8350000000048,-5.855855855855871,第7天亏损(-5.9%)
002617.SZ,2020-09-30,2020-10-23,7.25,8.07,132,101.10952000000003,11.31034482758621,浮盈9.2%后跌破BBI
300466.SZ,2020-10-12,2020-10-23,7.29,7.92,588,356.1260799999999,8.641975308641973,浮盈8.4%后跌破BBI
300466.SZ,2020-10-12,2020-10-26,7.29,9.52,75,160.82199999999997,30.589849108367623,分批止盈(浮盈30.0%达20%)
300269.SZ,2020-09-30,2020-10-27,4.691578947368421,6.38,84,135.75552842105265,35.98833295938973,放量阴线
300466.SZ,2020-10-12,2020-10-27,7.29,9.39,177,363.37594000000007,28.806584362139926,放量阴线
300063.SZ,2020-10-12,2020-10-27,6.77,8.02,273,331.87108,18.46381093057607,分批止盈(浮盈22.9%达20%)
300063.SZ,2020-10-12,2020-10-29,6.77,7.52,445,322.05719999999997,11.078286558345644,浮盈13.7%后跌破BBI
002617.SZ,2020-09-30,2020-11-02,7.25,6.93,57,-24.030020000000015,-4.413793103448279,第17天亏损(-2.6%)
300063.SZ,2020-10-12,2020-11-02,6.77,7.55,134,97.49660000000003,11.521418020679471,浮盈12.0%后跌破BBI
300063.SZ,2020-10-12,2020-11-03,6.77,7.5,40,23.600000000000016,10.782865583456433,浮盈8.6%后跌破BBI
300063.SZ,2020-10-12,2020-11-04,6.77,7.5,12,3.5800000000000054,10.782865583456433,浮盈11.2%后跌破BBI
300063.SZ,2020-10-12,2020-11-06,6.77,7.9,6,1.6852000000000045,16.691285081240782,移动止盈(锁定9.7%)
920378.BJ,2020-10-22,2020-11-10,2.089952153110048,2.1,20900,111.24749999999857,0.4807692307692274,第13天亏损(-0.5%)
300727.SZ,2020-11-04,2020-11-13,22.966666666666665,28.5,270,1473.6100000000006,24.09288824383165,分批止盈(浮盈28.5%达10%)
300727.SZ,2020-11-04,2020-11-16,22.966666666666665,34.04,189,2074.9928800000002,48.21480406386067,分批止盈(浮盈54.2%达20%)
920556.BJ,2020-11-04,2020-11-16,9.01,9.05,5200,102.11500000000478,0.44395116537181933,放量阴线
300727.SZ,2020-11-04,2020-11-17,22.966666666666665,33.5,441,4610.653,45.86357039187229,放量阴线
300591.SZ,2020-11-06,2020-11-17,10.2,8.95,1400,-1780.06,-12.254901960784315,硬止损(ATR=0.83)
920167.BJ,2020-11-06,2020-11-17,27.26,26.48,800,-671.6640000000009,-2.8613352898019118,第7天亏损(-3.0%)
300419.SZ,2020-11-10,2020-11-17,11.275,9.69,1200,-1930.2560000000008,-14.057649667405773,硬止损(ATR=1.02)
300720.SZ,2020-11-17,2020-11-19,24.71,33.06,240,1983.1312000000003,33.791987049777426,分批止盈(浮盈21.9%达10%)
300419.SZ,2020-11-17,2020-11-20,9.812666666666667,10.5,450,294.84999999999985,7.0045519396698115,分批止盈(浮盈10.4%达10%)
300720.SZ,2020-11-17,2020-11-20,24.71,29.38,168,769.6883199999997,18.899231080534186,分批止盈(浮盈23.3%达20%)
000985.SZ,2020-11-17,2020-11-24,16.33,14.88,1400,-2076.8719999999967,-8.879363135333728,硬止损(ATR=0.95)
300720.SZ,2020-11-17,2020-11-24,24.71,27.0,274,607.6639999999998,9.267503035208415,浮盈9.1%后跌破BBI
300720.SZ,2020-11-17,2020-11-25,24.71,25.94,118,134.01816000000002,4.977741804937274,移动止盈(锁定5.2%)
300444.SZ,2020-11-17,2020-11-25,6.03,7.01,780,748.4643999999996,16.25207296849087,分批止盈(浮盈21.7%达10%)
300160.SZ,2020-11-17,2020-11-26,9.29,9.29,2200,-45.98549999999999,0.0,第7天亏损(-0.9%)
300444.SZ,2020-11-17,2020-12-01,6.03,6.69,1274,818.7938800000002,10.945273631840797,浮盈10.3%后跌破BBI
002970.SZ,2020-11-25,2020-12-01,63.64,57.67,400,-2439.903,-9.380892520427404,硬止损(ATR=3.27)
300444.SZ,2020-11-17,2020-12-04,6.03,6.56,382,192.44815999999975,8.78938640132669,浮盈8.5%后跌破BBI
300444.SZ,2020-11-17,2020-12-07,6.03,6.28,164,33.940160000000006,4.1459369817578775,移动止盈(锁定4.5%)
603533.SH,2020-11-26,2020-12-07,40.082,38.88,500,-644.8799999999992,-2.9988523526770074,第7天亏损(-4.0%)
002172.SZ,2020-12-01,2020-12-07,2.935054945054945,3.4,2730,1245.736,15.84110225017784,分批止盈(浮盈14.8%达10%)
002172.SZ,2020-12-01,2020-12-08,2.935054945054945,3.31,6370,2340.959425000001,12.774720131790785,放量阴线
600616.SH,2020-12-07,2020-12-09,6.497142857142857,7.08,1050,592.132,8.97097625329815,分批止盈(浮盈11.3%达10%)
300656.SZ,2020-11-24,2020-12-10,33.728,31.08,500,-1360.0800000000015,-7.8510436432637665,第12天亏损(-8.1%)
600616.SH,2020-12-07,2020-12-15,6.497142857142857,8.14,735,1190.5342000000003,25.28583992963941,分批止盈(浮盈26.1%达20%)
002068.SZ,2020-12-07,2020-12-16,6.3335897435897435,6.18,3900,-653.2295000000006,-2.425003036314322,第7天亏损(-2.4%)
300419.SZ,2020-11-17,2020-12-17,9.812666666666667,8.47,1050,-1432.5869999999993,-13.682994768666346,第22天亏损(-16.2%)
603113.SH,2020-12-08,2020-12-17,14.2736,13.8,2500,-1261.6249999999984,-3.3180136755969016,第7天亏损(-3.3%)
603161.SH,2020-12-17,2020-12-23,18.33,16.51,800,-1487.4159999999974,-9.92907801418438,放量阴线
688021.SH,2020-12-16,2020-12-25,65.65,61.26,400,-1811.134000000003,-6.6869763899466985,第7天亏损(-7.1%)
600616.SH,2020-12-07,2020-12-28,6.497142857142857,10.14,1715,6207.719800000002,56.06860158311346,移动止盈(锁定59.1%)
000157.SZ,2020-12-17,2020-12-28,9.455,9.26,3600,-777.006000000001,-2.0624008461131704,第7天亏损(-2.0%)
601598.SH,2020-12-18,2020-12-29,4.4,4.31,7400,-737.7615000000055,-2.0454545454545623,第7天亏损(-3.2%)
920278.BJ,2020-12-28,2020-12-30,12.7,12.19,2400,-1289.8259999999998,-4.015748031496061,放量阴线
603299.SH,2020-12-31,2021-01-06,7.065365853658537,7.81,1230,891.6873999999993,10.539215686274503,分批止盈(浮盈12.4%达10%)
603629.SH,2020-12-28,2021-01-07,33.465,31.49,800,-1636.682000000004,-5.9016883310922,第7天亏损(-5.9%)
920523.BJ,2020-12-29,2021-01-12,10.92,10.48,1400,-650.3439999999994,-4.029304029304025,第9天亏损(-3.8%)
603299.SH,2020-12-31,2021-01-12,7.065365853658537,6.71,2870,-1063.4154000000003,-5.029687931510634,第7天亏损(-2.9%)
688008.SH,2020-12-25,2021-01-13,83.465,92.31,120,1034.2456,10.597256334990712,分批止盈(浮盈10.3%达10%)
600819.SH,2021-01-07,2021-01-18,5.667692307692308,5.09,3900,-2297.702000000001,-10.192725298588496,硬止损(ATR=0.33)
688008.SH,2020-12-25,2021-01-20,83.465,88.8,280,1437.8559999999984,6.391900796741141,移动止盈(锁定5.5%)
600381.SH,2021-01-18,2021-01-20,6.76,7.38,360,212.88640000000004,9.171597633136097,分批止盈(浮盈13.8%达10%)
688598.SH,2021-01-12,2021-01-25,186.95,251.75,30,1923.8950000000004,34.661674244450396,分批止盈(浮盈25.9%达10%)
600732.SH,2021-01-20,2021-01-25,16.76,18.96,480,1032.7983999999997,13.126491646778039,分批止盈(浮盈13.9%达10%)
600537.SH,2021-01-12,2021-01-26,4.63,5.03,1440,556.5136000000005,8.639308855291585,分批止盈(浮盈10.6%达10%)
688598.SH,2021-01-12,2021-01-26,186.95,250.0,21,1308.5500000000002,33.72559507889811,分批止盈(浮盈32.4%达20%)
688099.SH,2020-12-28,2021-01-27,73.25,82.23,120,1052.8648000000003,12.259385665529015,分批止盈(浮盈12.4%达10%)
600381.SH,2021-01-18,2021-01-27,6.76,6.55,840,-192.404,-3.1065088757396446,第7天亏损(-1.0%)
688099.SH,2020-12-28,2021-02-01,73.25,80.25,196,1335.542,9.556313993174061,浮盈9.4%后跌破BBI
600537.SH,2021-01-12,2021-02-01,4.63,4.13,3360,-1712.7536,-10.799136069114471,第14天亏损(-0.9%)
688099.SH,2020-12-28,2021-02-02,73.25,82.95,84,795.8644000000002,13.242320819112633,持仓超25天(11.4%)
601808.SH,2021-02-01,2021-02-03,14.42,16.49,270,544.9953999999996,14.355062413314831,分批止盈(浮盈11.5%达10%)
688598.SH,2021-01-12,2021-02-04,186.95,215.1,34,937.4732000000001,15.05750200588393,浮盈16.0%后跌破BBI
600732.SH,2021-01-20,2021-02-04,16.76,15.3,1120,-1674.472000000001,-8.711217183770888,第11天亏损(-8.1%)
688598.SH,2021-01-12,2021-02-05,186.95,217.68,10,297.94640000000015,16.437550147098165,浮盈15.5%后跌破BBI
688598.SH,2021-01-12,2021-02-08,186.95,216.21,5,139.1379000000001,15.651243648034244,移动止盈(锁定14.5%)
601808.SH,2021-02-01,2021-02-10,14.42,18.78,189,811.9411600000001,30.235783633841894,分批止盈(浮盈31.1%达20%)
300593.SZ,2021-02-08,2021-02-10,31.37,35.23,60,222.37239999999974,12.304749760918062,分批止盈(浮盈12.0%达10%)
600237.SH,2021-02-02,2021-02-18,4.901025641025641,4.95,3900,147.39,0.9992675525792614,第7天亏损(-0.6%)
000633.SZ,2021-02-18,2021-02-19,5.22,5.57,909,303.0237400000005,6.704980842911888,浮盈9.2%后跌破BBI
300567.SZ,2021-02-04,2021-02-22,56.07,54.05,400,-856.6450000000012,-3.602639557695743,第7天亏损(-3.9%)
000633.SZ,2021-02-18,2021-02-22,5.22,6.12,117,98.86792000000003,17.241379310344833,分批止盈(浮盈15.7%达10%)
000633.SZ,2021-02-18,2021-02-23,5.22,6.36,82,87.43696000000006,21.839080459770127,分批止盈(浮盈24.1%达20%)
300593.SZ,2021-02-08,2021-02-24,31.37,39.15,42,318.4713999999999,24.800765062161293,分批止盈(浮盈24.8%达20%)
000633.SZ,2021-02-18,2021-02-24,5.22,7.15,134,251.70380000000006,36.97318007662837,浮盈24.5%后跌破BBI
920167.BJ,2021-02-09,2021-02-25,32.5,31.2,400,-549.9600000000003,-4.000000000000002,第7天亏损(-5.4%)
000633.SZ,2021-02-18,2021-02-26,5.22,6.44,40,43.28480000000003,23.37164750957856,浮盈26.1%后跌破BBI
601808.SH,2021-02-01,2021-03-01,14.42,17.91,441,1518.29338,24.20249653259362,移动止盈(锁定22.1%)
000633.SZ,2021-02-18,2021-03-01,5.22,6.31,12,7.928559999999998,20.881226053639846,浮盈19.3%后跌破BBI
300593.SZ,2021-02-08,2021-03-09,31.37,36.57,68,343.62647999999996,16.576346828179787,浮盈16.6%后跌破BBI
000633.SZ,2021-02-18,2021-03-09,5.22,7.03,4,2.183760000000002,34.67432950191572,浮盈32.6%后跌破BBI
300593.SZ,2021-02-08,2021-03-10,31.37,37.33,21,118.59213999999994,18.999043672298367,浮盈19.4%后跌破BBI
000633.SZ,2021-02-18,2021-03-10,5.22,7.05,1,-3.1841,35.05747126436782,浮盈33.3%后跌破BBI
600576.SH,2021-02-22,2021-03-10,3.69,4.05,1800,628.4199999999998,9.756097560975606,分批止盈(浮盈13.8%达10%)
600315.SH,2021-03-01,2021-03-10,46.945,44.11,600,-1760.5485000000003,-6.038981787197787,第7天亏损(-6.3%)
300593.SZ,2021-02-08,2021-03-11,31.37,38.28,6,36.00064,22.027414727446605,浮盈22.6%后跌破BBI
000633.SZ,2021-02-18,2021-03-11,5.22,6.9,1,-3.333799999999999,32.18390804597702,浮盈32.0%后跌破BBI
300593.SZ,2021-02-08,2021-03-12,31.37,37.5,2,7.109999999999998,19.540962703219634,浮盈20.5%后跌破BBI
300593.SZ,2021-02-08,2021-03-15,31.37,36.26,1,-0.182520000000003,15.58814153649983,浮盈17.3%后跌破BBI
920522.BJ,2021-03-04,2021-03-16,2.990062893081761,2.99,15900,-107.96724999999631,-0.0021034033065422003,第8天亏损(-1.7%)
600576.SH,2021-02-22,2021-03-29,3.69,4.35,4200,2730.4599999999987,17.88617886178861,持仓超25天(17.9%)
603789.SH,2021-03-16,2021-04-06,13.209756097560975,13.2,4100,-161.77000000000004,-0.07385524372230436,第14天亏损(-0.1%)
603028.SH,2021-03-29,2021-04-08,11.79,11.61,3400,-700.8164999999992,-1.526717557251906,第7天亏损(-0.8%)
600307.SH,2021-03-29,2021-04-12,1.7799346405228758,1.95,4590,757.6990000000001,9.55458451143833,分批止盈(浮盈10.7%达10%)
300140.SZ,2021-04-06,2021-04-15,6.34,6.24,1100,-128.7279999999996,-1.5772870662460512,第7天亏损(-0.9%)
000807.SZ,2021-03-29,2021-04-16,9.710588235294118,11.17,510,727.9065999999999,15.029076811243028,分批止盈(浮盈16.2%达10%)
600307.SH,2021-03-29,2021-04-21,1.7799346405228758,1.94,7496,1165.7654546405229,8.99276612932839,浮盈9.0%后跌破BBI
600128.SH,2021-04-08,2021-04-21,6.605,6.5,5000,-598.1250000000022,-1.5897047691143136,第9天亏损(-1.0%)
600307.SH,2021-03-29,2021-04-27,1.7799346405228758,1.93,2249,323.8158534640523,8.430947747218449,浮盈9.0%后跌破BBI
000807.SZ,2021-03-29,2021-04-27,9.710588235294118,12.45,357,964.0806999999996,28.210564574751622,分批止盈(浮盈24.5%达20%)
600540.SH,2021-04-20,2021-04-29,5.65,5.57,3800,-351.62350000000026,-1.415929203539824,第7天亏损(-1.2%)
300521.SZ,2021-04-21,2021-04-30,19.29,18.77,1600,-899.5719999999994,-2.6956972524624137,第7天亏损(-2.7%)
002348.SZ,2021-04-29,2021-04-30,2.31,2.37,2029,107.12254000000011,2.5974025974025996,浮盈8.2%后跌破BBI
600307.SH,2021-03-29,2021-05-07,1.7799346405228758,2.08,965,280.54867189542495,16.858223478867558,持仓超25天(15.2%)
000807.SZ,2021-03-29,2021-05-07,9.710588235294118,13.87,833,3436.682579999999,42.833777562393976,持仓超25天(38.8%)
002348.SZ,2021-04-29,2021-05-11,2.361098620337251,2.58,1761,371.398569586101,9.27116630272233,分批止盈(浮盈12.2%达10%)
002474.SZ,2021-04-30,2021-05-12,5.735,6.29,1560,841.1751999999994,9.677419354838705,分批止盈(浮盈10.9%达10%)
002348.SZ,2021-04-29,2021-05-17,2.361098620337251,2.34,4110,-110.95012958610238,-0.8935933533448734,第9天亏损(-0.5%)
002474.SZ,2021-04-30,2021-05-20,5.735,6.5,2548,1911.0959999999993,13.339145597210106,浮盈10.9%后跌破BBI
002474.SZ,2021-04-30,2021-05-21,5.735,6.31,764,424.6583199999995,10.026155187445497,浮盈9.0%后跌破BBI
688518.SH,2021-05-13,2021-05-24,13.515,12.93,2800,-1719.459000000002,-4.328523862375145,第7天亏损(-4.2%)
002474.SZ,2021-04-30,2021-05-25,5.735,6.93,98,110.75171999999993,20.83696599825631,分批止盈(浮盈22.8%达20%)
920278.BJ,2021-05-13,2021-05-25,16.304761904761904,10.49,2100,-12260.56525,-35.662967289719624,硬止损(ATR=1.08)
002474.SZ,2021-04-30,2021-05-26,5.735,6.92,230,264.36679999999984,20.66259808195291,放量阴线
000009.SZ,2021-05-17,2021-05-26,9.985,9.82,4000,-748.3799999999966,-1.652478718077107,第7天亏损(-1.9%)
002099.SZ,2021-05-25,2021-05-28,10.493714285714285,9.09,3500,-4984.583749999996,-13.376715312568063,硬止损(ATR=0.45)
601339.SH,2021-05-24,2021-06-02,5.535,5.37,6400,-1133.3280000000002,-2.9810298102981037,第7天亏损(-2.6%)
600315.SH,2021-05-17,2021-06-04,56.075,55.74,600,-276.24900000000054,-0.5974141774409288,第14天亏损(-0.1%)
002011.SZ,2021-05-26,2021-06-04,4.450103092783505,4.47,9700,95.442250000001,0.4471111522957908,第7天亏损(-0.0%)
600569.SH,2021-05-26,2021-06-07,3.3552830188679246,3.29,5300,-385.8740000000001,-1.9456784569532704,第8天亏损(-1.3%)
920057.BJ,2021-06-04,2021-06-07,3.78,3.59,2300,-458.5139999999999,-5.026455026455025,硬止损(ATR=0.32)
600007.SH,2021-06-02,2021-06-09,20.68888888888889,18.44,900,-2062.1919999999996,-10.87003222341568,硬止损(ATR=1.35)
920627.BJ,2021-06-04,2021-06-09,10.38,13.0,330,851.0199999999999,25.240847784200376,分批止盈(浮盈25.2%达10%)
920057.BJ,2021-06-07,2021-06-09,3.4063265306122448,3.39,4900,-118.22199999999879,-0.4793002216763453,放量阴线
920267.BJ,2021-06-09,2021-06-16,19.355555555555554,19.25,900,-134.64999999999887,-0.5453501722158374,放量阴线
920627.BJ,2021-06-04,2021-06-17,10.38,13.5,231,709.4829999999997,30.057803468208082,分批止盈(浮盈30.1%达20%)
601999.SH,2021-06-07,2021-06-17,7.69,7.32,2400,-928.1360000000002,-4.811443433029909,第7天亏损(-4.2%)
300154.SZ,2021-05-28,2021-06-18,6.16,6.77,1920,1140.203199999999,9.902597402597394,分批止盈(浮盈10.1%达10%)
300154.SZ,2021-05-28,2021-06-21,6.16,6.62,4480,1994.0703999999996,7.467532467532467,放量阴线
688085.SH,2021-06-09,2021-06-23,35.15428571428571,45.0,210,2043.7000000000005,28.007152145643698,分批止盈(浮盈27.6%达10%)
688085.SH,2021-06-09,2021-06-24,35.15428571428571,42.06,490,3337.428850000002,19.64401820546165,放量阴线
920627.BJ,2021-06-04,2021-06-25,10.38,13.35,539,1581.4386999999997,28.612716763005768,放量阴线
600713.SH,2021-06-17,2021-06-29,4.825,4.8,6600,-236.28000000000233,-0.518134715025914,第8天亏损(-0.7%)
002094.SZ,2021-06-25,2021-06-29,4.0,4.42,1170,476.0571999999999,10.499999999999998,分批止盈(浮盈10.7%达10%)
300230.SZ,2021-06-21,2021-06-30,4.695,4.54,6600,-1090.4190000000015,-3.301384451544201,第7天亏损(-2.7%)
603997.SH,2021-06-23,2021-06-30,8.954528301886793,8.36,5300,-3250.6930000000048,-6.639415074063939,硬止损(ATR=0.29)
002094.SZ,2021-06-25,2021-06-30,4.0,4.07,2730,163.87780000000078,1.750000000000007,放量阴线
002675.SZ,2021-06-24,2021-07-06,20.06,22.7,240,617.7040000000002,13.160518444666005,分批止盈(浮盈13.2%达10%)
920284.BJ,2021-07-01,2021-07-06,5.994888888888889,6.0,4500,-37.7500000000012,0.085257812210397,放量阴线
300292.SZ,2021-06-30,2021-07-09,3.83,3.72,3700,-439.52799999999957,-2.872062663185375,第7天亏损(-2.9%)
300279.SZ,2021-06-29,2021-07-14,6.28,6.8,450,222.8799999999998,8.280254777070056,分批止盈(浮盈10.5%达10%)
002675.SZ,2021-06-24,2021-07-15,20.06,20.45,560,190.49600000000032,1.9441674975074805,放量阴线
002247.SZ,2021-06-30,2021-07-16,2.71,2.7,4600,-75.83999999999902,-0.3690036900368925,第12天亏损(-0.4%)
300279.SZ,2021-06-29,2021-07-20,6.28,6.19,1050,-112.49899999999985,-1.433121019108278,第15天亏损(-0.3%)
601696.SH,2021-07-09,2021-07-20,16.7,16.01,700,-510.4139999999984,-4.131736526946094,第7天亏损(-3.4%)
688135.SH,2021-07-16,2021-07-23,46.95,52.9,120,696.3039999999996,12.673056443024484,分批止盈(浮盈12.7%达10%)
601886.SH,2021-07-13,2021-07-27,7.72,7.26,2400,-1143.848,-5.958549222797927,第10天亏损(-6.0%)
920123.BJ,2021-07-16,2021-07-27,17.633333333333333,15.88,900,-1611.5839999999987,-9.943289224952734,第7天亏损(-9.9%)
688135.SH,2021-07-16,2021-07-28,46.95,51.41,280,1215.0103999999983,9.499467518636834,放量阴线
003016.SZ,2021-07-20,2021-07-29,15.33,12.79,1300,-3340.2540000000013,-16.56881930854534,第7天亏损(-17.9%)
300268.SZ,2021-07-22,2021-08-02,17.62,15.75,1000,-1906.500000000001,-10.612939841089677,第7天亏损(-12.3%)
603867.SH,2021-07-29,2021-08-03,28.236,30.89,150,383.8329999999999,9.399348349624592,分批止盈(浮盈10.5%达10%)
920090.BJ,2020-05-11,2021-08-10,4.095,2.93,5800,-6795.987999999997,-28.449328449328444,硬止损(ATR=0.37)
603867.SH,2021-07-29,2021-08-11,28.236,30.7,244,581.2343999999996,8.726448505454025,浮盈9.1%后跌破BBI
920885.BJ,2021-08-02,2021-08-11,19.175555555555555,17.88,900,-1203.1840000000002,-6.756286939390428,第7天亏损(-6.5%)
603867.SH,2021-07-29,2021-08-12,28.236,30.8,74,180.17759999999998,9.080606318175379,浮盈9.1%后跌破BBI
688590.SH,2021-08-03,2021-08-12,23.945714285714285,22.4,700,-1118.3600000000006,-6.455076959790004,第7天亏损(-6.2%)
603867.SH,2021-07-29,2021-08-13,28.236,31.09,22,56.420039999999986,10.107663975067286,浮盈9.6%后跌破BBI
603379.SH,2021-08-03,2021-08-13,20.09,22.45,300,689.5299999999997,11.747137879542057,分批止盈(浮盈10.9%达10%)
603379.SH,2021-08-03,2021-08-16,20.09,25.4,210,1099.4319999999996,26.43106022896963,分批止盈(浮盈22.0%达20%)
300241.SZ,2021-08-11,2021-08-20,9.97,9.35,700,-452.0900000000007,-6.218655967903721,第7天亏损(-6.1%)
300813.SZ,2021-08-10,2021-08-23,63.02,71.0,60,465.27999999999986,12.662646778800376,分批止盈(浮盈12.9%达10%)
300294.SZ,2021-08-12,2021-08-23,46.41,39.96,400,-2616.967999999998,-13.897866839043301,第7天亏损(-15.8%)
603379.SH,2021-08-03,2021-08-25,20.09,23.0,490,1398.3600000000001,14.484818317570932,移动止盈(锁定16.6%)
300813.SZ,2021-08-10,2021-08-26,63.02,80.0,42,701.4399999999998,26.943827356394788,分批止盈(浮盈29.7%达20%)
603867.SH,2021-07-29,2021-08-30,28.236,28.39,10,-4.027800000000001,0.5454030315908766,第22天亏损(-0.7%)
688663.SH,2021-08-25,2021-08-30,33.486,27.2,500,-3175.199999999999,-18.772024129486944,放量阴线
920414.BJ,2021-08-26,2021-08-31,16.0,17.5,420,610.3,9.375,浮盈9.4%后跌破BBI
300813.SZ,2021-08-10,2021-09-01,63.02,72.8,98,939.1711999999993,15.518882894319253,移动止盈(锁定11.7%)
002121.SZ,2021-08-24,2021-09-02,6.374242424242424,5.5,3300,-2926.2999999999997,-13.715236510577606,硬止损(ATR=0.44)
603779.SH,2021-08-24,2021-09-02,9.019130434782609,8.6,2300,-1008.5600000000007,-4.647126880061708,第7天亏损(-2.1%)
920414.BJ,2021-08-26,2021-09-02,16.0,19.68,54,191.59455999999994,23.0,分批止盈(浮盈19.6%达10%)
920414.BJ,2021-08-26,2021-09-03,16.0,20.31,37,152.96705999999992,26.937499999999993,分批止盈(浮盈24.5%达20%)
920445.BJ,2021-09-01,2021-09-03,17.77,20.54,180,486.2055999999999,15.58806978052898,分批止盈(浮盈10.9%达10%)
920445.BJ,2021-09-01,2021-09-06,17.77,18.68,420,361.50880000000006,5.120990433314576,放量阴线
300513.SZ,2021-08-30,2021-09-07,10.5128,11.75,750,905.2749999999997,11.768510767825886,分批止盈(浮盈14.1%达10%)
920866.BJ,2021-09-02,2021-09-07,7.4,7.5,270,17.949999999999907,1.3513513513513467,分批止盈(浮盈14.9%达10%)
920414.BJ,2021-08-26,2021-09-08,16.0,23.0,89,613.906,43.75,放量阴线
605090.SH,2021-09-02,2021-09-08,32.34888888888889,40.28,270,2114.6488000000013,24.517414302397484,分批止盈(浮盈20.9%达10%)
688080.SH,2021-08-31,2021-09-09,58.11666666666667,54.38,300,-1158.6279999999995,-6.429595640952105,第7天亏损(-6.4%)
605090.SH,2021-09-02,2021-09-09,32.34888888888889,40.6,189,1539.113200000001,25.506629113141454,分批止盈(浮盈21.4%达20%)
605090.SH,2021-09-02,2021-09-13,32.34888888888889,37.51,441,2237.9661800000003,15.954523596894967,放量阴线
920866.BJ,2021-09-02,2021-09-15,7.4,9.4,630,1243.156,27.027027027027025,放量阴线
300681.SZ,2021-09-06,2021-09-15,67.575,68.48,200,148.60800000000023,1.339252682204959,第7天亏损(-0.8%)
300767.SZ,2021-09-08,2021-09-17,103.005,99.39,200,-767.7559999999991,-3.509538371923688,第7天亏损(-4.9%)
601636.SH,2021-09-13,2021-09-17,23.49,19.9,1000,-3634.8,-15.283099191145169,放量阴线
688510.SH,2021-09-09,2021-09-22,29.815,28.18,600,-1019.8160000000009,-5.483816870702672,第7天亏损(-4.2%)
300513.SZ,2021-08-30,2021-09-23,10.5128,14.81,525,2235.4795,40.87588463587246,分批止盈(浮盈30.8%达20%)
000815.SZ,2021-09-15,2021-09-23,6.951860465116279,6.35,4300,-2649.4362499999997,-8.65754524470612,硬止损(ATR=0.37)
300513.SZ,2021-08-30,2021-09-24,10.5128,13.23,1225,3291.1565000000005,25.846587017730766,放量阴线
603855.SH,2021-09-15,2021-09-27,22.331818181818182,21.36,1100,-1121.8660000000011,-4.351719926725019,放量阴线
300986.SZ,2021-09-17,2021-09-30,45.69,43.01,400,-1111.408,-5.8656161085576715,第7天亏损(-5.9%)
920509.BJ,2021-09-22,2021-10-11,16.31153846153846,15.8,1300,-711.2149999999987,-3.1360528177316613,第8天亏损(-2.2%)
002244.SZ,2021-09-23,2021-10-11,4.57,4.56,11200,-226.91200000000757,-0.21881838074399723,第7天亏损(-0.9%)
688600.SH,2021-09-24,2021-10-12,18.02470588235294,16.5,1700,-2655.1124999999984,-8.458977873506946,第7天亏损(-8.0%)
920493.BJ,2021-09-23,2021-10-14,55.0,53.5,500,-810.1875,-2.727272727272727,第10天亏损(-2.7%)
920351.BJ,2021-10-14,2021-10-15,3.57,3.56,3600,-66.63199999999924,-0.28011204481792124,放量阴线
600623.SH,2021-10-08,2021-10-19,11.71,11.06,1400,-945.9680000000005,-5.55081127241674,第7天亏损(-5.2%)
002825.SZ,2021-10-11,2021-10-20,16.052307692307693,15.82,1300,-348.2735000000003,-1.447191872723789,第7天亏损(-1.4%)
600722.SH,2021-10-11,2021-10-20,7.065,6.38,2600,-1819.1760000000013,-9.695682944090594,第7天亏损(-5.7%)
920351.BJ,2021-10-15,2021-10-20,3.575,3.69,7400,789.5614999999982,3.2167832167832104,放量阴线
600691.SH,2021-10-12,2021-10-21,5.36,5.1,2600,-707.5200000000017,-4.850746268656729,第7天亏损(-4.3%)
920175.BJ,2021-10-20,2021-10-22,9.21,10.41,240,278.0031999999998,13.029315960912044,分批止盈(浮盈12.4%达10%)
920414.BJ,2021-10-20,2021-10-26,31.744444444444444,33.81,270,534.4426000000009,6.506825341267073,分批止盈(浮盈12.1%达10%)
920476.BJ,2021-10-20,2021-10-27,10.461515151515151,9.5,3300,-3243.537499999998,-9.190974133186566,硬止损(ATR=0.44)
920414.BJ,2021-10-20,2021-10-27,31.744444444444444,34.38,630,1611.6663500000022,8.302415120756049,放量阴线
920175.BJ,2021-10-20,2021-10-27,9.21,11.22,168,328.91008,21.824104234527685,分批止盈(浮盈23.9%达20%)
920090.BJ,2021-10-21,2021-10-27,5.84,5.06,4200,-3323.817000000001,-13.356164383561648,硬止损(ATR=0.35)
000880.SZ,2021-10-20,2021-10-29,8.43030303030303,7.6,3300,-2796.4299999999994,-9.849029475197698,第7天亏损(-9.6%)
920175.BJ,2021-10-20,2021-10-29,9.21,10.13,274,241.52875999999998,9.989142236699239,浮盈10.2%后跌破BBI
920810.BJ,2021-10-27,2021-11-01,4.25,5.17,1020,922.8531999999999,21.64705882352941,分批止盈(浮盈18.6%达10%)
920810.BJ,2021-10-27,2021-11-02,4.25,5.64,714,979.4060799999997,32.70588235294117,分批止盈(浮盈30.1%达20%)
920284.BJ,2021-10-19,2021-11-04,13.675238095238095,11.5,2100,-4622.337499999999,-15.906400167142557,放量阴线
600881.SH,2021-10-27,2021-11-05,3.5098795180722893,3.45,8300,-561.4287499999994,-1.7060277358231477,第7天亏损(-1.4%)
002153.SZ,2021-10-27,2021-11-11,23.245,25.96,360,953.7088,11.679931167993116,分批止盈(浮盈11.8%达10%)
920175.BJ,2021-10-20,2021-11-12,9.21,10.97,82,137.52092,19.10966340933767,浮盈19.3%后跌破BBI
000049.SZ,2021-11-12,2021-11-15,38.0,42.4,90,383.36799999999994,11.578947368421048,分批止盈(浮盈10.3%达10%)
920175.BJ,2021-10-20,2021-11-22,9.21,10.99,25,38.95049999999999,19.326818675352868,浮盈19.3%后跌破BBI
002153.SZ,2021-10-27,2021-11-22,23.245,28.5,252,1304.8959999999997,22.60701226070122,分批止盈(浮盈23.8%达20%)
000049.SZ,2021-11-12,2021-11-23,38.0,49.33,63,702.5744199999998,29.815789473684205,分批止盈(浮盈28.4%达20%)
920175.BJ,2021-10-20,2021-11-24,9.21,11.58,11,20.815239999999996,25.73289902280129,持仓超25天(25.7%)
688007.SH,2021-11-12,2021-11-25,32.66,32.7,800,-26.859999999995004,0.12247397428048455,第9天亏损(-0.2%)
920810.BJ,2021-10-27,2021-11-26,4.25,7.05,1666,4636.3094,65.88235294117646,放量阴线
920000.BJ,2021-11-23,2021-11-30,9.975,8.75,2400,-2987.249999999999,-12.280701754385962,硬止损(ATR=0.57)
002153.SZ,2021-10-27,2021-12-01,23.245,28.52,588,3063.160479999999,22.69305226930522,持仓超25天(22.0%)
920351.BJ,2021-11-25,2021-12-01,3.955,4.11,12200,1778.180500000003,3.919089759797731,放量阴线
920030.BJ,2021-11-24,2021-12-03,6.675,6.01,3200,-2171.464,-9.962546816479403,第7天亏损(-10.0%)
920145.BJ,2021-11-26,2021-12-07,14.022857142857143,12.53,700,-1067.5420000000006,-10.645884270578653,第7天亏损(-11.1%)
000049.SZ,2021-11-12,2021-12-08,38.0,44.87,147,991.6982199999995,18.078947368421048,移动止盈(锁定16.9%)
920932.BJ,2021-12-01,2021-12-10,19.585,19.04,600,-354.848000000001,-2.7827418943068762,第7天亏损(-3.4%)
920260.BJ,2021-12-01,2021-12-10,18.445,18.02,600,-281.6240000000005,-2.304147465437792,第7天亏损(-2.8%)
920436.BJ,2021-12-03,2021-12-14,22.695,22.22,600,-316.66400000000084,-2.092972020268788,第7天亏损(-3.9%)
688678.SH,2021-12-06,2021-12-14,27.197777777777777,29.59,270,624.9214000000003,8.795653239643766,分批止盈(浮盈11.0%达10%)
920810.BJ,2021-12-07,2021-12-16,6.49,6.33,4200,-731.8185000000005,-2.465331278890603,第7天亏损(-0.2%)
920454.BJ,2021-12-08,2021-12-20,13.187777777777777,13.15,900,-62.66999999999892,-0.2864605274243738,第8天亏损(-0.3%)
300928.SZ,2021-12-10,2021-12-21,49.78,47.92,300,-591.7519999999997,-3.7364403374849324,第7天亏损(-3.8%)
920985.BJ,2021-12-10,2021-12-21,9.129393939393939,9.26,3300,362.24450000000076,1.4306104159060005,第7天亏损(-1.4%)
688678.SH,2021-12-06,2021-12-23,27.197777777777777,32.8,189,1041.4215999999997,20.598088079091422,分批止盈(浮盈24.2%达20%)
600215.SH,2021-12-14,2021-12-23,9.275652173913043,9.1,2300,-451.0924999999999,-1.893690822161807,第7天亏损(-1.2%)
300373.SZ,2021-12-21,2021-12-24,63.03,70.0,30,199.89999999999998,11.058226241472314,分批止盈(浮盈10.6%达10%)
300373.SZ,2021-12-21,2021-12-28,63.03,69.98,49,328.69196000000017,11.026495319689042,浮盈9.3%后跌破BBI
300373.SZ,2021-12-21,2021-12-29,63.03,68.81,14,73.99332000000001,9.170236395367287,浮盈9.5%后跌破BBI
688367.SH,2021-12-24,2021-12-29,23.19181818181818,23.8,1100,610.0950000000013,2.6223981811767523,放量阴线
603359.SH,2021-12-21,2021-12-30,14.218695652173913,14.22,2300,-70.58849999999936,0.00917347032382548,第7天亏损(-0.8%)
920526.BJ,2021-12-16,2022-01-04,7.2155172413793105,7.08,2900,-439.1970000000002,-1.878136200716847,第12天亏损(-1.9%)
300857.SZ,2021-12-23,2022-01-04,30.591428571428573,29.09,700,-1096.816750000001,-4.908004109461104,第7天亏损(-5.3%)
688678.SH,2021-12-06,2022-01-11,27.197777777777777,31.02,308,1153.1361244444447,14.05343573821391,浮盈17.1%后跌破BBI
300373.SZ,2021-12-21,2022-01-11,63.03,62.49,7,-9.654859999999996,-0.8567348881484993,第14天亏损(-2.5%)
688678.SH,2021-12-06,2022-01-12,27.197777777777777,30.51,93,297.36180666666695,12.178282539423165,浮盈13.5%后跌破BBI
688678.SH,2021-12-06,2022-01-13,27.197777777777777,31.9,28,124.87582222222224,17.288994198872455,浮盈15.2%后跌破BBI
688678.SH,2021-12-06,2022-01-14,27.197777777777777,31.07,8,25.480657777777786,14.237274287114964,浮盈14.2%后跌破BBI
688678.SH,2021-12-06,2022-01-17,27.197777777777777,29.19,2,-1.132315555555551,7.324944848435338,浮盈12.0%后跌破BBI
002357.SZ,2022-01-04,2022-01-17,6.335,6.15,4200,-835.1174999999985,-2.9202841357537426,第9天亏损(-2.8%)
688678.SH,2021-12-06,2022-01-18,27.197777777777777,29.7,1,-2.5571777777777775,9.200098047226083,浮盈11.0%后跌破BBI
300291.SZ,2021-12-29,2022-01-18,6.358108108108108,6.98,1110,669.8044000000008,9.781083953241243,分批止盈(浮盈10.3%达10%)
688678.SH,2021-12-06,2022-01-19,27.197777777777777,30.09,1,-2.1679577777777768,10.634038728654307,浮盈10.0%后跌破BBI
300291.SZ,2021-12-29,2022-01-25,6.358108108108108,6.23,2590,-369.07139999999833,-2.014877789585537,第18天亏损(-2.0%)
000926.SZ,2022-01-04,2022-01-26,4.3,4.18,17200,-2225.7660000000024,-2.7906976744186074,第16天亏损(-3.0%)
002247.SZ,2022-01-04,2022-01-26,2.84,2.74,4400,-469.1119999999984,-3.521126760563368,第16天亏损(-3.5%)
688355.SH,2022-01-26,2022-01-28,30.07,32.4,140,312.12799999999976,7.748586631193875,浮盈8.3%后跌破BBI
688355.SH,2022-01-26,2022-02-08,30.07,33.23,18,50.68371999999994,10.508812770202848,分批止盈(浮盈10.6%达10%)
300165.SZ,2022-01-26,2022-02-11,6.816363636363636,6.49,1100,-378.27799999999985,-4.787943451587087,第7天亏损(-3.6%)
603598.SH,2022-02-10,2022-02-11,11.85,13.62,180,308.69679999999994,14.93670886075949,分批止盈(浮盈11.5%达10%)
688767.SH,2022-01-25,2022-02-14,77.44,70.29,100,-734.0579999999991,-9.232954545454534,第9天亏损(-7.8%)
688355.SH,2022-01-26,2022-02-14,30.07,29.0,42,-52.37600000000002,-3.558363817758564,第8天亏损(-3.6%)
603598.SH,2022-02-10,2022-02-14,11.85,12.0,420,47.92000000000015,1.2658227848101298,放量阴线
300572.SZ,2022-02-14,2022-02-16,21.95,24.62,140,361.90640000000025,12.16400911161732,浮盈10.0%后跌破BBI
300572.SZ,2022-02-14,2022-02-17,21.95,24.49,42,99.62283999999995,11.57175398633257,浮盈9.6%后跌破BBI
300572.SZ,2022-02-14,2022-02-22,21.95,24.08,12,19.98207999999999,9.703872437357628,浮盈9.5%后跌破BBI
920718.BJ,2022-02-17,2022-02-24,5.905,4.87,6800,-7112.511000000001,-17.527519051651144,硬止损(ATR=0.28)
688118.SH,2022-02-11,2022-02-25,25.288888888888888,25.56,900,192.2409999999998,1.0720562390158161,第10天亏损(-0.6%)
300572.SZ,2022-02-14,2022-02-25,21.95,20.86,6,-11.790319999999998,-4.965831435079727,第9天亏损(-5.0%)
605398.SH,2022-02-17,2022-02-28,44.07333333333333,43.01,300,-349.8059999999998,-2.412645590682195,第7天亏损(-1.6%)
002161.SZ,2022-02-24,2022-03-07,5.57,5.33,3400,-857.2440000000006,-4.308797127468585,第7天亏损(-4.1%)
920110.BJ,2022-02-10,2022-03-08,20.68,20.2,500,-265.2000000000002,-2.321083172147004,第18天亏损(-2.3%)
920876.BJ,2022-02-28,2022-03-10,10.294347826086957,9.27,2300,-2403.9722500000025,-9.950584955864352,第8天亏损(-13.0%)
600248.SH,2022-03-01,2022-03-10,5.811142857142857,5.8,3500,-84.67500000000148,-0.19174984020847377,第7天亏损(-2.3%)
000020.SZ,2022-03-01,2022-03-10,9.58,9.18,2400,-1009.572000000001,-4.175365344467644,第7天亏损(-6.1%)
300039.SZ,2022-03-10,2022-03-14,7.1,8.3,210,243.51400000000024,16.901408450704242,分批止盈(浮盈12.4%达10%)
920237.BJ,2022-03-10,2022-03-15,25.79,22.58,400,-1307.0640000000003,-12.446684761535483,放量阴线
300039.SZ,2022-03-10,2022-03-17,7.1,8.36,147,177.76216,17.746478873239436,分批止盈(浮盈22.4%达20%)
300039.SZ,2022-03-10,2022-03-21,7.1,9.56,343,832.2218400000003,34.64788732394368,放量阴线
002758.SZ,2022-03-15,2022-03-22,13.63,15.98,240,551.3295999999999,17.241379310344822,分批止盈(浮盈12.0%达10%)
002758.SZ,2022-03-15,2022-03-30,13.63,16.08,168,401.1971199999996,17.97505502567863,分批止盈(浮盈24.5%达20%)
300446.SZ,2022-03-10,2022-04-06,12.45,13.8,390,510.7360000000006,10.843373493975916,分批止盈(浮盈12.3%达10%)
002758.SZ,2022-03-15,2022-04-06,13.63,14.91,274,337.54931999999985,9.391049156272922,浮盈11.9%后跌破BBI
002758.SZ,2022-03-15,2022-04-11,13.63,14.98,82,103.24327999999998,9.9046221570066,浮盈8.7%后跌破BBI
002246.SZ,2022-03-31,2022-04-13,11.631818181818181,10.09,1100,-1723.197999999999,-13.255177803829616,第7天亏损(-12.1%)
300446.SZ,2022-03-10,2022-04-18,12.45,13.85,910,1243.7930000000003,11.244979919678718,持仓超25天(10.1%)
002758.SZ,2022-03-15,2022-04-20,13.63,14.76,25,22.511999999999976,8.290535583272186,浮盈8.6%后跌破BBI
002758.SZ,2022-03-15,2022-04-21,13.63,15.36,11,13.692079999999986,12.692589875275118,持仓超25天(12.6%)
002166.SZ,2022-04-15,2022-04-26,9.235333333333333,7.89,1500,-2046.6700000000003,-14.56724175268895,第7天亏损(-14.9%)
600295.SH,2022-04-26,2022-04-29,24.79,27.55,120,319.5880000000002,11.133521581282782,分批止盈(浮盈12.3%达10%)
300158.SZ,2022-04-21,2022-05-05,9.81,11.2,240,323.2239999999997,14.169215086646266,分批止盈(浮盈13.0%达10%)
600295.SH,2022-04-26,2022-05-06,24.79,26.0,196,221.96800000000016,4.881000403388467,浮盈9.5%后跌破BBI
300158.SZ,2022-04-21,2022-05-10,9.81,8.16,560,-938.1392000000003,-16.81957186544343,第10天亏损(-15.1%)
603266.SH,2022-05-06,2022-05-12,13.404444444444444,16.29,270,765.3034,21.526856763925732,分批止盈(浮盈17.9%达10%)
603266.SH,2022-05-06,2022-05-13,13.404444444444444,16.31,189,537.9848199999999,21.676061007957557,分批止盈(浮盈22.3%达20%)
603266.SH,2022-05-06,2022-05-17,13.404444444444444,14.7,308,384.9759111111111,9.665119363395226,浮盈14.1%后跌破BBI
000983.SZ,2022-05-12,2022-05-23,12.0,13.81,330,583.1854000000001,15.083333333333337,分批止盈(浮盈14.3%达10%)
603266.SH,2022-05-06,2022-05-25,13.404444444444444,15.79,93,213.91972666666666,17.796750663129973,浮盈18.6%后跌破BBI
603266.SH,2022-05-06,2022-05-26,13.404444444444444,15.72,28,58.9552355555556,17.27453580901858,浮盈17.3%后跌破BBI
603266.SH,2022-05-06,2022-05-27,13.404444444444444,15.26,8,9.600284444444448,13.842838196286477,浮盈13.5%后跌破BBI
603266.SH,2022-05-06,2022-05-30,13.404444444444444,14.93,2,-2.008608888888888,11.380968169761276,浮盈11.5%后跌破BBI
000983.SZ,2022-05-12,2022-05-30,12.0,14.6,231,588.8547999999998,21.666666666666664,分批止盈(浮盈20.9%达20%)
603266.SH,2022-05-06,2022-05-31,13.404444444444444,15.11,1,-3.324664444444444,12.723806366047747,浮盈13.5%后跌破BBI
603266.SH,2022-05-06,2022-06-01,13.404444444444444,15.05,1,-3.384544444444443,12.276193633952266,浮盈10.7%后跌破BBI
600295.SH,2022-04-26,2022-06-06,24.79,27.5,84,218.02000000000007,10.931827349737802,持仓超25天(11.5%)
920599.BJ,2022-06-01,2022-06-13,8.004905660377359,7.66,5300,-1919.3455000000017,-4.308678640456328,第7天亏损(-4.2%)
002775.SZ,2022-06-01,2022-06-13,4.115090909090909,3.96,5500,-902.004999999998,-3.768833119780842,第7天亏损(-3.3%)
300071.SZ,2022-06-01,2022-06-13,3.035,2.94,7200,-731.6280000000014,-3.130148270181225,第7天亏损(-3.1%)
600062.SH,2022-06-06,2022-06-15,22.51,20.68,400,-753.5440000000008,-8.129720124389168,第7天亏损(-7.4%)
300871.SZ,2022-06-13,2022-06-16,20.425,22.49,360,722.2071999999991,10.110159118727038,分批止盈(浮盈10.2%达10%)
000983.SZ,2022-05-12,2022-06-17,12.0,14.17,539,1149.35474,18.083333333333332,移动止盈(锁定19.3%)
002289.SZ,2022-06-13,2022-06-22,5.98,5.97,4400,-103.10300000000296,-0.1672240802675698,第7天亏损(-0.5%)
300871.SZ,2022-06-13,2022-06-22,20.425,25.5,252,1261.048,24.847001223990205,分批止盈(浮盈24.8%达20%)
000635.SZ,2022-06-15,2022-06-24,9.425,9.21,2200,-518.5894999999997,-2.281167108753314,第7天亏损(-1.6%)
600962.SH,2022-06-17,2022-06-28,10.644,10.26,1500,-611.7800000000004,-3.607666290868098,第7天亏损(-3.4%)
300871.SZ,2022-06-13,2022-06-30,20.425,23.18,588,1587.6803199999993,13.488372093023251,移动止盈(锁定12.3%)
000599.SZ,2022-06-22,2022-07-01,4.074390243902439,4.04,4100,-179.1279999999992,-0.8440586650703334,第7天亏损(-0.8%)
603139.SH,2022-06-28,2022-07-04,20.085,21.0,360,309.2799999999997,4.555638536221056,分批止盈(浮盈10.4%达10%)
301102.SZ,2022-06-30,2022-07-04,32.28,33.05,400,276.55999999999835,2.3853779429987485,放量阴线
000819.SZ,2022-06-24,2022-07-05,13.4,14.91,240,350.2432,11.268656716417908,分批止盈(浮盈11.2%达10%)
000819.SZ,2022-06-24,2022-07-12,13.4,16.28,168,473.3699200000001,21.49253731343284,分批止盈(浮盈20.1%达20%)
605068.SH,2022-07-01,2022-07-12,23.75,23.19,800,-490.103999999999,-2.3578947368420997,第7天亏损(-1.9%)
300871.SZ,2022-07-04,2022-07-13,22.25,21.55,600,-450.85999999999956,-3.1460674157303337,第7天亏损(-2.6%)
000819.SZ,2022-06-24,2022-07-14,13.4,15.29,274,504.4810799999997,14.104477611940288,浮盈12.5%后跌破BBI
603139.SH,2022-06-28,2022-07-15,20.085,25.6,252,1371.8776000000003,27.458302215583767,分批止盈(浮盈27.5%达20%)
603139.SH,2022-06-28,2022-07-18,20.085,25.1,588,2914.3024,24.96888225043565,放量阴线
603737.SH,2022-07-18,2022-07-21,109.48,104.64,100,-509.92800000000034,-4.4208987943003315,放量阴线
000819.SZ,2022-06-24,2022-07-26,13.4,18.12,82,379.0683200000001,35.223880597014926,浮盈32.7%后跌破BBI
000819.SZ,2022-06-24,2022-07-29,13.4,21.98,36,302.29744000000005,64.02985074626866,持仓超25天(59.5%)
002501.SZ,2022-07-21,2022-08-01,2.4546153846153844,2.32,9100,-1272.502,-5.48417424005014,第7天亏损(-5.1%)
603893.SH,2022-07-21,2022-08-02,93.695,92.51,200,-279.00399999999763,-1.2647419819627388,第8天亏损(-0.2%)
920092.BJ,2022-07-21,2022-08-03,16.44290322580645,15.42,3100,-3278.554499999996,-6.220940497910651,第9天亏损(-6.3%)
688189.SH,2022-07-29,2022-08-09,22.835,20.9,600,-1191.0800000000013,-8.473834026713387,第7天亏损(-6.9%)
002694.SZ,2022-08-02,2022-08-09,4.8133333333333335,5.35,1890,989.0769999999991,11.149584487534616,分批止盈(浮盈11.6%达10%)
300919.SZ,2022-08-01,2022-08-10,129.47,124.5,100,-526.9,-3.838727118251332,第7天亏损(-3.4%)
002694.SZ,2022-08-02,2022-08-11,4.8133333333333335,5.8,1323,1285.0131999999999,20.498614958448748,分批止盈(浮盈20.5%达20%)
002694.SZ,2022-08-02,2022-08-15,4.8133333333333335,5.79,3087,2974.22254,20.29085872576177,放量阴线
601369.SH,2022-08-09,2022-08-16,11.69,12.98,540,677.5816000000005,11.035072711719426,分批止盈(浮盈10.5%达10%)
601369.SH,2022-08-09,2022-08-17,11.69,14.1,378,895.3204000000001,20.615911035072713,分批止盈(浮盈20.3%达20%)
600996.SH,2022-08-10,2022-08-19,9.56,9.37,2000,-422.4800000000026,-1.987447698744783,第7天亏损(-1.8%)
000755.SZ,2022-08-12,2022-08-19,5.655,6.1,1959,842.855199999999,7.869142351900961,浮盈8.0%后跌破BBI
000678.SZ,2022-08-15,2022-08-19,6.89,7.96,780,817.1824000000003,15.529753265602327,分批止盈(浮盈18.4%达10%)
000826.SZ,2022-08-09,2022-08-22,3.495,3.82,2160,680.4975999999994,9.298998569384828,分批止盈(浮盈11.0%达10%)
601369.SH,2022-08-09,2022-08-22,11.69,12.75,617,633.2865000000003,9.067579127459371,浮盈9.8%后跌破BBI
000755.SZ,2022-08-12,2022-08-23,5.655,5.65,841,-18.708299999999912,-0.08841732979663824,第7天亏损(-0.1%)
601369.SH,2022-08-09,2022-08-29,11.69,11.36,265,-98.47080000000003,-2.822925577416596,第14天亏损(-1.8%)
000678.SZ,2022-08-15,2022-08-29,6.89,6.54,1820,-665.8055999999992,-5.0798258345428104,第10天亏损(-2.5%)
920510.BJ,2022-08-19,2022-08-30,11.252857142857144,11.0,2100,-582.9750000000015,-2.2470483686682807,第7天亏损(-4.0%)
300758.SZ,2022-08-30,2022-09-08,12.139090909090909,11.47,1100,-766.2339999999988,-5.5118699917621425,第7天亏损(-5.5%)
000826.SZ,2022-08-09,2022-09-14,3.495,3.61,5040,538.2111999999989,3.2904148783977045,移动止盈(锁定5.6%)
688125.SH,2022-09-07,2022-09-19,63.8,57.34,100,-662.4679999999994,-10.125391849529771,第7天亏损(-9.7%)
688156.SH,2022-09-07,2022-09-19,24.692307692307693,23.55,1300,-1553.8837500000004,-4.626168224299067,第7天亏损(-4.4%)
300396.SZ,2022-09-08,2022-09-20,17.1,15.88,2200,-2762.6060000000016,-7.134502923976611,第7天亏损(-7.0%)
603637.SH,2022-09-14,2022-09-23,8.865,8.44,4200,-1864.7580000000032,-4.794134235758609,第7天亏损(-5.2%)
002615.SZ,2022-09-20,2022-09-29,7.01,7.46,3000,1299.6450000000002,6.4194008559201166,放量阴线
300876.SZ,2022-09-23,2022-10-11,27.9,24.6,400,-1344.6799999999987,-11.827956989247303,第7天亏损(-11.9%)
920271.BJ,2022-10-11,2022-10-12,9.0,10.92,90,165.8344,21.333333333333332,分批止盈(浮盈22.2%达10%)
920271.BJ,2022-10-11,2022-10-13,9.0,10.55,63,91.32070000000006,17.222222222222232,分批止盈(浮盈20.1%达20%)
920271.BJ,2022-10-11,2022-10-14,9.0,10.55,102,150.9478000000001,17.222222222222232,浮盈15.0%后跌破BBI
920271.BJ,2022-10-11,2022-10-17,9.0,10.45,31,39.30209999999997,16.111111111111104,浮盈11.7%后跌破BBI
920271.BJ,2022-10-11,2022-10-18,9.0,10.2,9,5.616399999999993,13.333333333333325,浮盈14.1%后跌破BBI
920271.BJ,2022-10-11,2022-10-26,9.0,11.58,3,2.67052,28.666666666666668,浮盈27.8%后跌破BBI
000929.SZ,2022-10-17,2022-10-26,9.941052631578948,9.03,1900,-1770.3140000000028,-9.164548919949189,第7天亏损(-8.3%)
920475.BJ,2022-10-17,2022-10-26,6.31,6.25,2200,-164.49999999999915,-0.9508716323296293,第7天亏损(-1.0%)
920271.BJ,2022-10-11,2022-10-27,9.0,11.69,1,-2.333380000000001,29.888888888888882,浮盈27.8%后跌破BBI
920271.BJ,2022-10-11,2022-10-28,9.0,11.31,1,-2.7126199999999994,25.66666666666667,浮盈25.7%后跌破BBI
920163.BJ,2022-09-29,2022-11-04,5.685862068965517,5.6,2900,-286.4800000000005,-1.5100976408514797,第21天亏损(-0.3%)
300955.SZ,2022-11-03,2022-11-04,22.58,25.5,180,511.42000000000036,12.931798051372906,分批止盈(浮盈11.2%达10%)
300955.SZ,2022-11-03,2022-11-07,22.58,24.6,420,822.7360000000014,8.945969884853868,放量阴线
603658.SH,2022-11-03,2022-11-14,66.4,64.05,100,-252.81000000000085,-3.539156626506037,第7天亏损(-2.7%)
002137.SZ,2022-11-07,2022-11-18,6.316206896551724,6.96,870,542.9896000000003,10.192717148004592,分批止盈(浮盈11.9%达10%)
300559.SZ,2022-11-04,2022-11-24,9.73,9.69,2000,-123.76000000000184,-0.4110996916752407,第14天亏损(-0.9%)
920175.BJ,2022-11-14,2022-11-24,12.88,12.85,4000,-235.65000000000455,-0.23291925465839391,第8天亏损(-0.5%)
300137.SZ,2022-10-28,2022-11-25,5.96,6.32,5400,1867.212000000002,6.040268456375844,放量阴线
002137.SZ,2022-11-07,2022-11-28,6.316206896551724,6.21,2030,-245.81259999999926,-1.6814980619096958,第15天亏损(-0.3%)
688103.SH,2022-11-24,2022-12-05,71.72,71.88,300,-0.5190000000010215,0.22308979364193612,第7天亏损(-0.3%)
300323.SZ,2022-11-24,2022-12-09,7.18,7.16,4000,-144.4399999999983,-0.27855153203342026,第11天亏损(-0.4%)
002999.SZ,2022-11-28,2022-12-09,9.660526315789474,9.54,1900,-270.2520000000015,-1.2476164532824927,第9天亏损(-1.2%)
920810.BJ,2022-06-13,2022-12-19,8.55,8.99,1200,501.4239999999994,5.146198830409351,分批止盈(浮盈11.1%达10%)
920810.BJ,2022-06-13,2022-12-20,8.55,8.88,2800,868.0560000000002,3.8596491228070176,持仓超25天(4.2%)
688108.SH,2022-11-25,2022-12-20,6.365,6.26,4000,-476.34000000000174,-1.6496465043205095,第17天亏损(-2.6%)
920634.BJ,2022-12-09,2022-12-20,8.865,8.51,2800,-1047.6130000000012,-4.004512126339542,第7天亏损(-3.6%)
300838.SZ,2022-12-09,2022-12-20,17.015,15.96,2000,-2181.8199999999997,-6.200411401704377,第7天亏损(-6.7%)
600958.SH,2022-11-28,2022-12-29,8.620545454545455,8.84,5500,1097.6049999999946,2.5457153101469943,移动止盈(锁定3.2%)
301077.SZ,2022-12-20,2022-12-29,23.835454545454546,21.9,1100,-2183.202500000002,-8.12006560128152,第7天亏损(-8.0%)
002052.SZ,2022-12-20,2022-12-29,2.685,2.46,11400,-2628.0990000000006,-8.379888268156428,硬止损(ATR=0.10)
300965.SZ,2022-12-20,2022-12-29,45.37,43.6,600,-1120.8599999999979,-3.9012563367864144,第7天亏损(-3.9%)
300584.SZ,2022-12-29,2022-12-30,29.45,34.26,60,279.48879999999986,16.332767402376906,分批止盈(浮盈18.1%达10%)
300584.SZ,2022-12-29,2023-01-03,29.45,32.81,98,317.84924000000035,11.409168081494068,浮盈9.3%后跌破BBI
300584.SZ,2022-12-29,2023-01-04,29.45,32.42,29,79.24964000000007,10.084889643463505,浮盈9.5%后跌破BBI
300584.SZ,2022-12-29,2023-01-09,29.45,31.33,13,18.625419999999988,6.383701188455006,移动止盈(锁定4.8%)
688247.SH,2022-12-29,2023-01-10,17.455,16.48,600,-609.7759999999988,-5.5857920366657,第7天亏损(-4.8%)
920810.BJ,2022-12-29,2023-01-11,8.26,8.33,4400,225.53300000000127,0.8474576271186476,第8天亏损(-0.1%)
600664.SH,2022-12-29,2023-01-13,3.035,3.12,8400,655.0319999999997,2.800658978583195,第10天亏损(-0.5%)
000756.SZ,2023-01-04,2023-01-13,30.42,28.8,400,-676.0400000000004,-5.325443786982252,第7天亏损(-6.1%)
601728.SH,2022-12-20,2023-01-17,4.174947368421052,4.34,9500,1475.232500000002,3.9534062830921335,放量阴线
601021.SH,2023-01-10,2023-01-17,62.812,62.0,500,-475.7499999999988,-1.2927466089282267,放量阴线
600056.SH,2023-01-09,2023-01-18,16.15,15.14,1100,-1149.3079999999977,-6.253869969040236,第7天亏损(-6.5%)
002933.SZ,2023-01-11,2023-01-30,28.59,28.52,400,-55.816000000000116,-0.24484085344526157,第8天亏损(-0.3%)
002033.SZ,2023-01-13,2023-02-01,10.906521739130435,10.46,2300,-1081.130499999998,-4.094080127566267,第8天亏损(-4.0%)
600187.SH,2023-01-13,2023-02-07,2.895,2.9,9000,-13.72500000000096,0.17271157167529858,第12天亏损(-0.2%)
301268.SZ,2023-01-30,2023-02-08,60.318,57.98,500,-1234.2275000000004,-3.876123213634406,第7天亏损(-3.9%)
002875.SZ,2023-02-01,2023-02-10,17.71,16.96,600,-475.352,-4.2348955392433645,第7天亏损(-4.3%)
600576.SH,2023-01-17,2023-02-13,7.0,7.8,600,465.6399999999999,11.428571428571425,分批止盈(浮盈10.0%达10%)
002531.SZ,2023-01-18,2023-02-17,15.746956521739131,15.28,2300,-1153.0740000000028,-2.9653763322105102,第17天亏损(-2.8%)
601877.SH,2023-02-08,2023-02-17,31.12,30.5,1400,-964.0750000000014,-1.9922879177377921,第7天亏损(-1.6%)
002242.SZ,2023-02-08,2023-02-21,18.1884,19.93,750,1271.3049999999987,9.575333729190023,分批止盈(浮盈10.2%达10%)
000776.SZ,2023-02-10,2023-02-21,16.6288,16.51,2500,-389.8687499999917,-0.7144231694409501,第7天亏损(-0.4%)
603696.SH,2023-01-17,2023-02-24,9.842413793103448,9.99,2900,362.81525000000045,1.4994919945345635,放量阴线
600576.SH,2023-01-17,2023-02-28,7.0,7.56,1400,757.8319999999995,7.999999999999995,持仓超25天(7.6%)
301296.SZ,2023-02-21,2023-03-02,18.025,17.66,2200,-890.4169999999965,-2.0249653259361913,第7天亏损(-2.1%)
688526.SH,2023-02-21,2023-03-03,29.457272727272727,29.3,1100,-245.51749999999902,-0.5339011819893188,第8天亏损(-0.5%)
300217.SZ,2023-02-24,2023-03-03,7.410392156862745,7.12,5100,-1562.7019999999982,-3.918715105972001,放量阴线
002242.SZ,2023-02-08,2023-03-08,18.1884,18.4,1750,297.84999999999496,1.163378856853803,放量阴线
002117.SZ,2023-03-01,2023-03-10,9.88,9.62,2500,-704.1125000000038,-2.6315789473684363,第7天亏损(-1.7%)
002626.SZ,2023-03-02,2023-03-13,23.888461538461538,23.18,1300,-988.8014999999998,-2.965706005474158,第7天亏损(-1.9%)
002971.SZ,2023-03-03,2023-03-14,23.5,22.78,1400,-1079.7569999999985,-3.063829787234038,第7天亏损(-3.0%)
300539.SZ,2023-03-03,2023-03-14,14.288571428571428,13.33,2100,-2075.984249999999,-6.708658268346328,第7天亏损(-6.7%)
688176.SH,2023-02-17,2023-03-16,14.44,16.03,420,649.3348000000005,11.011080332409984,分批止盈(浮盈10.8%达10%)
603040.SH,2023-03-10,2023-03-21,21.425,20.11,1200,-1632.2970000000016,-6.137689614935828,第7天亏损(-6.9%)
002677.SZ,2023-03-14,2023-03-23,12.315454545454546,12.05,3300,-965.4712500000004,-2.1554587731601105,第7天亏损(-1.7%)
688176.SH,2023-02-17,2023-03-24,14.44,15.32,980,827.3728000000008,6.09418282548477,持仓超25天(5.6%)
920808.BJ,2023-03-13,2023-03-24,38.045,42.55,180,790.5819999999992,11.84124063608883,分批止盈(浮盈11.2%达10%)
001323.SZ,2023-03-14,2023-03-27,40.621428571428574,40.44,700,-190.69300000000314,-0.44663267100405535,第9天亏损(-0.5%)
920808.BJ,2023-03-13,2023-03-30,38.045,41.4,294,957.0267999999991,8.818504402681027,浮盈9.6%后跌破BBI
920808.BJ,2023-03-13,2023-03-31,38.045,40.99,126,355.74052000000006,7.740833223813905,移动止盈(锁定8.2%)
920770.BJ,2023-03-21,2023-04-03,6.15,6.07,1700,-161.6380000000001,-1.3008130081300824,第9天亏损(-1.5%)
688117.SH,2023-03-23,2023-04-03,34.025,34.32,1000,217.78000000000173,0.8670095518001519,第7天亏损(-1.0%)
688076.SH,2023-03-23,2023-04-03,29.125714285714285,28.7,700,-343.2024999999996,-1.4616441043751212,第7天亏损(-2.2%)
688566.SH,2023-03-24,2023-04-04,28.97,29.39,1000,353.8725000000017,1.4497756299620357,第7天亏损(-1.5%)
688619.SH,2023-04-03,2023-04-06,16.48,20.89,150,650.233,26.75970873786408,分批止盈(浮盈28.9%达10%)
688619.SH,2023-04-03,2023-04-07,16.48,21.5,105,517.5849999999998,30.461165048543688,分批止盈(浮盈27.8%达20%)
688480.SH,2023-03-31,2023-04-11,30.565,28.48,800,-1719.2640000000008,-6.821527891379031,硬止损(ATR=1.53)
688619.SH,2023-04-03,2023-04-11,16.48,23.0,245,1581.1299999999999,39.56310679611651,放量阴线
000426.SZ,2023-03-31,2023-04-12,7.85,9.01,1740,1982.0452000000002,14.77707006369427,分批止盈(浮盈14.6%达10%)
000028.SZ,2023-04-03,2023-04-12,44.26,48.7,240,1037.224000000001,10.031631269769555,分批止盈(浮盈10.4%达10%)
002771.SZ,2023-04-03,2023-04-13,13.86,13.74,700,-108.23599999999945,-0.8658008658008602,第7天亏损(-0.2%)
300284.SZ,2023-04-04,2023-04-14,6.1,6.05,9500,-604.3187499999983,-0.8196721311475381,第7天亏损(-0.5%)
002803.SZ,2023-04-11,2023-04-14,18.5,21.99,120,408.52239999999983,18.864864864864856,分批止盈(浮盈14.2%达10%)
002803.SZ,2023-04-11,2023-04-17,18.5,19.3,196,144.2344000000001,4.324324324324328,浮盈9.0%后跌破BBI
000426.SZ,2023-03-31,2023-04-18,7.85,9.5,1218,1981.5580000000007,21.019108280254784,分批止盈(浮盈21.9%达20%)
000028.SZ,2023-04-03,2023-04-18,44.26,54.98,168,1777.4867199999997,24.22051513782196,分批止盈(浮盈24.2%达20%)
000028.SZ,2023-04-03,2023-04-19,44.26,53.13,392,3430.179340000002,20.040668775418,放量阴线
000426.SZ,2023-03-31,2023-04-21,7.85,8.88,2842,2870.476840000003,13.121019108280269,移动止盈(锁定12.4%)
301045.SZ,2023-04-11,2023-04-24,19.757894736842104,19.4,1900,-762.9350000000005,-1.8114011720831127,第9天亏损(-3.3%)
601311.SH,2023-04-14,2023-04-26,9.190545454545454,9.2,5500,-61.850000000000385,0.10287251721136269,放量阴线
920305.BJ,2023-04-13,2023-04-27,14.0,13.01,1200,-1224.2240000000004,-7.071428571428573,第10天亏损(-0.3%)
920092.BJ,2023-04-19,2023-04-28,16.586190476190477,14.25,2100,-4973.331250000003,-14.085154029456525,硬止损(ATR=0.68)
688049.SH,2023-04-21,2023-04-28,38.775,32.81,600,-3623.371999999998,-15.383623468729843,硬止损(ATR=2.32)
002803.SZ,2023-04-11,2023-05-05,18.5,21.9,25,78.90499999999997,18.378378378378372,分批止盈(浮盈20.8%达20%)
300469.SZ,2023-04-28,2023-05-05,19.37,21.89,150,366.43299999999994,13.009808982963342,分批止盈(浮盈14.1%达10%)
300469.SZ,2023-04-28,2023-05-09,19.37,24.41,105,519.0739,26.019617965926685,分批止盈(浮盈26.0%达20%)
300846.SZ,2023-04-28,2023-05-11,15.51,17.35,120,211.6360000000002,11.863313990973575,分批止盈(浮盈11.3%达10%)
688661.SH,2023-04-28,2023-05-12,81.67,76.2,100,-567.2399999999999,-6.697685808742499,第7天亏损(-6.9%)
688400.SH,2023-04-28,2023-05-12,31.62,30.6,200,-221.23999999999992,-3.2258064516129017,第7天亏损(-3.1%)
300846.SZ,2023-04-28,2023-05-15,15.51,15.03,280,-147.81680000000014,-3.094777562862672,第8天亏损(-3.3%)
002803.SZ,2023-04-11,2023-05-16,18.5,20.82,41,88.41275999999999,12.540540540540542,浮盈15.3%后跌破BBI
300469.SZ,2023-04-28,2023-05-17,19.37,22.91,171,592.5047799999999,18.275684047496124,浮盈21.6%后跌破BBI
002803.SZ,2023-04-11,2023-05-19,18.5,22.78,18,71.21992000000003,23.13513513513514,持仓超25天(23.0%)
688428.SH,2023-05-04,2023-05-19,13.2868,13.18,2500,-341.1374999999994,-0.8038052804286945,第11天亏损(-1.3%)
300469.SZ,2023-04-28,2023-05-22,19.37,24.2,51,238.86159999999995,24.935467217346403,浮盈23.9%后跌破BBI
300469.SZ,2023-04-28,2023-05-23,19.37,24.2,16,71.50559999999996,24.935467217346403,浮盈22.6%后跌破BBI
002668.SZ,2023-05-12,2023-05-23,7.13,8.06,1620,1475.485600000001,13.043478260869573,分批止盈(浮盈14.9%达10%)
300469.SZ,2023-04-28,2023-05-24,19.37,23.59,4,11.691279999999995,21.78626742385131,浮盈21.8%后跌破BBI
300469.SZ,2023-04-28,2023-05-25,19.37,22.46,2,1.0901599999999996,15.952503871966957,浮盈16.7%后跌破BBI
300469.SZ,2023-04-28,2023-05-26,19.37,22.46,1,-1.95492,15.952503871966957,浮盈16.0%后跌破BBI
688569.SH,2023-05-16,2023-05-30,35.815,39.03,120,371.4328000000004,8.976685746195738,分批止盈(浮盈10.0%达10%)
605599.SH,2023-05-19,2023-05-30,11.664102564102564,11.37,3900,-1246.7717500000008,-2.5214332820400105,第7天亏损(-2.4%)
601019.SH,2023-05-19,2023-05-30,10.01,9.75,2000,-563.9999999999995,-2.5974025974025956,第7天亏损(-1.5%)
002668.SZ,2023-05-12,2023-06-01,7.13,7.49,3780,1297.097550000001,5.049088359046288,放量阴线
301239.SZ,2023-05-30,2023-06-08,121.96,119.99,100,-225.99799999999988,-1.61528369957363,第7天亏损(-0.7%)
920925.BJ,2023-06-01,2023-06-12,19.565555555555555,19.09,900,-467.36199999999974,-2.4305752740076083,第7天亏损(-2.9%)
688569.SH,2023-05-16,2023-06-14,35.815,36.0,280,26.64000000000064,0.5165433477593251,第21天亏损(-1.0%)
603933.SH,2023-06-12,2023-06-19,19.525,20.01,1000,439.977500000003,2.483994878361091,放量阴线
920300.BJ,2023-06-12,2023-06-21,7.587391304347826,7.12,2300,-1112.7520000000002,-6.160105438083778,第7天亏损(-5.2%)
920475.BJ,2023-06-12,2023-06-21,7.405,6.96,3600,-1658.3760000000009,-6.009453072248484,第7天亏损(-5.7%)
300030.SZ,2023-06-14,2023-06-27,7.44,7.16,4800,-1421.328000000001,-3.7634408602150566,第7天亏损(-4.3%)
300510.SZ,2023-06-19,2023-06-30,7.17,6.89,1400,-416.29200000000037,-3.905160390516042,第7天亏损(-3.9%)
920876.BJ,2023-06-08,2023-07-06,7.7,8.67,930,880.9737999999999,12.597402597402594,分批止盈(浮盈10.0%达10%)
000526.SZ,2023-06-27,2023-07-06,26.038,25.75,500,-174.7500000000001,-1.1060757354635542,第7天亏损(-0.6%)
920876.BJ,2023-06-08,2023-07-11,7.7,8.12,2170,871.1591999999979,5.454545454545442,放量阴线
300413.SZ,2023-06-30,2023-07-11,34.52,33.6,500,-498.6000000000009,-2.665121668597919,第7天亏损(-2.4%)
300901.SZ,2023-07-04,2023-07-13,12.586,11.86,1500,-1129.5800000000013,-5.768313999682193,第7天亏损(-6.3%)
300731.SZ,2023-07-04,2023-07-13,20.305,19.24,1400,-1551.6060000000016,-5.245013543462208,第7天亏损(-4.9%)
603081.SH,2023-07-06,2023-07-19,16.94,17.02,2000,83.40999999999661,0.4722550177095531,第9天亏损(-0.2%)
600835.SH,2023-07-12,2023-07-21,15.109130434782609,14.96,2300,-420.4179999999977,-0.9870219562026925,第7天亏损(-0.3%)
688355.SH,2023-07-12,2023-07-21,27.650909090909092,26.54,1100,-1287.6865000000023,-4.017622304050508,第7天亏损(-4.7%)
002031.SZ,2023-07-14,2023-07-21,4.0005263157894735,4.3,1710,492.394,7.485857124062624,分批止盈(浮盈11.0%达10%)
002031.SZ,2023-07-14,2023-07-25,4.0005263157894735,4.04,3990,120.26080000000094,0.9867122747007031,第7天亏损(-0.0%)
920425.BJ,2023-07-14,2023-07-25,14.278,14.05,1500,-389.41874999999965,-1.5968623056450466,第7天亏损(-2.4%)
920663.BJ,2023-07-21,2023-07-28,13.182222222222222,14.48,270,337.58080000000007,9.844908968307488,分批止盈(浮盈13.6%达10%)
920663.BJ,2023-07-21,2023-08-01,13.182222222222222,14.39,441,514.9380200000002,9.162171274443699,浮盈8.9%后跌破BBI
002976.SZ,2023-07-25,2023-08-03,32.52,32.01,600,-349.4120000000031,-1.5682656826568422,第7天亏损(-1.1%)
002893.SZ,2023-07-25,2023-08-03,13.315,12.43,1200,-1096.8319999999997,-6.646639128802101,第7天亏损(-5.7%)
300669.SZ,2023-07-26,2023-08-04,14.903703703703703,14.84,2700,-262.1529999999997,-0.42743538767395556,第7天亏损(-0.2%)
300342.SZ,2023-07-26,2023-08-04,11.406190476190476,11.26,2100,-360.2035,-1.2816766167077194,第7天亏损(-1.6%)
920139.BJ,2023-07-31,2023-08-09,10.655849056603774,10.5,5300,-951.2125000000023,-1.4625681705503264,第7天亏损(-1.8%)
603429.SH,2023-08-03,2023-08-11,10.235686274509805,10.8,5100,2754.0700000000006,5.513198728018084,放量阴线
688571.SH,2023-08-03,2023-08-14,6.685,6.47,6800,-1560.9909999999993,-3.216155572176513,第7天亏损(-3.2%)
301345.SZ,2023-08-04,2023-08-15,49.78,49.7,700,-134.2774999999988,-0.16070711128967113,第7天亏损(-0.2%)
688190.SH,2023-08-04,2023-08-15,77.815,77.55,400,-175.79500000000024,-0.34055130758851193,第7天亏损(-0.3%)
920663.BJ,2023-07-21,2023-08-16,13.182222222222222,13.18,189,-10.402040000000067,-0.016857720836145586,第18天亏损(-0.2%)
300983.SZ,2023-08-09,2023-08-18,32.98888888888889,32.83,900,-209.48074999999997,-0.48164365106096324,第7天亏损(-0.4%)
920873.BJ,2023-08-11,2023-08-22,3.08,3.02,15000,-1001.9250000000008,-1.9480519480519498,第7天亏损(-2.3%)
600381.SH,2023-08-16,2023-08-25,8.54,8.1,3100,-1420.4974999999981,-5.152224824355967,第7天亏损(-4.7%)
300740.SZ,2023-08-18,2023-08-29,19.93,18.4,1200,-1885.6800000000012,-7.676869041645766,第7天亏损(-5.7%)
603383.SH,2023-08-22,2023-09-04,63.785,64.01,200,14.396000000001704,0.35274751117035125,第9天亏损(-0.6%)
600716.SH,2023-08-25,2023-09-05,3.94,3.87,3900,-308.1859999999994,-1.7766497461928894,第7天亏损(-2.0%)
920504.BJ,2023-08-30,2023-09-05,10.22923076923077,11.25,390,384.32500000000005,9.97894420213566,分批止盈(浮盈12.4%达10%)
603665.SH,2023-08-30,2023-09-08,27.27,26.77,1400,-784.3254999999999,-1.8335166850018336,第7天亏损(-1.8%)
920504.BJ,2023-08-30,2023-09-11,10.22923076923077,10.11,910,-131.90020000000044,-1.1655888103474252,第8天亏损(-0.5%)
601995.SH,2023-09-05,2023-09-14,38.61571428571428,38.2,700,-351.16499999999616,-1.0765417483629762,第7天亏损(-0.7%)
601059.SH,2023-09-05,2023-09-14,18.16888888888889,17.44,900,-692.3920000000003,-4.011741682974561,第7天亏损(-3.8%)
301148.SZ,2023-09-12,2023-09-14,26.13,28.12,180,343.0768000000004,7.615767317259863,分批止盈(浮盈14.0%达10%)
002515.SZ,2023-08-29,2023-09-15,4.990649350649351,4.98,7700,-168.27849999999773,-0.21338607265534953,第13天亏损(-0.6%)
301148.SZ,2023-09-12,2023-09-21,26.13,25.63,420,-236.5292,-1.9135093761959436,第7天亏损(-2.2%)
301136.SZ,2023-09-12,2023-09-21,15.55,14.4,600,-712.2800000000002,-7.395498392282961,第7天亏损(-7.1%)
002833.SZ,2023-09-15,2023-10-12,19.07,18.49,1600,-994.5640000000028,-3.0414263240692283,第13天亏损(-3.4%)
000830.SZ,2023-09-25,2023-10-12,11.18468085106383,11.1,4700,-515.3824999999997,-0.7571145944300709,第7天亏损(-0.8%)
920429.BJ,2023-09-25,2023-10-12,7.354576271186441,7.16,5900,-1243.0490000000013,-2.645648967551626,第7天亏损(-2.2%)
688138.SH,2023-09-21,2023-10-13,20.852222222222224,23.27,270,635.2341999999993,11.59482069590237,分批止盈(浮盈10.8%达10%)
301095.SZ,2023-09-21,2023-10-13,74.32666666666667,88.26,90,1233.1132000000002,18.74607588124496,分批止盈(浮盈18.7%达10%)
301095.SZ,2023-09-21,2023-10-16,74.32666666666667,88.89,63,901.2898600000001,19.59368553233474,分批止盈(浮盈20.5%达20%)
301095.SZ,2023-09-21,2023-10-23,74.32666666666667,82.69,102,831.1912399999995,11.25213023589559,浮盈10.9%后跌破BBI
920651.BJ,2023-10-12,2023-10-23,12.3,11.2,1000,-1127.4000000000015,-8.94308943089432,第7天亏损(-8.3%)
688138.SH,2023-09-21,2023-10-24,20.852222222222224,20.97,630,42.777799999998166,0.5648212287525837,第17天亏损(-0.0%)
301095.SZ,2023-09-21,2023-10-24,74.32666666666667,81.74,31,219.74545333333313,9.973988698537976,浮盈9.0%后跌破BBI
920249.BJ,2023-10-13,2023-10-24,4.575,4.14,3800,-1689.4640000000018,-9.508196721311487,第7天亏损(-10.6%)
003015.SZ,2023-10-13,2023-10-24,10.67,10.06,900,-572.1079999999995,-5.716963448922206,第7天亏损(-3.7%)
002708.SZ,2023-10-24,2023-11-02,7.653684210526316,8.3,570,353.9380000000005,8.444505570072904,分批止盈(浮盈10.4%达10%)
301095.SZ,2023-09-21,2023-11-03,74.32666666666667,87.86,14,182.00658666666664,18.207911023410166,持仓超25天(18.9%)
300809.SZ,2023-10-24,2023-11-03,23.785714285714285,23.54,700,-209.9559999999999,-1.0330330330330324,第8天亏损(-2.2%)
688475.SH,2023-10-30,2023-11-07,50.102,49.9,500,-157.13749999999908,-0.40317751786355477,放量阴线
002708.SZ,2023-10-24,2023-11-09,7.653684210526316,8.22,930,506.3844842105271,7.3992573236143695,浮盈8.7%后跌破BBI
300301.SZ,2023-10-30,2023-11-15,1.785229357798165,1.94,3270,488.41240000000016,8.669510252325404,分批止盈(浮盈10.9%达10%)
605128.SH,2023-11-06,2023-11-15,53.75,53.98,600,65.1269999999981,0.4279069767441802,第7天亏损(-0.4%)
688166.SH,2023-11-06,2023-11-15,36.225,33.67,400,-1053.9360000000001,-7.053140096618356,第7天亏损(-6.7%)
603399.SH,2023-11-07,2023-11-17,10.655,10.48,2400,-476.5919999999974,-1.6424213984044949,第8天亏损(-1.5%)
002708.SZ,2023-10-24,2023-11-23,7.653684210526316,8.42,280,204.85322105263162,10.012377939760695,浮盈9.4%后跌破BBI
002870.SZ,2023-11-15,2023-11-24,36.06818181818182,35.63,1100,-570.1842499999993,-1.214870825456835,第7天亏损(-1.6%)
002708.SZ,2023-10-24,2023-11-27,7.653684210526316,8.46,84,61.309246315789565,10.535002062989973,浮盈9.5%后跌破BBI
002708.SZ,2023-10-24,2023-11-28,7.653684210526316,8.38,25,12.738894736842127,9.489753816531438,浮盈8.6%后跌破BBI
002708.SZ,2023-10-24,2023-11-29,7.653684210526316,8.76,11,6.976753684210527,14.45468298720946,持仓超25天(13.4%)
300301.SZ,2023-10-30,2023-12-04,1.785229357798165,1.81,7630,156.37940000000106,1.3875327611902026,持仓超25天(1.4%)
603317.SH,2023-11-17,2023-12-04,14.355714285714285,14.87,3500,1682.8987499999996,3.582446014528809,放量阴线
688037.SH,2023-11-24,2023-12-06,147.25,145.73,200,-369.57850000000207,-1.0322580645161359,第8天亏损(-0.2%)
002991.SZ,2023-11-15,2023-12-11,74.95,73.55,600,-939.2925000000034,-1.8679119412942036,第18天亏损(-1.3%)
300811.SZ,2023-12-04,2023-12-15,54.89666666666667,53.8,300,-366.28000000000134,-1.9976926346469204,第9天亏损(-1.6%)
300707.SZ,2023-12-06,2023-12-15,18.104285714285716,17.68,700,-326.75200000000126,-2.3435650595754853,第7天亏损(-2.7%)
300044.SZ,2023-12-11,2023-12-15,6.318260869565218,6.9,690,386.87800000000004,9.207266721717591,分批止盈(浮盈11.7%达10%)
300044.SZ,2023-12-11,2023-12-21,6.318260869565218,5.91,1610,-681.3302,-6.461601981833197,第8天亏损(-4.9%)
603867.SH,2023-12-13,2023-12-22,31.675,31.66,1400,-120.7290000000008,-0.04735595895817069,第7天亏损(-0.0%)
000518.SZ,2023-12-13,2023-12-22,3.515,3.38,6800,-969.7140000000016,-3.8406827880512155,第7天亏损(-3.6%)
688525.SH,2023-12-22,2024-01-03,70.15,48.49,100,-2180.698000000001,-30.876692801140415,硬止损(ATR=5.52)
300294.SZ,2023-12-21,2024-01-08,32.885,32.38,1200,-693.4259999999946,-1.5356545537478956,第11天亏损(-1.7%)
688192.SH,2023-12-22,2024-01-08,44.125,43.28,400,-377.62399999999957,-1.9150141643059466,第10天亏损(-1.4%)
300394.SZ,2023-12-29,2024-01-10,90.675,84.59,200,-1255.8359999999984,-6.7107802591673495,第7天亏损(-5.7%)
002755.SZ,2023-12-29,2024-01-11,10.4,10.36,1700,-108.22400000000155,-0.38461538461539346,第8天亏损(-0.6%)
603721.SH,2024-01-03,2024-01-12,27.04,25.98,400,-449.7839999999995,-3.920118343195262,第7天亏损(-3.4%)
920642.BJ,2024-01-10,2024-01-19,11.195,10.8,800,-338.27999999999963,-3.5283608753907956,第7天亏损(-3.1%)
600764.SH,2024-01-11,2024-01-22,23.58,20.82,500,-1405.8199999999993,-11.704834605597956,第7天亏损(-12.0%)
920576.BJ,2024-01-12,2024-01-30,21.246,20.21,500,-543.2099999999989,-4.876211992845702,第12天亏损(-2.1%)
605118.SH,2024-01-19,2024-01-30,19.428571428571427,17.5,700,-1379.4999999999989,-9.926470588235286,第7天亏损(-8.6%)
605198.SH,2024-01-22,2024-01-31,22.09307692307692,21.09,1300,-1365.688249999998,-4.540231886076384,第7天亏损(-5.1%)
300833.SZ,2024-01-26,2024-02-06,101.88,95.81,100,-631.1619999999994,-5.957989791912047,第7天亏损(-3.9%)
920627.BJ,2024-01-26,2024-02-06,14.11,10.14,300,-1202.0839999999994,-28.136073706591063,第7天亏损(-26.4%)
920199.BJ,2024-01-30,2024-02-08,16.56,15.33,500,-635.3299999999992,-7.4275362318840505,第7天亏损(-8.2%)
920058.BJ,2024-01-30,2024-02-08,21.025,18.1,400,-1189.4799999999989,-13.912009512485124,第7天亏损(-13.3%)
300374.SZ,2024-02-08,2024-02-20,13.4,14.64,150,176.60800000000003,9.253731343283583,分批止盈(浮盈11.6%达10%)
920247.BJ,2024-02-08,2024-02-21,20.733333333333334,22.6,90,158.93200000000007,9.003215434083604,分批止盈(浮盈13.1%达10%)
300374.SZ,2024-02-08,2024-02-22,13.4,16.31,105,297.1248999999998,21.71641791044775,分批止盈(浮盈23.7%达20%)
920247.BJ,2024-02-08,2024-02-22,20.733333333333334,22.8,147,292.0967999999999,9.967845659163986,浮盈10.6%后跌破BBI
920247.BJ,2024-02-08,2024-02-23,20.733333333333334,23.2,44,101.49173333333327,11.897106109324751,浮盈12.9%后跌破BBI
000020.SZ,2024-02-06,2024-02-26,12.88,15.01,210,435.99579999999975,16.537267080745334,分批止盈(浮盈13.3%达10%)
000020.SZ,2024-02-06,2024-02-27,12.88,15.0,147,302.2299999999999,16.45962732919254,分批止盈(浮盈20.5%达20%)
920247.BJ,2024-02-08,2024-02-27,20.733333333333334,23.2,13,26.463466666666648,11.897106109324751,浮盈14.4%后跌破BBI
920247.BJ,2024-02-08,2024-02-28,20.733333333333334,26.18,1,0.3943066666666655,26.2700964630225,分批止盈(浮盈29.9%达20%)
920510.BJ,2024-02-21,2024-02-28,20.302,22.81,150,364.3569999999999,12.353462713033196,分批止盈(浮盈12.9%达10%)
000020.SZ,2024-02-06,2024-02-29,12.88,13.7,240,185.22399999999962,6.366459627329181,浮盈10.0%后跌破BBI
920510.BJ,2024-02-21,2024-03-01,20.302,26.0,105,587.83,28.066200374347357,分批止盈(浮盈23.2%达20%)
000020.SZ,2024-02-06,2024-03-05,12.88,14.51,72,110.27055999999993,12.655279503105582,浮盈13.9%后跌破BBI
920247.BJ,2024-02-08,2024-03-05,20.733333333333334,23.7,3,3.757799999999995,14.308681672025713,浮盈16.1%后跌破BBI
000020.SZ,2024-02-06,2024-03-06,12.88,14.08,21,19.608639999999983,9.316770186335397,浮盈9.9%后跌破BBI
920247.BJ,2024-02-08,2024-03-06,20.733333333333334,23.2,1,-2.579733333333335,11.897106109324751,浮盈11.5%后跌破BBI
300374.SZ,2024-02-08,2024-03-07,13.4,16.84,171,577.4807199999999,25.67164179104477,浮盈28.0%后跌破BBI
920247.BJ,2024-02-08,2024-03-07,20.733333333333334,24.45,1,-1.3322333333333352,17.92604501607716,浮盈15.6%后跌破BBI
000020.SZ,2024-02-06,2024-03-08,12.88,13.78,7,1.10707999999999,6.987577639751541,浮盈8.1%后跌破BBI
300374.SZ,2024-02-08,2024-03-08,13.4,15.56,51,103.57288000000001,16.119402985074625,浮盈16.2%后跌破BBI
000020.SZ,2024-02-06,2024-03-11,12.88,14.11,2,-2.596440000000003,9.549689440993777,浮盈9.7%后跌破BBI
300374.SZ,2024-02-08,2024-03-11,13.4,15.55,16,28.902400000000007,16.044776119402986,浮盈16.4%后跌破BBI
000020.SZ,2024-02-06,2024-03-12,12.88,14.01,1,-3.8980200000000007,8.77329192546583,浮盈8.7%后跌破BBI
300374.SZ,2024-02-08,2024-03-12,13.4,15.72,4,4.1542400000000015,17.313432835820898,浮盈17.6%后跌破BBI
920510.BJ,2024-02-21,2024-03-12,20.302,24.59,171,719.8382200000001,21.121071815584674,浮盈20.6%后跌破BBI
300374.SZ,2024-02-08,2024-03-13,13.4,15.88,2,-0.10351999999999917,18.507462686567166,浮盈20.5%后跌破BBI
920510.BJ,2024-02-21,2024-03-13,20.302,23.55,51,158.24590000000003,15.998423800610784,浮盈20.6%后跌破BBI
300374.SZ,2024-02-08,2024-03-14,13.4,15.93,1,-2.5018600000000006,18.880597014925367,浮盈18.3%后跌破BBI
920510.BJ,2024-02-21,2024-03-14,20.302,23.4,16,43.81919999999998,15.259580336912615,浮盈15.3%后跌破BBI
920510.BJ,2024-02-21,2024-03-15,20.302,21.99,7,6.508139999999992,8.31445177814993,移动止盈(锁定10.1%)
600088.SH,2024-03-14,2024-03-22,21.68,23.79,240,489.9807999999998,9.732472324723245,分批止盈(浮盈11.5%达10%)
300523.SZ,2024-03-12,2024-03-26,20.71,20.56,500,-100.56000000000107,-0.7242877836793923,第10天亏损(-0.0%)
002423.SZ,2024-03-15,2024-03-26,8.02,7.7,3200,-1079.4399999999982,-3.9900249376558534,第7天亏损(-4.4%)
600378.SH,2024-03-07,2024-03-27,30.116666666666667,34.28,270,1100.5888000000002,13.824017708909796,分批止盈(浮盈14.1%达10%)
600088.SH,2024-03-14,2024-03-27,21.68,20.78,560,-532.2735999999992,-4.151291512915122,第9天亏损(-2.9%)
000581.SZ,2024-02-28,2024-03-28,16.76,16.6,2800,-552.5800000000004,-0.9546539379474948,第21天亏损(-0.2%)
000733.SZ,2024-03-27,2024-04-09,52.5,49.01,400,-1440.208000000001,-6.647619047619051,第7天亏损(-6.2%)
600378.SH,2024-03-07,2024-04-10,30.116666666666667,32.59,441,1056.9956200000013,8.212506917542898,浮盈8.4%后跌破BBI
300466.SZ,2024-03-28,2024-04-10,8.38,8.08,600,-194.69600000000045,-3.5799522673031112,第7天亏损(-3.6%)
300669.SZ,2024-04-01,2024-04-12,14.08,14.05,1000,-63.099999999999355,-0.2130681818181773,第7天亏损(-0.2%)
605056.SH,2024-04-01,2024-04-12,13.92,12.4,1300,-2013.2399999999993,-10.919540229885055,第7天亏损(-10.1%)
600378.SH,2024-03-07,2024-04-15,30.116666666666667,31.96,189,331.3091200000001,6.120641947980078,持仓超25天(6.1%)
600577.SH,2024-04-12,2024-04-23,4.605744680851064,4.39,4700,-1060.4242500000025,-4.684251859380064,第7天亏损(-5.1%)
300843.SZ,2024-04-12,2024-04-23,19.28,17.99,600,-800.5880000000016,-6.690871369294619,第7天亏损(-7.9%)
300738.SZ,2024-04-15,2024-04-24,10.655,9.67,1200,-1210.2079999999994,-9.244486156733924,第7天亏损(-10.4%)
920438.BJ,2024-04-16,2024-04-25,19.245,17.05,600,-1342.4600000000003,-11.405559885684594,第7天亏损(-11.2%)
300133.SZ,2024-04-16,2024-04-29,6.84,8.34,660,973.9911999999999,21.92982456140351,分批止盈(浮盈17.0%达10%)
300133.SZ,2024-04-16,2024-04-30,6.84,8.31,462,666.4615600000004,21.491228070175445,分批止盈(浮盈24.4%达20%)
002581.SZ,2024-04-25,2024-04-30,12.51578947368421,14.0,570,825.0400000000003,11.858704793944497,分批止盈(浮盈10.8%达10%)
603619.SH,2024-04-26,2024-05-10,26.29,25.63,1000,-717.6675000000001,-2.510460251046026,第7天亏损(-2.8%)
300133.SZ,2024-04-16,2024-05-13,6.84,7.8,754,707.0775999999998,14.035087719298245,浮盈15.4%后跌破BBI
001337.SZ,2024-04-24,2024-05-13,24.905,27.19,180,396.5116,9.174864485043164,分批止盈(浮盈11.1%达10%)
300133.SZ,2024-04-16,2024-05-14,6.84,7.73,324,278.35096000000016,13.011695906432758,移动止盈(锁定10.7%)
002581.SZ,2024-04-25,2024-05-14,12.51578947368421,12.95,1330,538.0529999999999,3.4693019343986538,移动止盈(锁定4.6%)
600566.SH,2024-04-26,2024-05-17,40.111111111111114,39.76,900,-396.51400000000467,-0.8753462603878245,第12天亏损(-0.8%)
001337.SZ,2024-04-24,2024-05-22,24.905,26.74,420,743.2383999999988,7.367998393896796,放量阴线
920415.BJ,2024-05-10,2024-05-22,7.485,7.12,1400,-535.9360000000001,-4.876419505678025,第8天亏损(-4.6%)
920924.BJ,2024-05-13,2024-05-22,11.595,10.95,1800,-1205.4200000000026,-5.562742561448912,第7天亏损(-4.9%)
920245.BJ,2024-05-14,2024-05-23,11.278947368421052,11.2,1900,-197.88000000000088,-0.6999533364442413,第7天亏损(-1.6%)
603657.SH,2024-05-14,2024-05-27,14.05,13.56,1100,-573.8320000000003,-3.4875444839857668,第9天亏损(-3.6%)
688027.SH,2024-05-17,2024-05-28,180.08,165.0,100,-1546.0000000000014,-8.374055975122175,第7天亏损(-7.7%)
300009.SZ,2024-05-22,2024-05-29,10.103414634146342,9.37,4100,-3093.4382500000033,-7.259076863653929,硬止损(ATR=0.32)
000952.SZ,2024-05-22,2024-05-31,6.2081395348837205,5.75,4300,-2025.631249999998,-7.379659112193289,第7天亏损(-7.7%)
300171.SZ,2024-05-22,2024-05-31,15.205,14.2,1800,-1866.5100000000014,-6.609667872410396,第7天亏损(-7.2%)
300239.SZ,2024-05-23,2024-06-03,5.233265306122449,5.06,4900,-904.7864999999998,-3.31084506493,第7天亏损(-2.9%)
600682.SH,2024-05-28,2024-06-06,6.52,6.15,4400,-1688.8849999999966,-5.674846625766859,第7天亏损(-5.7%)
301260.SZ,2024-05-29,2024-06-07,15.395,13.89,1600,-2458.0039999999985,-9.775901266645008,第7天亏损(-10.3%)
600743.SH,2024-05-31,2024-06-12,1.3550898203592814,1.22,16700,-2301.841499999999,-9.969067609368095,第7天亏损(-10.0%)
600889.SH,2024-05-31,2024-06-12,5.245217391304347,4.91,2300,-798.5859999999986,-6.390915119363385,第7天亏损(-6.2%)
300737.SZ,2024-06-03,2024-06-13,5.119230769230769,4.87,3900,-1014.9859999999981,-4.868519909842214,第7天亏损(-4.9%)
300680.SZ,2024-06-12,2024-06-21,19.115,18.39,600,-462.06799999999873,-3.7928328537797436,第7天亏损(-3.8%)
301389.SZ,2024-06-12,2024-06-21,16.05,15.79,800,-238.26400000000126,-1.6199376947040596,第7天亏损(-0.4%)
920931.BJ,2024-06-13,2024-06-25,8.265,8.12,1800,-295.2320000000024,-1.7543859649122968,第8天亏损(-2.0%)
603836.SH,2024-06-21,2024-07-02,13.805,13.18,1400,-916.904,-4.527345164795364,第7天亏损(-4.2%)
001301.SZ,2024-06-21,2024-07-02,44.965,43.8,400,-506.04000000000246,-2.5909040364728257,第7天亏损(-2.5%)
002922.SZ,2024-07-02,2024-07-03,19.36,18.73,500,-338.7299999999995,-3.2541322314049532,放量阴线
300293.SZ,2024-06-25,2024-07-04,14.643333333333333,13.9,900,-699.0199999999991,-5.07625768267698,第7天亏损(-4.7%)
003026.SZ,2024-07-02,2024-07-10,28.64857142857143,31.5,210,580.5699999999998,9.953126558292606,分批止盈(浮盈11.6%达10%)
688508.SH,2024-07-02,2024-07-12,35.71,38.91,180,556.9923999999993,8.961075329039472,分批止盈(浮盈10.1%达10%)
688429.SH,2024-07-03,2024-07-12,16.484545454545454,14.44,1100,-2285.7680000000005,-12.402801522086806,硬止损(ATR=1.03)
600530.SH,2024-07-02,2024-07-17,2.4049473684210527,2.4,9500,-98.3000000000017,-0.2057162866021872,第11天亏损(-0.6%)
003026.SZ,2024-07-02,2024-07-18,28.64857142857143,23.22,343,-1882.9289200000005,-18.948838137030023,浮盈8.7%后跌破BBI
003026.SZ,2024-07-02,2024-07-19,28.64857142857143,25.18,147,-522.2829200000001,-12.107310262291817,第13天亏损(-13.0%)
300461.SZ,2024-07-12,2024-07-19,17.175,18.41,180,210.67239999999993,7.190684133915572,分批止盈(浮盈10.5%达10%)
688508.SH,2024-07-02,2024-07-23,35.71,38.29,420,1046.4363999999994,7.224866984038079,放量阴线
688076.SH,2024-07-12,2024-07-24,68.88333333333334,65.7,300,-999.4200000000012,-4.621340430679899,第8天亏损(-3.4%)
300461.SZ,2024-07-12,2024-07-26,17.175,17.12,420,-42.480799999999874,-0.32023289665210897,第10天亏损(-0.8%)
600992.SH,2024-07-17,2024-07-26,14.928,14.97,1500,12.47624999999972,0.2813504823151113,第7天亏损(-0.1%)
600236.SH,2024-07-19,2024-07-30,7.625,7.5,5200,-737.75,-1.639344262295082,第7天亏损(-1.5%)
600711.SH,2024-07-26,2024-08-06,4.61,3.88,1900,-1406.744000000001,-15.835140997830809,第7天亏损(-11.5%)
002916.SZ,2024-07-26,2024-08-06,110.705,107.65,200,-659.4424999999985,-2.7595862878822026,第7天亏损(-6.0%)
603893.SH,2024-07-30,2024-08-08,59.735,56.0,400,-1544.3999999999999,-6.252615719427471,第7天亏损(-5.4%)
600117.SH,2024-08-01,2024-08-12,2.284959349593496,2.18,12300,-1351.3315000000005,-4.593488703077744,第7天亏损(-3.7%)
920267.BJ,2024-08-01,2024-08-12,12.138823529411765,11.37,1700,-1350.658000000001,-6.333591781352981,第7天亏损(-7.1%)
301226.SZ,2024-08-12,2024-08-19,20.01,22.66,180,463.84239999999977,13.24337831084457,分批止盈(浮盈16.6%达10%)
300960.SZ,2024-08-08,2024-08-21,19.176,18.91,500,-156.90999999999914,-1.387150604922811,第9天亏损(-2.8%)
301226.SZ,2024-08-12,2024-08-21,20.01,19.18,420,-369.7112000000008,-4.147926036981518,第7天亏损(-5.6%)
300923.SZ,2024-08-12,2024-08-21,19.26,18.91,500,-198.91000000000074,-1.817237798546217,第7天亏损(-0.4%)
600280.SH,2024-08-19,2024-08-28,2.52,2.45,6400,-484.359999999999,-2.7777777777777715,第7天亏损(-7.5%)
002685.SZ,2024-08-19,2024-08-28,2.88,2.75,5600,-763.7999999999994,-4.513888888888886,第7天亏损(-3.5%)
000953.SZ,2024-08-21,2024-08-28,3.18,3.47,450,122.37700000000004,9.119496855345913,分批止盈(浮盈14.8%达10%)
603863.SH,2024-08-28,2024-09-02,23.93,26.5,210,523.5699999999999,10.739657333890515,分批止盈(浮盈11.6%达10%)
300110.SZ,2024-08-28,2024-09-06,3.1402739726027398,3.1,7300,-344.9174999999997,-1.2824986913278646,第7天亏损(-1.3%)
603863.SH,2024-08-28,2024-09-18,23.93,23.69,490,-145.81619999999924,-1.0029251984956058,第13天亏损(-1.0%)
600326.SH,2024-09-06,2024-09-19,5.15,5.11,2400,-125.52800000000008,-0.7766990291262142,第7天亏损(-0.6%)
000953.SZ,2024-08-21,2024-09-25,3.18,3.81,315,191.04969999999994,19.811320754716977,分批止盈(浮盈21.4%达20%)
000953.SZ,2024-08-21,2024-09-27,3.18,3.98,735,577.1493999999999,25.15723270440251,持仓超25天(26.4%)
300972.SZ,2024-09-18,2024-09-30,30.335714285714285,36.0,210,1169.38,18.6720037673652,分批止盈(浮盈15.0%达10%)
605218.SH,2024-09-19,2024-09-30,17.73,20.5,180,486.2199999999999,15.623237450648617,分批止盈(浮盈11.2%达10%)
002520.SZ,2024-09-25,2024-09-30,4.125111111111111,4.69,1350,744.9370000000007,13.693907234821973,分批止盈(浮盈10.1%达10%)
300972.SZ,2024-09-18,2024-10-08,30.335714285714285,47.96,147,2571.66976,58.097480574523196,分批止盈(浮盈34.8%达20%)
605218.SH,2024-09-19,2024-10-08,17.73,23.65,126,734.9601999999996,33.38973491257754,分批止盈(浮盈21.4%达20%)
301023.SZ,2024-09-25,2024-10-08,33.81,49.89,240,3830.2528,47.55989352262643,分批止盈(浮盈24.4%达10%)
003015.SZ,2024-09-26,2024-10-08,11.39,14.86,240,820.6671999999996,30.465320456540812,分批止盈(浮盈18.6%达10%)
002520.SZ,2024-09-25,2024-10-09,4.125111111111111,5.11,945,916.0621000000006,23.875451166298564,分批止盈(浮盈27.8%达20%)
301023.SZ,2024-09-25,2024-10-09,33.81,44.0,168,1692.1359999999995,30.13901212658976,分批止盈(浮盈39.5%达20%)
003015.SZ,2024-09-26,2024-10-09,11.39,14.55,168,520.9912,27.74363476733977,分批止盈(浮盈30.4%达20%)
301023.SZ,2024-09-25,2024-10-10,33.81,41.73,392,3066.923679999998,23.42502218278614,移动止盈(锁定20.9%)
300972.SZ,2024-09-18,2024-10-11,30.335714285714285,48.55,343,6209.194699999999,60.04238285848834,放量阴线
605218.SH,2024-09-19,2024-10-14,17.73,19.17,294,407.0880400000003,8.121827411167521,移动止盈(锁定8.1%)
002520.SZ,2024-09-25,2024-10-14,4.125111111111111,4.48,2205,757.7732000000012,8.603135269083676,移动止盈(锁定7.1%)
003015.SZ,2024-09-26,2024-10-14,11.39,12.64,392,475.09024,10.974539069359086,移动止盈(锁定8.9%)
000908.SZ,2024-10-10,2024-10-15,3.57,4.14,840,466.84479999999985,15.966386554621845,分批止盈(浮盈10.4%达10%)
002480.SZ,2024-10-11,2024-10-16,4.15536231884058,4.35,6900,1275.4662499999956,4.6840122767857,放量阴线
000908.SZ,2024-10-10,2024-10-21,3.57,4.09,1372,697.21704,14.565826330532214,浮盈9.8%后跌破BBI
300808.SZ,2024-10-14,2024-10-21,17.7,19.5,180,311.98000000000013,10.169491525423734,分批止盈(浮盈10.6%达10%)
688399.SH,2024-10-14,2024-10-22,82.06333333333333,73.96,300,-2480.923000000002,-9.874487184694756,硬止损(ATR=3.62)
000908.SZ,2024-10-10,2024-10-23,3.57,4.21,176,106.15808000000001,17.927170868347343,分批止盈(浮盈21.3%达20%)
300808.SZ,2024-10-14,2024-10-23,17.7,21.4,126,455.80719999999997,20.903954802259882,分批止盈(浮盈20.9%达20%)
688429.SH,2024-10-16,2024-10-28,16.8,22.01,300,1544.794,31.01190476190477,分批止盈(浮盈23.2%达10%)
300808.SZ,2024-10-14,2024-10-29,17.7,25.0,294,2126.5000000000005,41.24293785310735,放量阴线
688429.SH,2024-10-16,2024-10-29,16.8,21.9,210,1056.8019999999997,30.357142857142843,分批止盈(浮盈25.0%达20%)
002162.SZ,2024-10-22,2024-10-29,3.26,3.88,1320,803.1568000000002,19.018404907975466,分批止盈(浮盈11.3%达10%)
688429.SH,2024-10-16,2024-10-30,16.8,19.8,490,1445.596,17.857142857142858,放量阴线
002162.SZ,2024-10-22,2024-10-30,3.26,3.47,3080,620.4248000000013,6.4417177914110555,放量阴线
002649.SZ,2024-10-30,2024-11-01,11.87,13.85,360,697.8280000000002,16.680707666385853,分批止盈(浮盈14.8%达10%)
002649.SZ,2024-10-30,2024-11-04,11.87,11.9,840,0.2080000000009541,0.2527379949452497,放量阴线
000965.SZ,2024-10-14,2024-11-07,3.13,3.48,1920,653.6368000000002,11.182108626198087,分批止盈(浮盈12.1%达10%)
300245.SZ,2024-10-29,2024-11-07,11.345,11.06,1200,-373.54400000000015,-2.512119876597621,第7天亏损(-1.1%)
000908.SZ,2024-10-10,2024-11-08,3.57,4.68,288,311.9843199999999,31.092436974789916,浮盈32.5%后跌破BBI
301357.SZ,2024-10-30,2024-11-08,38.405,38.1,400,-157.4799999999999,-0.7941674261163904,第7天亏损(-1.8%)
000908.SZ,2024-10-10,2024-11-14,3.57,5.85,124,276.2692,63.86554621848739,持仓超25天(56.0%)
000965.SZ,2024-10-14,2024-11-14,3.13,3.48,3136,1070.7734400000004,11.182108626198087,浮盈9.3%后跌破BBI
000965.SZ,2024-10-14,2024-11-18,3.13,3.24,1344,134.13088000000045,3.514376996805122,持仓超25天(1.9%)
000935.SZ,2024-11-07,2024-11-18,17.336923076923078,16.24,1300,-1473.5020000000038,-6.327092022362249,第7天亏损(-6.4%)
300548.SZ,2024-11-08,2024-11-19,25.191111111111113,22.78,900,-2216.1295000000005,-9.571277346506706,第7天亏损(-10.5%)
603656.SH,2024-11-14,2024-11-25,20.56111111111111,19.27,900,-1201.6859999999995,-6.279383950283704,第7天亏损(-7.6%)
300815.SZ,2024-11-21,2024-12-02,16.154666666666667,15.57,1500,-929.5487500000007,-3.6191812479366154,第7天亏损(-3.7%)
603708.SH,2024-11-19,2024-12-03,10.001052631578947,10.89,570,489.2854000000006,8.88853804862647,分批止盈(浮盈10.1%达10%)
603708.SH,2024-11-19,2024-12-06,10.001052631578947,10.98,1330,1267.7932000000012,9.788443321755613,放量阴线
688576.SH,2024-11-04,2024-12-09,61.488,65.48,500,1922.3350000000023,6.4923237054384675,持仓超25天(6.5%)
002855.SZ,2024-12-02,2024-12-16,23.315714285714286,23.11,700,-181.35400000000047,-0.882298878745178,第10天亏损(-0.7%)
000695.SZ,2024-12-06,2024-12-17,12.36,12.05,1400,-472.7399999999982,-2.5080906148867212,第7天亏损(-1.9%)
000801.SZ,2024-12-09,2024-12-17,15.96,17.3,300,386.61999999999995,8.395989974937342,分批止盈(浮盈11.8%达10%)
603201.SH,2024-11-21,2024-12-18,18.225,17.42,1400,-1181.8729999999994,-4.417009602194785,第19天亏损(-4.4%)
000801.SZ,2024-12-09,2024-12-19,15.96,15.01,700,-691.0140000000007,-5.952380952380959,第8天亏损(-3.8%)
920002.BJ,2024-12-19,2024-12-25,67.41,74.8,30,212.21200000000002,10.962765168372647,分批止盈(浮盈15.0%达10%)
600817.SH,2024-12-02,2024-12-26,12.082941176470587,11.75,1700,-610.9499999999987,-2.7554646803953005,第18天亏损(-2.6%)
920367.BJ,2024-12-18,2024-12-27,16.395,15.5,400,-375.3999999999998,-5.458981396767305,第7天亏损(-6.0%)
920002.BJ,2024-12-19,2024-12-27,67.41,73.24,49,273.49247999999994,8.648568461652571,浮盈10.4%后跌破BBI
920002.BJ,2024-12-19,2025-01-06,67.41,65.2,21,-54.14839999999987,-3.2784453345200912,第11天亏损(-1.6%)
002523.SZ,2024-12-25,2025-01-06,3.3433333333333333,2.98,4500,-1666.82,-10.867397806580257,第7天亏损(-10.3%)
002426.SZ,2024-12-25,2025-01-06,2.955,2.97,5000,40.30000000000062,0.5076142131979737,第7天亏损(-1.2%)
000619.SZ,2024-12-26,2025-01-06,6.3124,6.48,750,110.98000000000015,2.6550915658069862,分批止盈(浮盈10.7%达10%)
002291.SZ,2024-12-27,2025-01-08,6.95,5.85,2000,-2228.4000000000005,-15.82733812949641,第7天亏损(-15.3%)
000619.SZ,2024-12-26,2025-01-14,6.3124,5.75,1750,-1009.3250000000004,-8.909448070464485,第12天亏损(-9.4%)
300613.SZ,2025-01-08,2025-01-20,52.01,58.68,30,191.57920000000004,12.824456835224,分批止盈(浮盈12.1%达10%)
605158.SH,2025-01-14,2025-01-23,10.06,9.63,400,-184.7039999999999,-4.27435387673956,第7天亏损(-4.5%)
300613.SZ,2025-01-08,2025-01-24,52.01,57.69,49,267.66637999999995,10.920976735243222,浮盈11.4%后跌破BBI
300613.SZ,2025-01-08,2025-02-05,52.01,64.41,6,68.62707999999999,23.841568929052105,分批止盈(浮盈21.4%达20%)
600080.SH,2025-01-20,2025-02-06,7.401111111111111,7.13,2700,-775.5019999999993,-3.6631136465996064,第7天亏损(-3.3%)
300613.SZ,2025-01-08,2025-02-14,52.01,63.0,10,103.64000000000003,21.13055181695828,浮盈23.5%后跌破BBI
300613.SZ,2025-01-08,2025-02-17,52.01,63.69,5,52.7631,22.457219765429727,移动止盈(锁定23.1%)
001313.SZ,2025-01-27,2025-02-17,8.7,8.65,2200,-153.05999999999764,-0.5747126436781487,第9天亏损(-0.8%)
300715.SZ,2025-02-13,2025-02-18,8.28,9.13,720,593.8528000000009,10.265700483091805,分批止盈(浮盈10.4%达10%)
603777.SH,2025-02-07,2025-02-19,15.495,14.52,600,-607.4239999999998,-6.292352371732815,第8天亏损(-6.3%)
300354.SZ,2025-02-17,2025-02-20,39.2,44.29,90,445.12779999999964,12.98469387755101,分批止盈(浮盈12.4%达10%)
300354.SZ,2025-02-17,2025-02-21,39.2,47.32,63,500.59767999999985,20.714285714285708,分批止盈(浮盈21.5%达20%)
000573.SZ,2025-02-13,2025-02-24,4.19,4.05,3600,-538.1600000000021,-3.341288782816242,第7天亏损(-3.6%)
688220.SH,2025-02-19,2025-02-24,69.89,86.48,30,487.5112000000001,23.73730147374446,分批止盈(浮盈20.3%达10%)
300926.SZ,2025-02-17,2025-02-25,24.445,26.7,480,1051.7679999999996,9.224790345673958,分批止盈(浮盈10.5%达10%)
688220.SH,2025-02-19,2025-02-25,69.89,82.5,21,256.34499999999997,18.042638431821434,分批止盈(浮盈25.9%达20%)
300926.SZ,2025-02-17,2025-02-26,24.445,29.38,336,1633.4166399999997,20.18817754141951,分批止盈(浮盈20.6%达20%)
300354.SZ,2025-02-17,2025-02-27,39.2,52.02,147,1864.2461199999998,32.70408163265306,放量阴线
688220.SH,2025-02-19,2025-03-04,69.89,95.0,49,1216.08,35.92788667906711,放量阴线
300926.SZ,2025-02-17,2025-03-06,24.445,27.86,784,2628.2149599999993,13.970137042339942,移动止盈(锁定13.2%)
688178.SH,2025-02-24,2025-03-10,15.507619047619048,15.51,2100,-68.28475000000188,0.015353436098993173,第10天亏损(-0.4%)
300715.SZ,2025-02-13,2025-03-11,8.28,10.0,504,851.8000000000004,20.772946859903392,分批止盈(浮盈23.2%达20%)
688078.SH,2025-02-27,2025-03-11,37.065,36.0,600,-687.5999999999987,-2.8733306353702894,第8天亏损(-1.7%)
688099.SH,2025-02-17,2025-03-14,81.62333333333333,78.7,300,-930.1224999999996,-3.5814922203618234,第19天亏损(-3.5%)
600050.SH,2025-03-06,2025-03-17,6.45,6.18,5400,-1533.0870000000027,-4.1860465116279135,第7天亏损(-3.9%)
688577.SH,2025-03-06,2025-03-18,53.19,59.6,30,183.7240000000001,12.0511374318481,分批止盈(浮盈12.2%达10%)
603665.SH,2025-03-10,2025-03-19,16.96846153846154,18.72,390,663.498399999999,10.322317421460612,分批止盈(浮盈10.6%达10%)
300715.SZ,2025-02-13,2025-03-20,8.28,10.57,1176,2663.179360000001,27.657004830917884,持仓超25天(27.7%)
301058.SZ,2025-03-11,2025-03-20,12.166896551724138,11.85,2900,-996.3212500000008,-2.6045799795941527,第7天亏损(-2.6%)
688577.SH,2025-03-06,2025-03-25,53.19,57.07,49,179.52714000000014,7.294604248918975,浮盈8.4%后跌破BBI
688577.SH,2025-03-06,2025-03-26,53.19,52.33,21,-25.257859999999987,-1.6168452716676058,第14天亏损(-0.7%)
002575.SZ,2025-03-17,2025-03-26,10.185,9.41,1600,-1275.1120000000005,-7.609229258713798,第7天亏损(-7.7%)
300293.SZ,2025-03-17,2025-03-26,25.35333333333333,22.24,900,-2847.036,-12.27977912174599,硬止损(ATR=1.28)
300126.SZ,2025-03-20,2025-03-31,7.7908,6.58,2500,-3064.899999999999,-15.541407814345124,硬止损(ATR=0.49)
002326.SZ,2025-03-20,2025-03-31,11.203333333333333,10.42,2700,-2178.3014999999996,-6.991966676584349,第7天亏损(-7.0%)
603665.SH,2025-03-10,2025-04-07,16.96846153846154,15.9,910,-1006.238000000001,-6.296749626002997,第19天亏损(-0.2%)
000665.SZ,2025-03-26,2025-04-07,5.22,4.67,3200,-1794.8879999999995,-10.536398467432948,第7天亏损(-4.6%)
300938.SZ,2025-03-26,2025-04-08,34.31,28.57,400,-2323.8560000000007,-16.729816380064126,第8天亏损(-19.1%)
301379.SZ,2025-03-31,2025-04-09,28.695714285714285,21.27,700,-5232.778,-25.87743316572908,硬止损(ATR=1.87)
603315.SH,2025-03-31,2025-04-10,13.13,11.41,1200,-2096.384000000001,-13.099771515613105,第7天亏损(-14.7%)
002713.SZ,2025-04-07,2025-04-11,4.205,4.43,2240,479.1535999999992,5.350772889417351,浮盈8.4%后跌破BBI
002713.SZ,2025-04-07,2025-04-14,4.205,4.87,288,183.71488000000002,15.81450653983353,分批止盈(浮盈13.0%达10%)
605069.SH,2025-04-07,2025-04-15,7.915,9.04,1120,1234.750399999999,14.2135186355022,浮盈9.7%后跌破BBI
002713.SZ,2025-04-07,2025-04-15,4.205,5.39,201,231.0182199999999,28.18073721759809,分批止盈(浮盈24.4%达20%)
605069.SH,2025-04-07,2025-04-16,7.915,9.38,144,203.2585600000001,18.509159823120665,分批止盈(浮盈20.7%达10%)
605069.SH,2025-04-07,2025-04-17,7.915,8.99,235,243.39970000000002,13.58180669614656,浮盈11.8%后跌破BBI
605069.SH,2025-04-07,2025-04-18,7.915,8.92,70,64.1012,12.69740998104864,浮盈14.3%后跌破BBI
002713.SZ,2025-04-07,2025-04-18,4.205,4.72,329,161.3292399999999,12.247324613555284,浮盈11.8%后跌破BBI
605069.SH,2025-04-07,2025-04-21,7.915,8.73,21,11.74834000000001,10.296904611497162,浮盈10.0%后跌破BBI
605069.SH,2025-04-07,2025-04-22,7.915,8.79,7,1.0019399999999936,11.05495893872393,浮盈11.2%后跌破BBI
605069.SH,2025-04-07,2025-04-23,7.915,8.7,2,-3.464800000000001,9.917877447883756,浮盈9.4%后跌破BBI
002713.SZ,2025-04-07,2025-04-23,4.205,4.1,142,-21.07440000000006,-2.497027348394778,第12天亏损(-2.5%)
605069.SH,2025-04-07,2025-04-25,7.915,8.63,1,-4.3022599999999995,9.03348073278586,浮盈8.8%后跌破BBI
603011.SH,2025-04-17,2025-04-29,9.75,9.34,500,-219.34000000000003,-4.205128205128206,第8天亏损(-3.8%)
301156.SZ,2025-04-23,2025-05-07,20.872,20.2,500,-361.20000000000033,-3.2196243771560016,第7天亏损(-3.9%)
603128.SH,2025-05-07,2025-05-15,6.316896551724138,7.24,870,785.5023999999999,14.6132430809542,分批止盈(浮盈14.6%达10%)
603128.SH,2025-05-07,2025-05-16,6.316896551724138,6.93,2030,1211.4641999999988,9.705769965609468,放量阴线
600961.SH,2025-05-07,2025-05-16,10.24,10.1,2200,-357.99500000000126,-1.3671875000000056,第7天亏损(-1.8%)
603169.SH,2025-04-25,2025-05-19,7.245,7.92,540,350.9463999999999,9.3167701863354,分批止盈(浮盈11.7%达10%)
600300.SH,2025-05-08,2025-05-19,3.635,3.52,6200,-762.1039999999985,-3.1636863823933914,第7天亏损(-2.6%)
603169.SH,2025-04-25,2025-05-23,7.245,7.67,1260,511.1715999999997,5.866114561766733,移动止盈(锁定5.9%)
600507.SH,2025-05-16,2025-05-27,4.355,4.31,13200,-722.0070000000107,-1.033295063145828,第7天亏损(-0.8%)
301000.SZ,2025-05-19,2025-05-28,50.11333333333334,47.5,300,-817.500000000001,-5.214846348277245,第7天亏损(-4.2%)
301196.SZ,2025-05-23,2025-06-04,59.96666666666667,60.05,300,-16.030000000001422,0.13896609227347737,第7天亏损(-0.1%)
300648.SZ,2025-05-30,2025-06-05,31.14142857142857,36.49,210,1102.8742000000007,17.17509977521906,分批止盈(浮盈18.8%达10%)
603067.SH,2025-05-16,2025-06-09,21.58,21.16,1200,-561.1319999999979,-1.9462465245597693,第15天亏损(-1.4%)
300648.SZ,2025-05-30,2025-06-09,31.14142857142857,37.9,147,977.3674000000001,21.702830405064454,分批止盈(浮盈22.6%达20%)
600343.SH,2025-05-30,2025-06-11,11.870434782608696,11.7,2300,-452.5475000000015,-1.4357922496520454,第7天亏损(-0.7%)
003003.SZ,2025-05-08,2025-06-13,11.941333333333333,12.02,1500,76.94000000000032,0.6587762393925879,持仓超25天(0.7%)
300648.SZ,2025-05-30,2025-06-13,31.14142857142857,35.64,240,1057.5499428571434,14.44561677141154,浮盈13.3%后跌破BBI
603350.SH,2025-06-04,2025-06-13,36.605,36.35,600,-202.07249999999726,-0.6966261439693908,第7天亏损(-0.5%)
600770.SH,2025-06-09,2025-06-18,5.44,5.31,2100,-300.30200000000167,-2.3897058823529553,第7天亏损(-2.2%)
300648.SZ,2025-05-30,2025-06-20,31.14142857142857,36.28,72,359.75282285714303,16.500756915454847,浮盈16.5%后跌破BBI
605266.SH,2025-06-11,2025-06-20,21.985,20.42,2000,-3221.889999999996,-7.118489879463261,第7天亏损(-7.1%)
300648.SZ,2025-05-30,2025-06-23,31.14142857142857,34.76,21,69.53007999999998,11.619799073351988,浮盈13.7%后跌破BBI
600192.SH,2025-06-13,2025-06-24,7.67,7.33,3200,-1140.7759999999994,-4.432855280312905,第7天亏损(-3.4%)
920370.BJ,2025-06-13,2025-06-24,4.755,4.55,4200,-904.2200000000004,-4.31125131440589,第7天亏损(-4.3%)
300648.SZ,2025-05-30,2025-06-26,31.14142857142857,35.8,7,27.108799999999995,14.959401807422356,浮盈15.5%后跌破BBI
301080.SZ,2025-06-24,2025-06-26,53.3,58.63,90,464.1466000000005,10.00000000000001,分批止盈(浮盈10.0%达10%)
300648.SZ,2025-05-30,2025-06-27,31.14142857142857,34.86,2,2.297702857142859,11.94091472085876,浮盈11.4%后跌破BBI
688319.SH,2025-06-18,2025-06-27,16.117058823529412,15.56,1700,-1006.5169999999994,-3.4563305230117867,第7天亏损(-2.0%)
600927.SH,2025-06-24,2025-06-27,13.38,14.78,300,406.1319999999995,10.46337817638265,分批止盈(浮盈10.9%达10%)
300648.SZ,2025-05-30,2025-06-30,31.14142857142857,34.72,1,-1.490868571428571,11.491352814349284,浮盈11.3%后跌破BBI
301080.SZ,2025-06-24,2025-07-01,53.3,71.17,63,1111.8425800000005,33.527204502814264,分批止盈(浮盈34.2%达20%)
300796.SZ,2025-06-24,2025-07-03,10.346666666666666,10.26,1500,-165.779999999999,-0.8376288659793751,第7天亏损(-0.6%)
600927.SH,2025-06-24,2025-07-04,13.38,14.08,700,465.2879999999995,5.231689088191325,移动止盈(锁定4.9%)
600980.SH,2025-06-30,2025-07-10,22.7,22.86,500,52.14000000000007,0.7048458149779742,第8天亏损(-1.5%)
301080.SZ,2025-06-24,2025-07-14,53.3,49.5,147,-578.1529999999997,-7.129455909943711,第14天亏损(-6.8%)
600722.SH,2025-07-03,2025-07-14,6.295,6.16,3400,-506.1239999999993,-2.1445591739475742,第7天亏损(-2.0%)
002826.SZ,2025-07-04,2025-07-15,18.955,18.02,1000,-976.0399999999987,-4.932735426008962,第7天亏损(-4.3%)
300959.SZ,2025-07-04,2025-07-15,43.615,42.88,600,-498.8879999999997,-1.6852000458557823,第7天亏损(-0.9%)
600557.SH,2025-06-27,2025-07-18,14.77,16.44,660,1075.499200000001,11.3067027758971,分批止盈(浮盈11.3%达10%)
301303.SZ,2025-07-10,2025-07-21,15.33,15.38,3600,55.42200000000255,0.3261578604044404,第7天亏损(-0.2%)
300801.SZ,2025-07-14,2025-07-23,23.983333333333334,22.73,900,-1174.0282500000008,-5.225851285615012,第7天亏损(-4.2%)
688151.SH,2025-07-14,2025-07-24,24.244285714285713,23.76,700,-377.26399999999796,-1.9975251900300393,第8天亏损(-1.0%)
002626.SZ,2025-07-15,2025-07-24,19.825,19.41,2000,-917.3449999999984,-2.0933165195460237,第7天亏损(-1.6%)
600643.SH,2025-07-21,2025-07-30,6.315454545454545,6.25,3300,-262.4062499999999,-1.036418597955952,第7天亏损(-1.0%)
920305.BJ,2025-07-30,2025-07-31,14.3,16.87,90,223.2634,17.972027972027973,分批止盈(浮盈26.4%达10%)
600557.SH,2025-06-27,2025-08-01,14.77,17.95,1540,4835.00325,21.530128639133377,持仓超25天(19.6%)
002052.SZ,2025-07-23,2025-08-01,10.746315789473684,10.4,1900,-702.5199999999986,-3.222646684298162,第7天亏损(-3.2%)
920305.BJ,2025-07-30,2025-08-01,14.3,18.63,63,265.44261999999986,30.27972027972027,分批止盈(浮盈34.5%达20%)
300542.SZ,2025-07-24,2025-08-04,21.69,21.27,500,-236.27000000000083,-1.9363762102351392,第7天亏损(-0.8%)
300778.SZ,2025-07-24,2025-08-04,15.865,15.0,1000,-900.0000000000002,-5.452253387960922,第7天亏损(-4.3%)
920305.BJ,2025-07-30,2025-08-06,14.3,16.79,102,245.55483999999984,17.412587412587403,浮盈15.4%后跌破BBI
920305.BJ,2025-07-30,2025-08-08,14.3,16.49,31,61.86761999999993,15.314685314685297,浮盈14.0%后跌破BBI
920305.BJ,2025-07-30,2025-08-11,14.3,16.33,14,22.962759999999967,14.195804195804179,移动止盈(锁定13.1%)
300488.SZ,2025-08-04,2025-08-14,33.31,37.36,150,591.2919999999995,12.15851095767036,分批止盈(浮盈10.2%达10%)
600826.SH,2025-08-01,2025-08-15,10.88,10.74,1400,-231.0720000000008,-1.2867647058823581,第10天亏损(-1.0%)
002185.SZ,2025-07-15,2025-08-19,9.85,10.76,4600,4074.634000000001,9.238578680203048,持仓超25天(8.3%)
301228.SZ,2025-08-11,2025-08-20,27.765,26.23,800,-1275.214,-5.5285431298397265,第7天亏损(-6.0%)
688612.SH,2025-08-05,2025-08-21,30.868181818181817,34.6,330,1203.664000000001,12.089530260639089,分批止盈(浮盈11.5%达10%)
920392.BJ,2025-08-15,2025-08-21,34.542,41.59,150,1039.7230000000004,20.404145677725673,分批止盈(浮盈23.8%达10%)
300488.SZ,2025-08-04,2025-08-22,33.31,37.47,350,1424.770999999999,12.488742119483627,放量阴线
920392.BJ,2025-08-15,2025-08-22,34.542,41.0,105,664.4799999999999,18.69608013432922,分批止盈(浮盈20.7%达20%)
688466.SH,2025-08-19,2025-08-22,22.705,24.85,360,749.3080000000011,9.447258313146898,分批止盈(浮盈10.8%达10%)
002058.SZ,2025-08-04,2025-08-25,13.615,15.35,720,1222.0959999999998,12.743297833272122,分批止盈(浮盈12.2%达10%)
002058.SZ,2025-08-04,2025-08-26,13.615,15.66,1680,3376.4052,15.020198310686741,放量阴线
688612.SH,2025-08-05,2025-08-28,30.868181818181817,38.15,231,1659.4746999999998,23.590045648652627,分批止盈(浮盈24.8%达20%)
920392.BJ,2025-08-15,2025-08-28,34.542,38.78,245,1014.3078,12.269121649007005,移动止盈(锁定12.7%)
300696.SZ,2025-08-20,2025-08-29,29.135714285714286,28.34,700,-601.6760000000003,-2.731061534689877,第7天亏损(-2.6%)
688466.SH,2025-08-19,2025-09-01,22.705,23.02,840,220.92640000000102,1.3873596124201777,移动止盈(锁定2.1%)
603367.SH,2025-08-22,2025-09-01,29.47,25.18,600,-2609.216,-14.557176789955886,硬止损(ATR=2.04)
688273.SH,2025-08-26,2025-09-03,45.346,40.18,500,-2628.2024999999985,-11.392405063291132,硬止损(ATR=2.35)
300815.SZ,2025-08-28,2025-09-08,26.566666666666666,26.2,900,-383.0550000000004,-1.3801756587202025,第7天亏损(-0.7%)
688612.SH,2025-08-05,2025-09-09,30.868181818181817,40.65,539,5223.1017125,31.689000147253715,持仓超25天(31.1%)
002148.SZ,2025-08-29,2025-09-09,10.820666666666666,10.17,1500,-1011.5099999999991,-6.013184646663786,第7天亏损(-5.7%)
600503.SH,2025-09-01,2025-09-09,3.1,3.5,2910,1138.6299999999999,12.90322580645161,分批止盈(浮盈10.3%达10%)
600503.SH,2025-09-01,2025-09-10,3.1,3.73,2037,1263.1139799999999,20.32258064516129,分批止盈(浮盈21.3%达20%)
002879.SZ,2025-09-01,2025-09-11,17.925,17.81,1800,-279.13050000000356,-0.6415620641562175,第8天亏损(-0.6%)
600503.SH,2025-09-01,2025-09-11,3.1,3.74,4753,3001.36756,20.645161290322584,放量阴线
300004.SZ,2025-09-08,2025-09-12,10.394736842105264,13.0,570,1465.1799999999996,25.0632911392405,分批止盈(浮盈22.4%达10%)
301568.SZ,2025-09-09,2025-09-12,47.185,53.25,120,710.0199999999998,12.853661121118995,分批止盈(浮盈13.0%达10%)
300004.SZ,2025-09-08,2025-09-15,10.394736842105264,12.97,399,1012.17994,24.774683544303798,分批止盈(浮盈21.1%达20%)
300803.SZ,2025-09-11,2025-09-17,137.47,157.0,30,571.48,14.206736015130575,分批止盈(浮盈14.7%达10%)
300803.SZ,2025-09-11,2025-09-18,137.47,166.0,21,587.158,20.753618971411946,分批止盈(浮盈25.8%达20%)
603303.SH,2025-09-09,2025-09-19,14.26,14.1,2200,-421.7950000000003,-1.1220196353436196,第8天亏损(-0.2%)
688372.SH,2025-09-11,2025-09-19,71.45,83.0,30,336.51999999999987,16.165150454863536,分批止盈(浮盈14.8%达10%)
300153.SZ,2025-09-03,2025-09-22,37.86,37.8,400,-59.240000000000904,-0.1584786053882786,第13天亏损(-1.2%)
300004.SZ,2025-09-08,2025-09-24,10.394736842105264,14.29,931,3594.882019999999,37.47341772151897,移动止盈(锁定25.7%)
688372.SH,2025-09-11,2025-09-25,71.45,86.32,21,303.6445599999998,20.811756473058068,分批止盈(浮盈22.2%达20%)
300803.SZ,2025-09-11,2025-09-26,137.47,155.0,49,838.78,12.751873135956938,移动止盈(锁定14.1%)
920926.BJ,2025-09-22,2025-10-09,19.89,18.72,500,-608.7200000000009,-5.882352941176479,第7天亏损(-5.6%)
301568.SZ,2025-09-09,2025-10-13,47.185,44.62,280,-748.1872000000014,-5.436049592031376,第18天亏损(-1.6%)
688372.SH,2025-09-11,2025-10-13,71.45,80.0,34,280.2599999999999,11.966410076976903,浮盈15.3%后跌破BBI
002053.SZ,2025-09-24,2025-10-13,12.763809523809524,12.19,2100,-1262.5977500000013,-4.49559767198926,第7天亏损(-0.9%)
688372.SH,2025-09-11,2025-10-15,71.45,80.0,15,120.84999999999994,11.966410076976903,移动止盈(锁定9.8%)
600721.SH,2025-09-26,2025-10-15,8.965,8.92,2800,-182.1959999999998,-0.5019520356943662,第7天亏损(-0.5%)
300969.SZ,2025-10-15,2025-10-16,103.02,112.0,30,257.68000000000006,8.716754028344015,分批止盈(浮盈12.3%达10%)
603228.SH,2025-10-09,2025-10-17,63.38,56.66,300,-2054.996000000002,-10.602713789839074,硬止损(ATR=4.15)
300252.SZ,2025-10-13,2025-10-22,13.06,13.0,800,-73.8000000000004,-0.45941807044410793,第7天亏损(-0.2%)
600211.SH,2025-09-25,2025-10-23,47.168,46.63,500,-321.45874999999836,-1.1406037991858817,第14天亏损(-0.5%)
300755.SZ,2025-10-13,2025-10-28,18.5,21.35,180,500.3140000000002,15.405405405405412,分批止盈(浮盈15.8%达10%)
688629.SH,2025-10-16,2025-10-29,84.695,80.5,200,-876.1999999999987,-4.9530668870653445,第9天亏损(-4.2%)
300969.SZ,2025-10-15,2025-10-30,103.02,121.51,21,378.18658000000016,17.947971267715015,分批止盈(浮盈21.6%达20%)
688172.SH,2025-10-22,2025-11-03,25.21,24.38,700,-620.1320000000013,-3.292344307814367,第8天亏损(-2.7%)
920839.BJ,2025-10-29,2025-11-04,46.08,51.44,30,152.71359999999996,11.631944444444443,分批止盈(浮盈10.5%达10%)
300755.SZ,2025-10-13,2025-11-05,18.5,19.42,420,365.0872000000007,4.972972972972982,移动止盈(锁定5.8%)
300969.SZ,2025-10-15,2025-11-05,103.02,109.95,49,323.7949000000004,6.7268491555037935,移动止盈(锁定11.7%)
688409.SH,2025-10-23,2025-11-05,71.63,70.0,200,-358.9999999999991,-2.2755828563451006,第9天亏损(-1.5%)
603040.SH,2025-10-17,2025-11-07,72.0,82.42,60,610.3096,14.472222222222225,分批止盈(浮盈14.5%达10%)
600676.SH,2025-11-03,2025-11-12,6.425,6.25,5400,-1020.9374999999991,-2.7237354085603087,第7天亏损(-2.7%)
603040.SH,2025-10-17,2025-11-13,72.0,74.45,140,317.1540000000004,3.4027777777777817,移动止盈(锁定3.7%)
920839.BJ,2025-10-29,2025-11-13,46.08,45.93,70,-21.9301999999999,-0.32552083333333026,第11天亏损(-1.2%)
300611.SZ,2025-11-05,2025-11-14,29.714285714285715,27.88,700,-1328.0320000000015,-6.17307692307693,第7天亏损(-5.3%)
301365.SZ,2025-11-05,2025-11-14,22.975,22.2,1000,-824.9500000000022,-3.373231773667038,第7天亏损(-3.4%)
603378.SH,2025-11-12,2025-11-21,7.24,6.98,2800,-772.0879999999994,-3.5911602209944724,第7天亏损(-2.1%)
000852.SZ,2025-11-05,2025-11-24,7.2,6.91,4000,-1222.1900000000005,-4.027777777777778,第13天亏损(-4.2%)
688183.SH,2025-11-13,2025-11-24,97.98,82.62,100,-1557.524,-15.676668707899571,第7天亏损(-17.3%)
603699.SH,2025-11-13,2025-11-24,50.36,48.81,600,-995.8934999999983,-3.077839555202536,第7天亏损(-3.7%)
920640.BJ,2025-11-14,2025-11-25,34.898,32.62,500,-1176.6200000000028,-6.527594704567613,第7天亏损(-7.3%)
688111.SH,2025-11-14,2025-11-26,319.96,317.0,100,-367.32499999999794,-0.9251156394549256,第8天亏损(-0.3%)
600693.SH,2025-11-26,2025-11-28,8.8,9.31,240,112.93119999999996,5.795454545454542,分批止盈(浮盈11.1%达10%)
