date,equity,cash,positions,drawdown,returns
2020-04-03,999936.661,951597.661,3,-6.333900000003632e-05,
2020-04-07,1001178.92375,925516.92375,4,0.0,0.0012423414386644183
2020-04-08,1000686.03125,963615.03125,2,-0.0004923121015710036,-0.0004923121015709686
2020-04-09,1001295.91125,983130.91125,1,0.0,0.0006094618900978066
2020-04-10,1001367.65375,924161.65375,3,0.0,7.164964841455124e-05
2020-04-13,1000246.0045000002,923023.0045000002,3,-0.001120117317350386,-0.0011201173173503998
2020-04-14,1001656.7885000001,955740.7885000001,2,0.0,0.0014104370261445176
2020-04-15,1000991.8810000002,874112.8810000002,5,-0.0006638077110181458,-0.0006638077110181495
2020-04-16,1001740.5322500002,878924.5322500002,5,0.0,0.0007479094128637342
2020-04-17,1000902.4952500002,882780.4952500002,5,-0.0008365809039569399,-0.000836580903956885
2020-04-20,1001394.2387500003,881893.2387500003,5,-0.00034569181225212664,0.0004913001039899001
2020-04-21,1002987.3935000001,879276.3935000001,5,0.0,0.0015909366045370188
2020-04-22,1003347.2837500002,848609.2837500002,5,0.0,0.00035881831848771917
2020-04-23,1004650.9002500002,856811.9002500002,5,0.0,0.0012992674830669682
2020-04-24,1002429.9660000001,910167.9660000001,3,-0.0022106527246901243,-0.002210652724690121
2020-04-27,1000622.9400000002,932522.9400000002,3,-0.0040093133336143675,-0.001802645632403177
2020-04-28,1001418.9950000001,930220.9950000001,3,-0.0032169435663630345,0.000795559414218383
2020-04-29,1000365.0390000001,897205.0390000001,5,-0.004266020414587364,-0.001052462560888423
2020-04-30,1001741.449,901845.449,5,-0.0028959823250804457,0.0013759077400143926
2020-05-06,1004394.729,896001.729,5,-0.0002549853386249731,0.0026486674806645016
2020-05-07,1002766.3820000001,895226.3820000001,5,-0.0018757941186646348,-0.001621222167923153
2020-05-08,1000734.3390000002,873314.3390000002,5,-0.003898430040748901,-0.0020264371008799076
2020-05-11,1002123.5600000002,887811.5600000002,5,-0.0025156402580947253,0.0013882015894330912
2020-05-12,1005730.2520000002,873493.2520000002,5,0.0,0.0035990492030744115
2020-05-13,1012994.3797500001,860156.3797500001,5,0.0,0.00722273963177944
2020-05-14,1015261.2382500002,837066.2382500002,5,0.0,0.0022377799376926966
2020-05-15,1013543.0857500002,911100.0857500002,3,-0.0016923255170871458,-0.001692325517087201
2020-05-18,1014871.8767500003,868644.8767500003,5,-0.0003835086826234229,0.0013110355333505463
2020-05-19,1016056.9800000003,853507.9800000003,5,0.0,0.0011677368120546205
2020-05-20,1013733.4927500002,848144.4927500002,5,-0.0022867686514983845,-0.00228676865149835
2020-05-21,1013416.1182500003,910658.1182500003,3,-0.00259912760994963,-0.00031307488829135366
2020-05-22,1010784.8400000002,909821.8400000002,3,-0.005188823170133755,-0.002596444049601132
2020-05-25,1011834.5012500002,926193.5012500002,3,-0.004155749956070499,0.0010384616077145914
2020-05-26,1014552.2412500002,931098.2412500002,3,-0.0014809590206251372,0.002685953084859749
2020-05-27,1014209.61375,926843.61375,3,-0.0018181719001628348,-0.00033771301867913106
2020-05-28,1012091.551,919755.551,3,-0.003902762421847987,-0.0020883875692803144
2020-05-29,1015061.9064999998,846863.9064999998,5,-0.0009793481267167932,0.0029348683891936567
2020-06-01,1020240.6179999999,955236.6179999999,2,0.0,0.005101867646532643
2020-06-02,1021974.1199999999,1021974.1199999999,0,0.0,0.0016991109444339791
2020-06-03,1021890.0724999999,954652.0724999999,2,-8.224034088063408e-05,-8.224034088066823e-05
2020-06-04,1022486.8324999999,995998.8324999999,1,0.0,0.0005839767075337399
2020-06-05,1022413.4537499999,868336.4537499999,4,-7.176498285129026e-05,-7.176498285133004e-05
2020-06-08,1021987.7032499999,870737.7032499999,5,-0.0004881522520731319,-0.0004164171533916905
2020-06-09,1025268.9464999998,876538.9464999998,5,0.0,0.0032106484643261712
2020-06-10,1025097.6154999998,872534.6154999998,5,-0.0001671083480923565,-0.00016710834809230413
2020-06-11,1022705.0259999998,846860.0259999998,5,-0.002500729695122984,-0.002334011379816703
2020-06-12,1022097.8974999998,862809.8974999998,5,-0.0030928948066018497,-0.0005936496688342396
2020-06-15,1021909.6992499998,900314.6992499998,3,-0.003276454691686125,-0.00018412937788081507
2020-06-16,1024915.1142499998,880719.1142499998,5,-0.00034511164237245736,0.0029409790338672526
2020-06-17,1025161.1049999999,870839.1049999999,5,-0.00010518362071544557,0.00024001085219649276
2020-06-18,1024483.3159999999,849041.3159999999,5,-0.0007662677219298481,-0.0006611536437485244
2020-06-19,1028763.6799999998,887050.6799999998,5,0.0,0.004178070968214653
2020-06-22,1028715.2589999997,859706.2589999997,5,-4.7067174844362135e-05,-4.706717484437295e-05
2020-06-23,1027692.5694999998,888759.5694999998,5,-0.001041162825655031,-0.000994142442286794
2020-06-24,1031703.5787499998,897475.5787499998,5,0.0,0.003902927168142778
2020-06-29,1035628.8614999998,922720.8614999998,5,0.0,0.0038046613686808506
2020-06-30,1038190.3367499999,885860.3367499999,5,0.0,0.0024733525157749625
2020-07-01,1041057.3317499999,873582.3317499999,5,0.0,0.0027615311937645437
2020-07-02,1045353.4849999999,916397.4849999999,5,0.0,0.004126721093043129
2020-07-03,1048095.7925,892234.7925,5,0.0,0.0026233303273486275
2020-07-06,1053213.85775,974108.85775,3,0.0,0.004883203698196281
2020-07-07,1055924.40975,1035059.40975,1,0.0,0.0025736007744816547
2020-07-08,1056731.5375,1056731.5375,0,0.0,0.000764380236451867
2020-07-09,1056731.5375,1056731.5375,0,0.0,0.0
2020-07-10,1056731.5375,1056731.5375,0,0.0,0.0
2020-07-13,1056683.55,1018293.55,1,-4.541124996948107e-05,-4.541124996948476e-05
2020-07-14,1057079.55,1018293.55,1,0.0,0.0003747574190966496
2020-07-15,1057669.0274999999,949921.0274999999,4,0.0,0.0005576472461319426
2020-07-16,1052074.009,958957.009,3,-0.005289952106496541,-0.0052899521064965205
2020-07-17,1052277.2815,989781.2814999999,3,-0.005097762967252826,0.00019321121732973623
2020-07-20,1054978.7965,949087.7964999999,5,-0.002543547111669499,0.0025673033595754458
2020-07-21,1055984.1824999999,942102.1824999999,5,-0.001592979425692762,0.0009529916651740411
2020-07-22,1058007.8445,928844.8444999999,5,0.0,0.0019163752957067626
2020-07-23,1057579.1554999999,952381.1554999998,5,-0.00040518508650813043,-0.0004051850865081086
2020-07-24,1050348.5864999997,977414.5864999997,3,-0.0072393206154532895,-0.006836905741189336
2020-07-27,1048562.5864999997,977414.5864999997,3,-0.008927398836502813,-0.0017003878740403655
2020-07-28,1049501.0652499998,979725.0652499998,3,-0.008040374458679299,0.0008950145294928102
2020-07-29,1052828.4637499996,941307.4637499996,5,-0.004895408646471756,0.003170457477532196
2020-07-30,1053640.7424999997,943184.7424999996,5,-0.004127665047761552,0.0007715205068705711
2020-07-31,1052021.2059999995,942518.2059999995,5,-0.00565840653367703,-0.001537086062330384
2020-08-03,1055105.3859999995,920067.3859999995,5,-0.002743324177688,0.0029316709420017517
2020-08-04,1053988.5307499997,929366.5307499997,5,-0.003798945131545483,-0.0010585248306179684
2020-08-05,1057258.0867499998,926123.0867499998,5,-0.0007086504640751803,0.0031020792965115174
2020-08-06,1057519.62725,930216.6272499998,5,-0.00046144955591582765,0.00024737621142634225
2020-08-07,1055214.2384999997,925755.2384999997,5,-0.002640439779839596,-0.0021799961821938885
2020-08-10,1053038.1169999996,926794.1169999997,5,-0.004697250144065705,-0.002062255626017251
2020-08-11,1048984.16425,974665.1642499998,3,-0.00852893510847686,-0.0038497682890615836
2020-08-12,1051718.98275,964032.9827499999,3,-0.005944059661459273,0.002607111330374945
2020-08-13,1054514.81225,970050.8122499998,3,-0.0033015182903966944,0.002658342718783624
2020-08-14,1052578.78775,919688.7877499999,5,-0.00513139555460072,-0.001835938649234481
2020-08-17,1054108.06275,926633.0627499999,5,-0.0036859667631697316,0.0014528841145176052
2020-08-18,1054904.65625,924388.65625,5,-0.0029330484326100764,0.0007557038297589802
2020-08-19,1051881.3995,920772.3995,5,-0.005790547803447626,-0.0028659052096206006
2020-08-20,1051172.94475,969984.94475,3,-0.006460159804608959,-0.0006735120046202914
2020-08-21,1052239.2367500002,922569.23675,5,-0.00545232984801346,0.0010143830330924253
2020-08-24,1051421.73275,918787.7327500001,5,-0.006225012209727453,-0.0007769183769702481
2020-08-25,1049556.5747500001,914392.5747500001,5,-0.007987908401561711,-0.001773938983666845
2020-08-26,1046621.85675,982776.85675,3,-0.010761723373970557,-0.0027961503654047037
2020-08-27,1047709.0472500001,973171.0472500001,3,-0.009734140728291953,0.0010387615096973946
2020-08-28,1046600.6552500001,925467.6552500001,5,-0.01078176245034431,-0.0010579196609108443
2020-08-31,1049134.7245,939226.7245000001,5,-0.008386629689114635,0.0024212379738999257
2020-09-01,1050630.0345,917466.0345000002,5,-0.0069733036842335285,0.001425279294527959
2020-09-02,1050095.8477500002,934753.8477500002,5,-0.007478202350889754,-0.0005084442024866354
2020-09-03,1046723.6797500002,988041.6797500002,3,-0.010665483066746438,-0.003211295432912542
2020-09-04,1046879.2845000003,990974.2845000003,3,-0.010518409724323732,0.0001486588609873607
2020-09-07,1045145.1457500004,987428.1457500004,3,-0.012157470114107002,-0.0016564839668483655
2020-09-08,1047718.0602500003,988298.0602500003,3,-0.00972562188786263,0.0024617772090915757
2020-09-09,1045674.7452500004,988618.7452500004,3,-0.01165690719035071,-0.0019502527230582656
2020-09-10,1046324.7127500004,988889.7127500004,3,-0.011042575733945304,0.0006215771232427336
2020-09-11,1047866.7127500004,988889.7127500004,3,-0.009585119621482615,0.0014737298863440884
2020-09-14,1051061.7315000002,983912.7315000003,3,-0.006565275518616123,0.003049069801649651
2020-09-15,1051686.7315000002,983912.7315000003,3,-0.005974542658506408,0.0005946368146312331
2020-09-16,1051251.1200000003,979866.1200000003,3,-0.006386270702172989,-0.00041420271545933307
2020-09-17,1049511.0695000002,976514.0695000003,3,-0.008030918715933656,-0.0016552186883759257
2020-09-18,1051943.7137500003,953492.7137500003,5,-0.005731650083242408,0.002317883365593243
2020-09-21,1053235.1165000002,899555.1165000002,5,-0.004511051619144828,0.0012276348374156143
2020-09-22,1051129.3232500004,951502.3232500004,3,-0.006501389650140279,-0.00199935723468625
2020-09-23,1050360.5827500005,966176.5827500004,3,-0.007227982088935604,-0.0007313472119899744
2020-09-24,1046484.2302500004,968535.2302500004,3,-0.010891804167525262,-0.0036904969242574914
2020-09-25,1046333.2302500004,968535.2302500004,3,-0.01103452522652777,-0.00014429266646853733
2020-09-28,1046411.2052500003,1000961.2052500003,3,-0.010960825394900503,7.452214815106828e-05
2020-09-29,1047014.9452500005,997430.9452500005,3,-0.010390186903760179,0.0005769624761002845
2020-09-30,1046743.0135000005,969586.0135000005,3,-0.010647209336451592,-0.0002597209822396973
2020-10-09,1047912.2175000005,933744.2175000005,5,-0.009542109779696816,0.0011169924087579552
2020-10-12,1050599.5447500004,927456.5447500005,5,-0.007002121759787709,0.00256445836313568
2020-10-13,1052011.7725000004,907363.7725000004,5,-0.005667322819173542,0.001344211271608886
2020-10-14,1052537.5362500004,895454.5362500005,5,-0.0051703853411263975,0.0004997698350375224
2020-10-15,1053391.0812500003,916892.0812500004,4,-0.004363638014594712,0.0008109401998535049
2020-10-16,1052607.0480000004,927868.0480000003,4,-0.005104684741304367,-0.000744294558740255
2020-10-19,1053846.8817500004,901761.8817500003,5,-0.003932827881787489,0.001177869512042351
2020-10-20,1054890.5747500001,933382.5747500003,4,-0.002946357880241355,0.0009903649363811606
2020-10-21,1053272.7822500002,897503.7822500003,5,-0.004475450985183812,-0.001533611673782742
2020-10-22,1051725.9432500005,889849.9432500004,5,-0.00593748078774232,-0.0014686024608889792
2020-10-23,1048616.4847500003,942257.4847500003,3,-0.008876455688698437,-0.0029565292364962525
2020-10-26,1049392.7235000003,919228.7235000003,3,-0.008142776109633635,0.0007402503787503623
2020-10-27,1091964.5485000005,975137.5485000004,3,0.0,0.04056805812223652
2020-10-28,1089786.6090000004,984127.6090000004,3,-0.0019945148429881413,-0.001994514842988182
2020-10-29,1089299.6090000004,984127.6090000004,3,-0.0024405000177531804,-0.0004468764765304112
2020-10-30,1086586.1827500004,962668.1827500004,3,-0.004925403262759964,-0.002490982487812543
2020-11-02,1085494.9252500003,974053.9252500003,3,-0.005924755761427703,-0.0010042990766164772
2020-11-03,1086589.5552500002,937887.5552500003,5,-0.004922314792530362,0.0010084155849441334
2020-11-04,1085533.1177500002,979259.1177500003,5,-0.005889779809092665,-0.0009722507407655678
2020-11-05,1087721.8402500004,996584.8402500004,5,-0.003885390103395046,0.002016265062955158
2020-11-06,1084199.1512500003,1001323.1512500003,5,-0.0071114005126514885,-0.0032385936088130673
2020-11-09,1088652.6330000004,956791.6330000004,5,-0.003032988117196295,0.004107623350253942
2020-11-10,1087709.1195000005,1002128.1195000004,5,-0.003897039520051783,-0.0008666800330973112
2020-11-11,1085049.1315000004,1009592.1315000004,5,-0.006333005049934668,-0.002445495723362945
2020-11-12,1085085.7007500003,983364.7007500003,5,-0.006299515638533742,3.3702851731209904e-05
2020-11-13,1085334.4705000003,1024738.4705000003,3,-0.00607169711609022,0.00022926276682855296
2020-11-16,1082724.1755000004,974840.1755000004,5,-0.008462154758314605,-0.0024050604407666043
2020-11-17,1079492.9830000005,981568.9830000004,5,-0.011421218314396606,-0.002984317311015783
2020-11-18,1079275.6730000004,944081.6730000003,5,-0.011620226606651669,-0.00020130746880464567
2020-11-19,1080308.4635000003,956281.4635000003,5,-0.010674417055033348,0.0009569292867772639
2020-11-20,1080819.1575000002,947442.1575000003,5,-0.010206733373634144,0.0004727297964002286
2020-11-23,1079245.8097500005,935048.8097500004,5,-0.011647574793038268,-0.0014556993545885577
2020-11-24,1076519.7270000004,916296.7270000003,5,-0.014144068615795424,-0.0025259146020047973
2020-11-25,1074138.0247500003,933448.0247500003,5,-0.016325185441677513,-0.0022124092947533036
2020-11-26,1072545.7347500003,923288.7347500003,5,-0.01778337380702996,-0.0014823886347107296
2020-11-27,1070807.54325,928952.5432500002,5,-0.01937517594235376,-0.0016206222668959658
2020-11-30,1069205.7882500002,928883.7882500002,5,-0.02084203217152363,-0.0014958383605875314
2020-12-01,1071399.51475,921410.5147500002,5,-0.018833059899472003,0.002051734590392096
2020-12-02,1069423.8962500002,924481.8962500002,5,-0.020642293086312834,-0.0018439606074125425
2020-12-03,1068137.6640000003,938518.6640000002,5,-0.02182019968755437,-0.0012027337845265107
2020-12-04,1072201.9937500004,944792.9937500003,5,-0.018098165162181653,0.0038050617321925273
2020-12-07,1076830.5837500002,909163.5837500003,5,-0.013859392020363076,0.004316901131484974
2020-12-08,1075721.4202500004,974160.4202500004,3,-0.014875142487283834,-0.0010300260010606133
2020-12-09,1076859.1627500006,1003907.1627500006,3,-0.01383321992527113,0.0010576553358356833
2020-12-10,1076040.7225000006,1004650.7225000006,3,-0.014582731666402516,-0.0007600253387917144
2020-12-11,1076540.7265000006,966989.7265000006,3,-0.01412483768011258,0.00046467014634754555
2020-12-14,1078873.3262500004,985046.3262500005,3,-0.011988687973417391,0.002166754766058432
2020-12-15,1078589.3272500006,978824.3272500006,3,-0.012248768761195674,-0.0002632366498362959
2020-12-16,1079523.2582500004,990159.2582500005,3,-0.011393492826383706,0.0008658819222522318
2020-12-17,1080791.5120000006,904655.5120000005,5,-0.010232050587492058,0.0011748276290555193
2020-12-18,1077530.7110000006,911217.7110000005,5,-0.013218229034841144,-0.0030170490458107935
2020-12-21,1078724.2610000004,979264.2610000004,3,-0.012125199044408433,0.0011076714452920022
2020-12-22,1076197.5315000005,984294.5315000004,3,-0.014439129019031506,-0.002342331206732662
2020-12-23,1074614.5570000005,958275.5570000004,3,-0.015888786429772997,-0.001470895865923083
2020-12-24,1071331.8520000004,976403.8520000004,3,-0.01889502413639949,-0.0030547743640886305
2020-12-25,1068608.5300000003,898975.5300000004,5,-0.021388989717737367,-0.002541996669767843
2020-12-28,1067994.5280000004,920052.5280000003,5,-0.02195128086614809,-0.0005745808523537344
2020-12-29,1070431.1042500003,993291.1042500003,3,-0.019719911493079178,0.0022814501255570274
2020-12-30,1071230.8937500003,929419.8937500003,4,-0.018987479747837446,0.0007471657884607907
2020-12-31,1072247.8777500005,1002151.8777500003,2,-0.018056145483005156,0.0009493602228367592
2021-01-04,1072431.4342500004,982780.4342500003,2,-0.017888047992796252,0.00017118849457187224
2021-01-05,1070671.8940000003,1027807.8940000003,1,-0.01949940090019339,-0.001640701861029048
2021-01-06,1069032.3280000004,1022256.3280000004,2,-0.021000883711381813,-0.0015313430838970188
2021-01-07,1067409.9292500005,923413.9292500004,5,-0.022486645087269497,-0.0015176330102525393
2021-01-08,1062970.8055000005,953363.8055000004,5,-0.026551908704204607,-0.0041587806412097805
2021-01-11,1059204.2810000004,958746.2810000004,5,-0.030001218945250454,-0.0035433941181746142
2021-01-12,1063142.4777500005,950467.4777500004,5,-0.026394694580141802,0.0037180710280759754
2021-01-13,1060420.9617500002,955600.9617500004,5,-0.028887006261632528,-0.002559878903305668
2021-01-14,1057943.3897500003,958845.3897500003,5,-0.031155918749133423,-0.002336404210561027
2021-01-15,1060168.0297500002,958790.0297500003,5,-0.029118636492071304,0.0021027968240583395
2021-01-18,1061255.5597500005,936462.5597500004,5,-0.0281226975657626,0.001025809088259999
2021-01-19,1061354.6410000003,947606.6410000003,5,-0.02803196087459811,9.336229062784085e-05
2021-01-20,1065033.7317500003,914771.7317500004,5,-0.024662720769638814,0.0034664103852539707
2021-01-21,1069694.9160000004,978764.9160000004,4,-0.02039409844448815,0.00437656020747923
2021-01-22,1069812.3687500004,1002585.3687500004,3,-0.02028653748917941,0.00010980023205031664
2021-01-25,1069103.2040000004,961256.2040000004,5,-0.02093597684229225,-0.0006628870358159622
2021-01-26,1065233.3570000003,1006908.3570000003,3,-0.024479907829169034,-0.0036197132190056713
2021-01-27,1065398.8445000004,998663.8445000004,3,-0.024328357579458663,0.00015535328377813684
2021-01-28,1065169.8445000004,998663.8445000004,3,-0.02453807134746933,-0.00021494297762958414
2021-01-29,1062129.8440000003,1006355.8440000003,3,-0.027322044970217466,-0.0028540054111531044
2021-02-01,1064121.0950000002,1017626.0950000003,3,-0.025498495842422746,0.0018747717251790252
2021-02-02,1064633.3632500004,1003005.3632500003,3,-0.025029370493340777,0.00048140033348387234
2021-02-03,1064529.7242500004,1003154.7242500003,3,-0.025124281083746237,-9.734712773190601e-05
2021-02-04,1064093.3967500003,1008298.3967500003,3,-0.025523861363709998,-0.00040987817442816876
2021-02-05,1062783.3967500003,1008298.3967500003,3,-0.026723534010408563,-0.0012310949433583795
2021-02-08,1063787.4345000004,973063.4345000004,5,-0.02580405567076892,0.0009447247229026345
2021-02-09,1066745.5180000004,981650.5180000005,5,-0.023095100051226707,0.002780709194398767
2021-02-10,1065124.6900000004,956463.6900000005,5,-0.024579422964664203,-0.0015194139301740739
2021-02-18,1063592.3700000006,993279.3700000005,5,-0.025982691964655764,-0.001438629687571913
2021-02-19,1067243.6295000003,990411.6295000004,5,-0.022638939179810028,0.003432950069019114
2021-02-22,1066472.8380000005,969072.8380000003,5,-0.023344815117869216,-0.0007222263770840787
2021-02-23,1069873.0092500001,985293.0092500002,5,-0.020231004092895577,0.0031882398958946734
2021-02-24,1067469.5612500003,1018966.5612500003,3,-0.022432035255767487,-0.0022464797029366768
2021-02-25,1066685.7115000002,1003020.7115000003,3,-0.023149869686451895,-0.0007343064181447589
2021-02-26,1065774.9135000003,997651.9135000003,3,-0.023983960867572277,-0.0008538578797677721
2021-03-01,1066300.1785000004,980809.1785000003,3,-0.02350293334637512,0.000492847967564991
2021-03-02,1066144.1785000004,980809.1785000003,3,-0.023645795127203346,-0.00014630026623407844
2021-03-03,1066487.0985000003,930282.0985000002,5,-0.02333175562796229,0.0003216450522502967
2021-03-04,1064582.0945000001,988375.0945000002,3,-0.02507632142235281,-0.0017862419551811781
2021-03-05,1064948.9345000002,1009549.9345000002,3,-0.024740376450051282,0.0003445859195785328
2021-03-08,1063622.1300000004,1005371.1300000002,3,-0.025955438332621046,-0.001245885560346438
2021-03-09,1061843.8157500003,1004809.8157500003,3,-0.02758398410587245,-0.0016719417543522574
2021-03-10,1060870.4212500001,964313.4212500002,3,-0.028475399950221327,-0.0009167021416540688
2021-03-11,1061114.4212500001,964313.4212500002,3,-0.02825194947251564,0.00022999981440952055
2021-03-12,1060408.1400000001,1000058.1400000002,3,-0.02889874817213478,-0.0006656032901409814
2021-03-15,1061616.8625000003,954318.8625000002,3,-0.02779182349984525,0.0011398653541081494
2021-03-16,1061964.8290000001,997451.8290000001,3,-0.02747316251357252,0.00032777032118769256
2021-03-17,1062482.8290000001,997451.8290000001,3,-0.0269987881387711,0.00048777509937658614
2021-03-18,1062470.469,995480.4690000002,3,-0.027010107187559893,-1.163312917884518e-05
2021-03-19,1063090.34975,998905.3497500002,3,-0.026442432393674394,0.0005834333923495638
2021-03-22,1061527.34975,998905.3497500002,3,-0.02787379754389566,-0.0014702419228690422
2021-03-23,1059901.56575,991429.5657500002,3,-0.029362659066216396,-0.0015315516838854126
2021-03-24,1059665.9057500004,986696.9057500003,3,-0.02957847193333136,-0.00022234140189514306
2021-03-25,1060915.5192500004,978070.5192500002,3,-0.02843410007463271,0.0011792523409683842
2021-03-26,1061617.5722500002,940075.5722500003,5,-0.027791173524531584,0.0006617426055715026
2021-03-29,1062021.7497500004,924443.7497500003,5,-0.027421035592347404,0.0003807185473989616
2021-03-30,1061176.7115000002,953767.7115000002,5,-0.028194905267110215,-0.0007956882711669389
2021-03-31,1059967.3252500002,970950.3252500002,5,-0.029302437788803596,-0.0011396652761918036
2021-04-01,1063229.4062500002,963335.4062500002,5,-0.026315087142227175,0.0030775297712413163
2021-04-02,1061949.1342500001,979362.1342500002,5,-0.027487535461871604,-0.0012041352435083752
2021-04-06,1065372.3887500004,936872.3887500003,5,-0.024352585243292903,0.0032235578801218523
2021-04-07,1066332.4440000004,924700.4440000004,5,-0.023473385225930822,0.0009011452334768411
2021-04-08,1066678.2030000002,941978.2030000003,5,-0.023156745825434897,0.0003242506611753626
2021-04-09,1067217.9375000005,1017924.9375000003,3,-0.02266246741617548,0.0005059956212494221
2021-04-12,1068618.9112500004,994485.9112500004,3,-0.02137948276990252,0.0013127344479251235
2021-04-13,1067610.9112500004,994485.9112500004,3,-0.02230258966140798,-0.0009432735930350322
2021-04-14,1067519.2750000004,1008911.2750000004,3,-0.02238650836566066,-8.583300248654613e-05
2021-04-15,1066092.2710000004,1009841.2710000004,3,-0.023693331011102943,-0.0013367477603624112
2021-04-16,1066736.9985000005,1013513.9985000005,3,-0.0231029020444431,0.0006047576908096985
2021-04-19,1067026.6520000005,955361.6520000005,5,-0.022837642974999954,0.0002715322524740049
2021-04-20,1066681.0570000005,956854.0570000005,5,-0.023154132187469995,-0.00032388600542654356
2021-04-21,1064435.0790000004,949263.0790000004,5,-0.02521095537196381,-0.002105575968806339
2021-04-22,1064049.4847500003,936067.4847500003,5,-0.02556407512345186,-0.0003622524826618623
2021-04-23,1064078.7435000003,933854.7435000003,5,-0.025537280526465877,2.749754632591639e-05
2021-04-26,1063773.1127500003,1025284.1127500004,3,-0.025817171252240673,-0.0002872256887631597
2021-04-27,1063331.7932500006,994288.7932500005,3,-0.02622132310919059,-0.00041486243138710854
2021-04-28,1062967.6825000006,953546.6825000005,5,-0.026554768687163024,-0.000342424398773189
2021-04-29,1063289.7735000006,955955.7735000005,5,-0.02625980398300439,0.00030301109366037693
2021-04-30,1062494.1220000004,1021874.1220000004,3,-0.026988446227931773,-0.000748292252808147
2021-05-06,1063122.3302500006,1001152.3302500005,3,-0.0264131452707138,0.00059125809450844
2021-05-07,1061295.3112500003,966828.3112500004,3,-0.028086293911400023,-0.0017185407060076319
2021-05-10,1061947.0695000004,1001494.0695000004,3,-0.027489426319960823,0.0006141158291113058
2021-05-11,1062449.0695000004,1001494.0695000004,3,-0.027029704435500762,0.0004727165923970045
2021-05-12,1068173.4695000006,935088.4695000005,5,-0.0217874097036218,0.0053879288563865035
2021-05-13,1062246.4285000004,996745.4285000005,3,-0.027215279141454746,-0.005548762601990664
2021-05-14,1063939.1335000005,947648.1335000005,5,-0.025665132662500558,0.00159351441867428
2021-05-17,1063717.3135000006,937066.3135000005,5,-0.025868271125470386,-0.00020848937031769932
2021-05-18,1063863.3560000006,928628.3560000006,5,-0.025734528230428055,0.0001372944654998154
2021-05-19,1060151.0910000005,918642.0910000006,5,-0.029134148671494168,-0.003489418992639992
2021-05-20,1056869.8070000005,943786.8070000006,5,-0.03213908505382214,-0.0030951097705373964
2021-05-21,1058510.5785000008,938240.5785000006,5,-0.030636498269064203,0.0015524821403098965
2021-05-24,1060081.2847500006,941628.2847500006,5,-0.02919807588423729,0.0014838833752852665
2021-05-25,1061407.8510000007,939886.8510000006,5,-0.027983232186406245,0.0012513816337329509
2021-05-26,1062119.8472500006,952318.8472500007,5,-0.02733119980039344,0.0006708036400231432
2021-05-27,1064998.4272500006,956503.4272500006,5,-0.02469505194746699,0.0027102214570731142
2021-05-28,1064892.6172500006,964533.6172500006,5,-0.024791950697655725,-9.93522593956131e-05
2021-05-31,1068787.2722500006,971931.2722500006,5,-0.021225301024504706,0.0036573218152808895
2021-06-01,1069443.7965000006,958878.7965000006,5,-0.020624068822505233,0.0006142702734641681
2021-06-02,1065268.7965000006,958878.7965000006,5,-0.024447453020952952,-0.003903898469151623
2021-06-03,1063903.2577500008,960354.2577500007,5,-0.02569798698002299,-0.0012818724762110323
2021-06-04,1056569.2872500008,965456.2872500008,5,-0.03241429522471327,-0.00689345619216386
2021-06-07,1057998.0792500009,935704.0792500008,5,-0.031105835163475183,0.0013522937087437903
2021-06-08,1062669.7192500005,942957.7192500007,5,-0.026827637664832062,0.004415546768583356
2021-06-09,1062998.8517500008,952564.8517500007,5,-0.02652622449125201,0.00030972229097914195
2021-06-10,1063665.8277500006,933822.8277500008,5,-0.02591542077888241,0.0006274475263090551
2021-06-11,1062220.1340000008,919913.1340000008,5,-0.02723935913565944,-0.0013591616015886654
2021-06-15,1059365.9555000006,944681.9555000007,3,-0.029853160567144422,-0.0026869934099744697
2021-06-16,1057810.5365000009,956626.5365000007,3,-0.031277583184285605,-0.001468254659236834
2021-06-17,1059287.6287500006,950180.6287500007,3,-0.02992489068888473,0.0013963674959101002
2021-06-18,1059905.0985000008,956849.0985000007,3,-0.029359423842137404,0.0005829103760315313
2021-06-21,1050951.4637500006,930061.4637500006,3,-0.03755898926053816,-0.008447581545434124
2021-06-22,1051778.1837500005,879726.1837500005,5,-0.03680189508460029,0.0007866395628302048
2021-06-23,1054488.0347500006,886175.0347500006,5,-0.03432026598434931,0.0025764472413170036
2021-06-24,1052359.3247500006,888430.3247500006,5,-0.036269697404008594,-0.0020187142289429527
2021-06-25,1049421.8200000005,916379.8200000005,5,-0.03895980740257517,-0.002791351471796877
2021-06-28,1050888.0402500005,905996.0402500005,5,-0.03761707127436101,0.0013971695862013966
2021-06-29,1052565.8680000007,952041.8680000006,3,-0.036080549093027416,0.001596580878017173
2021-06-30,1051722.9310000006,911113.9310000006,5,-0.03685249448370705,-0.0008008401427663792
2021-07-01,1053385.6077500004,914638.6077500004,5,-0.035329847294946364,0.0015809075765029768
2021-07-02,1054407.0882500005,961069.0882500005,3,-0.03439439522243792,0.0009697118438725116
2021-07-05,1055293.2862500004,962347.2862500005,3,-0.033582832245217464,0.0008404704500524218
2021-07-06,1053317.2862500004,962347.2862500005,3,-0.035392414802375,-0.0018724652433085298
2021-07-07,1058901.2862500004,962347.2862500005,3,-0.030278695673241564,0.005301346586535249
2021-07-08,1054175.1827500004,958255.1827500004,3,-0.03460676979111662,-0.0044632144293044185
2021-07-09,1056215.5130000003,938442.5130000003,3,-0.032738274836035315,0.0019354755105098764
2021-07-12,1058717.1910000003,908712.1910000003,5,-0.030447286540273743,0.0023685298778604036
2021-07-13,1061869.9707500003,956501.9707500002,5,-0.027560031863067536,0.002977924394542031
2021-07-14,1060276.469,998026.4690000002,3,-0.02901932992561841,-0.0015006561951034225
2021-07-15,1062267.4415000002,945931.4415000002,5,-0.027196035842733494,0.0018777861795593598
2021-07-16,1064797.2000000002,988617.2000000002,3,-0.024879331968532585,0.002381470429356103
2021-07-19,1063575.2937500002,1003347.2937500002,3,-0.025998330063918097,-0.001147548331269066
2021-07-20,1061913.2937500002,1003347.2937500002,3,-0.027520357498126504,-0.001562653824103033
2021-07-21,1062441.2540000002,941047.2540000002,5,-0.02703686171914243,0.0004971783036404887
2021-07-22,1063203.6145000001,914740.6145000003,5,-0.026338706727712366,0.0007175554385991934
2021-07-23,1062970.3342500003,982650.3342500003,3,-0.026552340265834355,-0.00021941258176549905
2021-07-26,1064568.1755000004,988936.1755000004,3,-0.025089068173168926,0.0015031851769669036
2021-07-27,1061822.4435000003,978459.4435000003,3,-0.027603556398791092,-0.0025791978975047147
2021-07-28,1058972.0015000002,973485.0015000002,3,-0.030213936015890938,-0.0026844808352367577
2021-07-29,1060617.7827500002,947579.7827500002,3,-0.02870676139904027,0.0015541310324247437
2021-07-30,1062845.2375000003,980856.2375000002,3,-0.02666690144840376,0.0021001484099434364
2021-08-02,1064010.5122500001,935662.5122500001,5,-0.02559976538469128,0.001096372932658296
2021-08-03,1064725.1527500001,943525.1527500001,3,-0.024945311445704284,0.0006716479694253152
2021-08-04,1063634.7552500002,949939.7552500002,5,-0.02594387637301608,-0.0010241117129464739
2021-08-05,1059418.2890000003,988358.2890000002,3,-0.02980523456068972,-0.003964205032966239
2021-08-06,1062162.3170000003,1008180.3170000003,3,-0.027292306825289037,0.002590127080579263
2021-08-09,1063131.4970000002,961884.4970000002,5,-0.026404750538474353,0.0009124594089700011
2021-08-10,1061841.5925000003,966591.5925000001,5,-0.02758602011519445,-0.0012133066357641331
2021-08-11,1063500.6625,957880.6625,5,-0.026066675918279953,0.001562445859832673
2021-08-12,1064138.304,941735.3039999999,5,-0.025482736173280156,0.0005995685028545861
2021-08-13,1062584.4639999997,949302.4639999998,5,-0.026905712772781285,-0.0014601861376096759
2021-08-16,1061943.3539999998,929837.3539999998,5,-0.02749282890295286,-0.0006033496834562113
2021-08-17,1057757.3897499999,987582.3897499999,3,-0.031326253949352116,-0.0039417961741864405
2021-08-18,1057419.0584999998,977099.0584999998,3,-0.03163609116015242,-0.0003198571366918035
2021-08-19,1057774.8784999996,987462.8784999998,3,-0.031310238090573726,0.0003364985689822131
2021-08-20,1057703.2009999997,986324.2009999997,3,-0.03137587895785138,-6.776252816820261e-05
2021-08-23,1060028.2304999996,942579.2304999996,5,-0.02924666193959399,0.0021981870696825556
2021-08-24,1060706.8804999995,955764.8804999995,5,-0.028625167403958977,0.0006402187983991503
2021-08-25,1057869.4944999996,952104.4944999996,5,-0.031223590588940187,-0.002674995375407052
2021-08-26,1062210.3739999998,941748.3739999997,5,-0.027248297154768526,0.004103416841651164
2021-08-27,1060670.2742499996,962209.2742499996,5,-0.028658690699243827,-0.0014499008743443786
2021-08-30,1058650.8332499997,959538.8332499997,5,-0.03050805568345867,-0.0019039290993875246
2021-08-31,1061426.4297499997,969707.4297499998,5,-0.027966218126724125,0.002621824319052557
2021-09-01,1059830.1094999998,977564.1094999997,5,-0.029428097317026312,-0.001503938667115956
2021-09-02,1062370.0749999997,981564.0749999996,5,-0.02710204606976832,0.0023965779771988327
2021-09-03,1061948.1672499995,972504.1672499995,5,-0.027488421021757203,-0.00039713821005382677
2021-09-06,1063974.3862499995,985960.3862499994,5,-0.025632848876321345,0.001908020619544093
2021-09-07,1065601.9842499993,973801.9842499994,5,-0.02414232612790836,0.0015297341938242948
2021-09-08,1064998.9984999993,962083.9984999993,5,-0.024694528807774018,-0.000565863951937362
2021-09-09,1062964.8852499994,964283.8852499994,5,-0.026557330354577104,-0.0019099672890442454
2021-09-10,1061706.4642499993,947299.4642499994,5,-0.02770976795131845,-0.001183878242322245
2021-09-13,1061793.0442499993,947028.0442499993,5,-0.02763047966295872,8.154796350545723e-05
2021-09-14,1065545.9152499991,942852.9152499993,5,-0.02419367303296783,0.0035344656101516936
2021-09-15,1064348.9572499993,926222.9572499993,5,-0.025289824003843296,-0.0011233284111638042
2021-09-16,1060983.4997499993,988056.4997499993,3,-0.028371844848405558,-0.0031619869377196297
2021-09-17,1064279.9792499992,950431.9792499992,3,-0.025352992721266288,0.003107003549797538
2021-09-22,1063185.010249999,897677.010249999,5,-0.02635574413980309,-0.001028835476893919
2021-09-23,1064072.971249999,957674.9712499991,5,-0.025542566641302892,0.0008351895403335696
2021-09-24,1061728.5769999991,996003.5769999991,3,-0.027689517522831344,-0.002203226952796178
2021-09-27,1058982.1204999993,993311.1204999991,3,-0.03020466923153158,-0.002586778353239949
2021-09-28,1060308.035249999,985120.0352499991,3,-0.028990422164791974,0.001252065284514714
2021-09-29,1056308.8232499992,987528.8232499992,3,-0.03265282311498163,-0.0037717454428768393
2021-09-30,1061143.7667499993,994175.7667499993,3,-0.028225075431559426,0.004577206394171807
2021-10-08,1058994.1672499992,1001260.1672499992,3,-0.030193637051030363,-0.0020257382339281538
2021-10-11,1057696.0357499993,991694.0357499992,3,-0.03138244075512781,-0.0012258155334046172
2021-10-12,1054557.2707499992,951141.2707499992,3,-0.03425686099552093,-0.0029675491766162354
2021-10-13,1053317.7757499993,980755.7757499993,3,-0.03539196652774955,-0.001175370019608657
2021-10-14,1053054.4477499994,962016.4477499995,3,-0.03563311721378758,-0.000249998629152981
2021-10-15,1052952.8417499994,956830.8417499994,3,-0.03572616602213899,-9.648693874941827e-05
2021-10-18,1052761.0977499995,977479.0977499995,3,-0.03590176146638976,-0.00018210122276818286
2021-10-19,1052675.3639999996,933661.3639999995,5,-0.035980274775377366,-8.143704225316295e-05
2021-10-20,1052236.6044999994,925190.6044999993,5,-0.03638208223387304,-0.00041680418769651784
2021-10-21,1053089.8609999993,918920.8609999993,5,-0.035600686444813776,0.0008108979447691844
2021-10-22,1053202.0687499992,981333.0687499993,3,-0.03549792875899516,0.00010655097362088917
2021-10-25,1050954.241499999,914379.2414999992,5,-0.037556445450849185,-0.0021342791822160923
2021-10-26,1044548.2634999992,911883.2634999992,5,-0.04342291612409548,-0.006095391927679716
2021-10-27,1041966.9897499993,964863.9897499993,3,-0.04578679666723743,-0.0024711866748510225
2021-10-28,1039922.9897499993,964863.9897499993,3,-0.04765865230834573,-0.0019616744293313726
2021-10-29,1043020.4017499993,951487.4017499993,3,-0.044822102345020605,0.0029785013222418666
2021-11-01,1043669.9749999993,945319.9749999993,3,-0.0442272357342938,0.0006227809627790126
2021-11-02,1042397.1547499992,951763.1547499992,3,-0.0453928598855069,-0.0012195620076165259
2021-11-03,1042259.1547499992,951763.1547499992,3,-0.0455192376147011,-0.00013238716104624348
2021-11-04,1043349.1547499992,951763.1547499992,3,-0.044521036710196187,0.0010458051579902428
2021-11-05,1041499.3522499992,935946.3522499992,3,-0.04621505003923788,-0.0017729467566811596
2021-11-08,1042614.6877499992,964771.6877499992,3,-0.04519364737416771,0.0010708940889789798
2021-11-09,1044537.6089999992,978341.6089999992,3,-0.0434326733089918,0.0018443258785751926
2021-11-10,1043816.6089999992,978341.6089999992,3,-0.044092951154999185,-0.0006902575778867659
2021-11-11,1044396.3534999993,941608.3534999993,5,-0.04356203236208012,0.0005554083878349658
2021-11-12,1051584.485999999,962693.4859999992,5,-0.036979279735290214,0.006882571425982809
2021-11-15,1052569.4184999992,955902.4184999992,5,-0.03607729761384398,0.0009366175643639174
2021-11-16,1053725.097999999,1023805.0979999991,3,-0.03501894869437826,0.0010979603622218725
2021-11-17,1054474.1694999991,948083.1694999991,5,-0.034332963511957214,0.0007108794328063439
2021-11-18,1052836.8499999992,1007926.8499999992,3,-0.03583238902192375,-0.0015527355219866479
2021-11-19,1052332.391249999,951697.391249999,5,-0.036294362582048184,-0.00047914237614332666
2021-11-22,1051323.4762499991,955872.4762499991,5,-0.03721830741284487,-0.0009587417515499741
2021-11-23,1057062.346749999,951357.3467499991,5,-0.031962760877123284,0.005458710501234254
2021-11-24,1054036.366249999,948994.366249999,5,-0.03473389525520979,-0.0028626320001876593
2021-11-25,1052717.7222499992,975113.7222499991,5,-0.03594148390981514,-0.0012510422241798214
2021-11-26,1051378.7222499992,975113.7222499991,5,-0.03716771419525741,-0.0012719459088597063
2021-11-29,1050123.7902499991,987365.790249999,5,-0.03831695663332364,-0.0011936060464629028
2021-11-30,1048948.7902499991,987365.790249999,5,-0.03939299889276701,-0.0011189157039478426
2021-12-01,1047992.906249999,981121.906249999,5,-0.04026837896010827,-0.0009112780422506628
2021-12-02,1050822.081749999,930038.081749999,5,-0.03767747479212372,0.002699613216012642
2021-12-03,1047671.565749999,940787.565749999,5,-0.04056265637089175,-0.002998144076638787
2021-12-06,1043568.144749999,927609.144749999,5,-0.04432048990645545,-0.003916705515494723
2021-12-07,1041719.104999999,946668.104999999,5,-0.04601380472380915,-0.0017718438027283234
2021-12-08,1041949.073749999,947440.073749999,5,-0.045803203793297345,0.0002207588868210486
2021-12-09,1042055.430249999,943680.430249999,5,-0.045705804568985445,0.00010207456648259061
2021-12-10,1041128.742249999,935550.742249999,5,-0.04655444750457621,-0.000889288585903536
2021-12-13,1042109.835749999,895652.835749999,5,-0.045655981065031284,0.00094233638952268
2021-12-14,1040905.472249999,905226.472249999,5,-0.04675891384948339,-0.0011556972774691143
2021-12-15,1037310.3872499989,911786.3872499989,5,-0.05005122311441195,-0.0034538054567327947
2021-12-16,1039667.5497499988,909817.5497499988,5,-0.04789257931664586,0.0022723791537930804
2021-12-17,1035826.7714999988,963941.7714999988,3,-0.05140988970485952,-0.00369423692306603
2021-12-20,1034849.8284999987,956759.8284999987,3,-0.05230455519683184,-0.0009431528773728992
2021-12-21,1036672.3084999986,966608.3084999986,3,-0.05063556328449964,0.001761105766081572
2021-12-22,1037371.3039999986,974663.3039999986,3,-0.04999543673372457,0.0006742685169349727
2021-12-23,1037399.0789999986,917612.0789999986,5,-0.0499700009262726,2.67744055506558e-05
2021-12-24,1047002.2064999986,980497.2064999986,3,-0.041175642617487324,0.009256926957422085
2021-12-27,1046746.4782499986,973860.4782499986,3,-0.04140983359955832,-0.0002442480525945978
2021-12-28,1046329.3487499987,929434.3487499987,5,-0.041791832722673554,-0.0003985009824893915
2021-12-29,1047787.2724999988,984455.2724999988,3,-0.04045669436859166,0.0013933698330661493
2021-12-30,1048905.1989999986,987484.1989999987,3,-0.03943291891586703,0.0010669403316310166
2021-12-31,1048028.7109999987,942228.7109999987,5,-0.04023558966301162,-0.0008356217519328579
2022-01-04,1050536.0759999987,929534.0759999987,5,-0.03793939332271441,0.0023924583111922804
2022-01-05,1052185.4264999987,1003513.4264999988,3,-0.03642895005579187,0.001570008434436554
2022-01-06,1054545.6757499988,989466.6757499988,3,-0.03426747947211558,0.0022431875509349997
2022-01-07,1052204.0129999989,1001312.0129999988,3,-0.03641192889880858,-0.0022205417971435937
2022-01-10,1051466.8182499986,1000556.8182499987,3,-0.03708703758343842,-0.0007006195955272521
2022-01-11,1050632.3869999987,985623.3869999987,3,-0.03785119357288528,-0.0007935878103968452
2022-01-12,1050835.3869999987,985623.3869999987,3,-0.037665290101679315,0.00019321696390850462
2022-01-13,1048986.4332499988,990466.4332499987,3,-0.03935852616189732,-0.0017595084566750518
2022-01-14,1050001.7349999987,980681.7349999987,3,-0.038428732469057605,0.000967888351858015
2022-01-17,1050683.211999999,988188.2119999988,3,-0.03780464902153514,0.0006490246418500156
2022-01-18,1048809.211999999,988188.2119999988,3,-0.03952082195276652,-0.0017836013544298979
2022-01-19,1047372.2119999988,988188.2119999988,3,-0.04083679874154971,-0.0013701252654521046
2022-01-20,1053208.7169999988,987538.7169999987,3,-0.03549184042031352,0.005572522292581095
2022-01-21,1052683.7157499986,976698.7157499987,3,-0.03597262640436527,-0.0004984778814740576
2022-01-24,1051802.716249999,1006780.7162499988,3,-0.03677942869589561,-0.0008369080729742073
2022-01-25,1049219.7162499987,1006780.7162499988,3,-0.03914489010537856,-0.0024557837321521614
2022-01-26,1050080.1317499988,1001478.1317499987,3,-0.03835693824267199,0.0008200527369761623
2022-01-27,1047905.3009999986,1009559.3009999986,3,-0.04034860615257593,-0.002071109322272169
2022-01-28,1047650.0399999986,1010668.0399999986,3,-0.04058236923613994,-0.00024359166783138875
2022-02-07,1046164.0399999986,1010668.0399999986,3,-0.041943219276593426,-0.0014184125836524952
2022-02-08,1047092.0399999986,1010668.0399999986,3,-0.04109337483679475,0.0008870501800080088
2022-02-09,1048973.1137499986,971412.1137499987,5,-0.039370723902216374,0.0017964741189322453
2022-02-10,1050309.4782499988,958540.4782499988,5,-0.03814690715666738,0.0012739740251519471
2022-02-11,1044297.2397499988,984776.2397499988,3,-0.04365279881611623,-0.005724254255057737
2022-02-14,1045878.4597499988,995452.4597499988,3,-0.04220474814251877,0.001514147447501113
2022-02-15,1046921.4889999985,960498.4889999985,3,-0.041249562141807875,0.000997275773562789
2022-02-16,1047585.7279999986,927182.7279999986,5,-0.04064126492106705,0.0006344687801131954
2022-02-17,1047684.1149999985,919232.1149999985,5,-0.04055116401061623,9.391785070200775e-05
2022-02-18,1050481.9449999984,920197.9449999984,5,-0.03798896544488142,0.0026704900455609693
2022-02-21,1051790.9399999985,933523.9399999984,4,-0.03679021315773232,0.0012460899554063154
2022-02-22,1052611.2599999984,953319.2599999984,3,-0.036038979977931124,0.0007799268550456873
2022-02-23,1044650.8397499984,875862.8397499984,5,-0.04332897877957259,-0.007562545217310257
2022-02-24,1040897.2089999984,931990.2089999984,3,-0.04676648117390972,-0.003593191722220168
2022-02-25,1040533.3762499985,944473.3762499985,3,-0.047099672164862424,-0.00034953763623735146
2022-02-28,1039862.2397499984,924591.2397499984,5,-0.047714285982611314,-0.0006449927655552967
2022-03-01,1041152.4637499985,923036.4637499985,5,-0.04653272381397462,0.0012407643538534519
2022-03-02,1041932.5637499985,922876.5637499985,5,-0.04581832333176888,0.0007492658637047178
2022-03-03,1038679.9407499984,926963.9407499984,5,-0.04879701252499228,-0.0031217212256938742
2022-03-04,1037477.6552499984,976360.6552499984,3,-0.049898042317261214,-0.0011575129670183815
2022-03-07,1036640.1739999984,946316.1739999984,3,-0.05066499143767954,-0.0008072282287354682
2022-03-08,1037349.4639999983,941556.4639999983,3,-0.05001543738304082,0.0006842200580197133
2022-03-09,1038033.3354999983,975445.3354999983,3,-0.04938916109876087,0.0006592489066925555
2022-03-10,1038225.3354999983,975445.3354999983,3,-0.04921333121466459,0.0001849651580867473
2022-03-11,1038060.3354999983,975445.3354999983,3,-0.04936443502130983,-0.00015892503713610395
2022-03-14,1035896.5544999982,973992.5544999982,3,-0.05134598378401682,-0.0020844462754257
2022-03-15,1034082.6859999982,980001.6859999982,3,-0.05300708945131311,-0.001751013160648518
2022-03-16,1034790.1419999982,979785.1419999982,3,-0.05235921493837968,0.0006841387149962852
2022-03-17,1037555.9814999982,972150.9814999982,3,-0.049826312653411406,0.0026728506464646085
2022-03-18,1036222.8564999982,981315.8564999982,3,-0.05104716272755647,-0.001284870429904661
2022-03-21,1041820.3684999982,1022270.3684999982,1,-0.04592106957032977,0.005401841857557876
2022-03-22,1040520.3684999982,1022270.3684999982,1,-0.04711158441056499,-0.0012478158800750538
2022-03-23,1040723.9894999983,1005869.9894999983,2,-0.04692511223957762,0.00019569150798415258
2022-03-24,1040486.5107499982,968914.5107499982,3,-0.047142590682743506,-0.0002281861015946962
2022-03-25,1039623.0989999982,981650.0989999982,3,-0.04793328645321153,-0.0008298154191135332
2022-03-28,1039099.7807499982,987660.7807499982,3,-0.048412531178435324,-0.0005033730498132938
2022-03-29,1038879.1297499982,992518.1297499982,3,-0.0486145990938297,-0.00021234823073557063
2022-03-30,1039153.7447499982,953495.7447499982,5,-0.04836311199163648,0.000264337777259982
2022-03-31,1041454.2787499981,952281.2787499981,5,-0.04625632747820146,0.002213853350981676
2022-04-01,1039192.870249998,952693.870249998,5,-0.04832728161595845,-0.0021713948909156677
2022-04-06,1041868.638999998,958509.638999998,5,-0.0458768643806411,0.0025748528753437583
2022-04-07,1039448.142999998,992180.142999998,3,-0.0480935077719719,-0.0023232257017767877
2022-04-08,1039592.091999998,990340.091999998,3,-0.04796168206371263,0.00013848598505794563
2022-04-11,1039703.571999998,993410.571999998,3,-0.04785959083725924,0.00010723436707316125
2022-04-12,1038751.7269999979,990238.7269999979,3,-0.04873127206656985,-0.0009154965180787622
2022-04-13,1035537.3719999979,990187.3719999979,3,-0.05167491616601928,-0.003094440101951368
2022-04-14,1036009.0999999978,950866.0999999978,5,-0.05124291679328517,0.0004555393293907972
2022-04-15,1036056.3819999978,985146.3819999978,3,-0.05119961685276516,4.563859525941183e-05
2022-04-18,1035710.8569999977,984858.8569999977,3,-0.05151604196059001,-0.0003335001897609713
2022-04-19,1036595.8819999977,992197.8819999977,3,-0.05070555319406765,0.0008545097253913614
2022-04-20,1035039.4729999977,990316.4729999977,3,-0.05213088243404891,-0.0015014616853359364
2022-04-21,1032982.4729999977,990316.4729999977,3,-0.05401464322355956,-0.0019873638191187926
2022-04-22,1030696.0927499976,983772.0927499976,3,-0.05610846600667169,-0.0022133775836098435
2022-04-25,1028626.1469999977,967910.1469999977,3,-0.05800408226348459,-0.0020082988230576415
2022-04-26,1026052.0697499977,982191.0697499977,3,-0.06036137239120522,-0.002502441978076586
2022-04-27,1025944.8777499977,980711.8777499977,3,-0.06045953675024717,-0.0001044703316335216
2022-04-28,1021865.1062499977,957762.1062499977,2,-0.06419571253141532,-0.003976599121920943
2022-04-29,1024167.4787499978,992352.4787499978,2,-0.06208724435526184,0.002253108053027919
2022-05-05,1024349.4787499978,992352.4787499978,2,-0.06192057227762891,0.0001777053106803983
2022-05-06,1023830.6227499978,1011237.6227499978,1,-0.062395730560663616,-0.0005065224425487846
2022-05-09,1023830.6227499978,1011237.6227499978,1,-0.062395730560663616,0.0
2022-05-10,1023830.6227499978,1011237.6227499978,1,-0.062395730560663616,0.0
2022-05-11,1023137.6227499978,1011237.6227499978,1,-0.06303036654857362,-0.0006768697718169125
2022-05-12,1023830.6227499978,1011237.6227499978,1,-0.062395730560663616,0.0006773282348246923
2022-05-13,1023744.4872499977,942961.4872499977,3,-0.06247461178452607,-8.413061505108121e-05
2022-05-16,1024136.4872499977,942961.4872499977,3,-0.062115625771162836,0.0003829080448121136
2022-05-17,1024228.9372499976,928391.9372499976,4,-0.06203096185040923,9.027117103133087e-05
2022-05-18,1023850.8732499977,902546.8732499977,5,-0.06237718554468505,-0.0003691206001413816
2022-05-19,1027232.3769999978,935348.3769999978,5,-0.05928046985492653,0.0033027307377939685
2022-05-20,1026152.3769999978,935348.3769999978,5,-0.06026951295296809,-0.001051368730368596
2022-05-23,1026810.3544999978,946002.3544999978,5,-0.05966694989274431,0.0006412083767945997
2022-05-24,1023656.7562499978,967503.7562499978,3,-0.06255495413640959,-0.003071256767308017
2022-05-25,1026326.5222499977,893977.5222499977,5,-0.06011003410336701,0.002608067580953888
2022-05-26,1027165.1952499978,918495.1952499978,5,-0.05934199360136341,0.0008171600185888916
2022-05-27,1025771.0342499977,910638.0342499977,5,-0.060618739263038235,-0.0013572899534050054
2022-05-30,1027070.8422499978,924077.8422499978,5,-0.059428400252687044,0.0012671521778253592
2022-05-31,1026722.2242499979,912279.2242499979,5,-0.059747657870050895,-0.00033942936130504364
2022-06-01,1026021.098249998,922886.098249998,5,-0.06038973549149295,-0.0006828779814443964
2022-06-02,1024403.011749998,908279.011749998,5,-0.06187154779228852,-0.0015770499288561002
2022-06-06,1024412.011749998,908279.011749998,5,-0.061863305766471505,8.785604783234646e-06
2022-06-07,1025667.832749998,942031.832749998,4,-0.060713249199410714,0.0012258944502756552
2022-06-08,1024720.807749998,912017.807749998,5,-0.061580516366005825,-0.0009233252421115834
2022-06-09,1024496.2679999981,907363.2679999981,5,-0.06178614552338867,-0.00021912285600311776
2022-06-10,1024320.4129999981,908948.4129999981,5,-0.06194719012894986,-0.00017165021044274198
2022-06-13,1025642.3804999981,897546.3804999981,5,-0.06073655787736625,0.0012905800599329886
2022-06-14,1028469.9334999981,918985.9334999981,5,-0.05814713956348044,0.00275686053322155
2022-06-15,1029325.4094999981,911176.4094999981,5,-0.057363711199276524,0.0008317948557705623
2022-06-16,1030895.3574999982,927366.3574999982,5,-0.05592598320512444,0.0015252202904061374
2022-06-17,1031366.1527499983,937215.1527499983,5,-0.05549483802678802,0.00045668577957491685
2022-06-20,1031854.3452499983,938293.3452499983,5,-0.05504776078360222,0.0004733454735723619
2022-06-21,1030002.5874999983,930295.5874999983,5,-0.05674356469275266,-0.0017945921907721596
2022-06-22,1027868.7784999983,969225.7784999983,3,-0.05869766567792764,-0.002071654019024538
2022-06-23,1027510.5064999983,931956.5064999983,5,-0.05902576424165129,-0.0003485581112044889
2022-06-24,1028305.6889999983,925640.6889999983,5,-0.05829755149784719,0.0007738923300244505
2022-06-27,1028322.3402499983,925388.3402499983,5,-0.05828230260535991,1.619289884136066e-05
2022-06-28,1030038.2362499982,897893.2362499982,5,-0.05671091825743669,0.001668636314545946
2022-06-29,1029635.3759999981,859488.3759999981,5,-0.05707984987756441,-0.00039111193722940474
2022-06-30,1032047.4527499981,911811.4527499981,5,-0.054870916672440304,0.002342651395070172
2022-07-01,1033018.4299999981,892801.4299999981,5,-0.05398171449885893,0.0009408261678400809
2022-07-04,1034237.198999998,886711.198999998,5,-0.05286558943630616,0.0011798134133966798
2022-07-05,1030607.725999998,903431.725999998,5,-0.056189390566100804,-0.0035093235898973063
2022-07-06,1027853.3057499981,971855.3057499981,3,-0.05871183532292339,-0.0026726175056832613
2022-07-07,1028269.3089999981,926103.3089999981,5,-0.05833086759776096,0.00040473017664366395
2022-07-08,1030053.2567499982,972425.2567499982,3,-0.05669716277423843,0.0017349032343823012
2022-07-11,1029026.2567499982,972425.2567499982,3,-0.05763766949802425,-0.000997035826322601
2022-07-12,1027333.9254999981,975218.9254999981,3,-0.059187473703961845,-0.0016445948185471737
2022-07-13,1027108.9254999981,975218.9254999981,3,-0.059393524349387175,-0.00021901350127273567
2022-07-14,1025821.8124999981,971487.8124999981,3,-0.06057223752443309,-0.0012531416756732527
2022-07-15,1023637.3934999981,971411.3934999981,3,-0.06257268616811906,-0.0021294331758031637
2022-07-18,1025002.0719999982,964705.0719999982,3,-0.06132294000934985,0.0013331659322584066
2022-07-19,1024966.3559999982,934073.3559999982,3,-0.06135564803091435,-3.48448076112895e-05
2022-07-20,1026516.9129999982,900253.9129999982,5,-0.0599356779392754,0.001512788191459391
2022-07-21,1027479.1769999982,971852.1769999982,3,-0.05905445519141074,0.0009374068637484356
2022-07-22,1027403.8289999982,960490.8289999982,3,-0.05912345743155077,-7.333287300281821e-05
2022-07-25,1027840.8914999982,967789.8914999982,3,-0.058723204052812075,0.00042540478014907457
2022-07-26,1028991.3484999981,964573.3484999981,3,-0.057669637797771754,0.0011192948339708853
2022-07-27,1030666.1159999982,972103.1159999982,3,-0.056135918134161196,0.001627581711392878
2022-07-28,1028818.0292499982,961472.0292499982,3,-0.057828360212558966,-0.0017930993571152465
2022-07-29,1030716.7242499981,971302.7242499981,3,-0.05608957207826639,0.001845511009740175
2022-08-01,1034525.4872499981,972936.4872499981,3,-0.05260158063639035,0.0036952568153694187
2022-08-02,1033935.4872499981,972936.4872499981,3,-0.053141891217727874,-0.0005703097770634047
2022-08-03,1033991.4872499981,972936.4872499981,3,-0.053090607501533126,5.4161986594580824e-05
2022-08-04,1035579.4872499981,972936.4872499981,3,-0.05163634783515349,0.0015357960095236933
2022-08-05,1037278.269749998,986060.269749998,3,-0.0500806356993214,0.001640417293810037
2022-08-08,1040473.458749998,944755.458749998,5,-0.0471545434517396,0.003080358562577601
2022-08-09,1038695.2709999981,918611.2709999981,5,-0.048782973378739124,-0.0017090178851233429
2022-08-10,1036303.4629999981,967748.4629999981,4,-0.050973344854887796,-0.002302704235571662
2022-08-11,1035445.0729999981,952338.0729999981,5,-0.05175944180389512,-0.0008283191465123796
2022-08-12,1035377.925999998,934935.925999998,5,-0.05182093372695467,-6.484844223131336e-05
2022-08-15,1040503.894249998,946147.894249998,5,-0.04712667120987806,0.004950818557435621
2022-08-16,1044725.376249998,926670.376249998,5,-0.04326071969542744,0.004057151562169681
2022-08-17,1042376.8697499981,939501.8697499981,5,-0.04541143649591879,-0.002247965401615648
2022-08-18,1044569.078499998,934539.078499998,5,-0.04340385414994314,0.002103086526205944
2022-08-19,1041542.759249998,981685.759249998,3,-0.04617529874872348,-0.002897193983901758
2022-08-22,1040863.3557499981,917870.3557499981,5,-0.0467974833250755,-0.0006523049524045366
2022-08-23,1040205.1277499981,929790.1277499981,5,-0.04740027578835116,-0.0006323865629083159
2022-08-24,1034222.2887499981,989811.2887499981,3,-0.05287924395468814,-0.005751595373252094
2022-08-25,1033849.370749998,990690.370749998,3,-0.05322075504175807,-0.0003605781890958504
2022-08-26,1034135.2292499981,984568.2292499981,3,-0.0529589713598677,0.0002764991768509084
2022-08-29,1033898.2292499981,984568.2292499981,3,-0.05317601137304904,-0.00022917699087754428
2022-08-30,1033339.2292499981,984568.2292499981,3,-0.05368793275435019,-0.0005406721708050011
2022-08-31,1031382.061249998,981534.061249998,3,-0.055480269330375996,-0.0018940227416127664
2022-09-01,1030787.4692499981,978730.4692499981,3,-0.05602478517644144,-0.0005765002343354197
2022-09-02,1033373.2327499981,980152.2327499981,3,-0.053656793007142545,0.002508532143761233
2022-09-05,1032251.2327499981,980152.2327499981,3,-0.054684298892330174,-0.0010857645277052574
2022-09-06,1033007.1377499981,910389.1377499981,5,-0.053992055722862455,0.0007322878152309364
2022-09-07,1032966.5307499982,902617.5307499982,5,-0.05402924282756813,-3.9309505729501204e-05
2022-09-08,1030765.6979999982,916882.6979999982,5,-0.05604472286583784,-0.0021305944427860712
2022-09-09,1031659.2882499984,938356.2882499984,5,-0.055226390209134266,0.0008669188853820398
2022-09-13,1031831.7079999984,874454.7079999984,5,-0.05506849153903838,0.00016712857816902904
2022-09-14,1029279.4019999985,934060.4019999985,3,-0.057405843977362404,-0.002473568102444701
2022-09-15,1029028.4099999985,925125.4099999985,3,-0.05763569759334724,-0.00024385215473299304
2022-09-16,1027317.4099999985,925125.4099999985,3,-0.05920259827922605,-0.0016627334905165991
2022-09-19,1027756.8639999985,967745.8639999985,3,-0.05880015481107162,0.0004277684732316711
2022-09-20,1028179.8072499986,975623.8072499986,3,-0.058412831568223675,0.0004115207251975672
2022-09-21,1027132.8072499986,975623.8072499986,3,-0.05937165390493619,-0.0010183043788812851
2022-09-22,1026841.8407499986,976374.8407499986,3,-0.059638115394367947,-0.0002832803099522829
2022-09-23,1025027.1687499986,978604.1687499986,3,-0.0612999568914136,-0.0017672361292510042
2022-09-26,1024462.3762499986,960342.3762499986,3,-0.06181718293210862,-0.0005510024682455761
2022-09-27,1024683.4492499985,946148.4492499985,3,-0.06161472855728147,0.00021579416201622514
2022-09-28,1021870.8089999985,950106.8089999985,3,-0.06419049006333374,-0.002744886971736249
2022-09-29,1020635.6804999984,952584.6804999984,3,-0.06532159683937036,-0.0012086933975624659
2022-09-30,1019757.8904999985,971792.8904999985,3,-0.06612545993291649,-0.0008600424390120542
2022-10-10,1019137.7209999984,973028.7209999984,3,-0.06669339915846369,-0.0006081536664511722
2022-10-11,1021555.7209999984,963632.7209999984,3,-0.06447904155562618,0.0023725939587708744
2022-10-12,1021981.4559999984,964639.4559999984,3,-0.06408916168215885,0.0004167516183877229
2022-10-13,1022989.7309999984,965946.7309999984,3,-0.06316580295097562,0.0009865883515600693
2022-10-14,1025748.5802499984,979307.5802499984,3,-0.06063930220167042,0.0026968494075723104
2022-10-17,1026003.4949999984,1013410.4949999984,1,-0.060405856207155155,0.0002485158204537097
2022-10-18,1025965.8112499984,983225.8112499984,2,-0.060440366256086446,-3.672867605575281e-05
2022-10-19,1024411.7962499984,956780.7962499984,3,-0.06186350311720041,-0.0015146849758147507
2022-10-20,1023058.7844999984,955987.7844999984,3,-0.06310256509211391,-0.001320769396596977
2022-10-21,1021247.7857499985,949231.7857499985,3,-0.06476104269790031,-0.0017701805384380265
2022-10-24,1019404.9947499986,951341.9947499986,3,-0.06644863503094021,-0.0018044504239944636
2022-10-25,1017094.9947499986,951341.9947499986,3,-0.06856408832397355,-0.00226602774353335
2022-10-26,1016094.9947499986,951341.9947499986,3,-0.06947986897030833,-0.0009831923322420888
2022-10-27,1014807.1402499987,919110.1402499987,3,-0.0706592611967034,-0.0012674548213050807
2022-10-28,1010515.9337499988,923308.9337499988,3,-0.0745890650588293,-0.004228593128486224
2022-10-31,1009979.1022499988,935699.1022499988,3,-0.07508068495687215,-0.0005312449631623695
2022-11-01,1011351.3272499988,935393.3272499988,3,-0.07382402785945541,0.001358666725819413
2022-11-02,1011420.3677499989,914261.3677499989,5,-0.07376080190574202,6.826559489248041e-05
2022-11-03,1013675.6317499989,925037.6317499989,5,-0.0716954747821665,0.0022297988768180677
2022-11-04,1014735.4734999989,926281.4734999989,5,-0.07072489221933888,0.0010455432850549062
2022-11-07,1012685.4734999989,926281.4734999989,5,-0.0726022425443252,-0.00202023094051218
2022-11-08,1011756.1994999989,920665.1994999989,5,-0.07345325368866727,-0.0009176333859991503
2022-11-09,1011786.1994999989,920665.1994999989,5,-0.07342578026927724,2.9651412084108486e-05
2022-11-10,1010480.0832499989,887376.0832499989,5,-0.07462189625289067,-0.0012909014282320719
2022-11-11,1009878.0832499989,887376.0832499989,5,-0.0751731962019842,-0.0005957564230892887
2022-11-14,1009217.1714999989,892344.1714999989,5,-0.07577844639156943,-0.0006544470673855995
2022-11-15,1010466.1499999989,928449.1499999989,5,-0.07463465605358122,0.0012375715904076046
2022-11-16,1009909.6819999989,912068.6819999989,5,-0.07514425867828584,-0.0005507042467478573
2022-11-17,1010925.3349999988,921741.3349999988,5,-0.07421414331749403,0.0010056869620147513
2022-11-18,1010706.7469999988,908777.7469999988,5,-0.07441432197741504,-0.00021622566220480532
2022-11-21,1010483.1497499987,902722.1497499987,5,-0.07461908801153883,-0.0002212286112305284
2022-11-22,1007644.1497499987,902722.1497499987,5,-0.07721898926648328,-0.0028095470970519454
2022-11-23,1007444.1927499986,898461.1927499986,5,-0.07740210601718249,-0.0001984400942035558
2022-11-24,1008941.1172499986,905280.1172499986,5,-0.07603125153105815,0.0014858634461070164
2022-11-25,1007662.5089999986,910778.5089999986,5,-0.07720217622065219,-0.0012672773744072385
2022-11-28,1007653.1824999986,959702.1824999986,3,-0.07721071724885019,-9.2555790422999e-06
2022-11-29,1008373.0724999985,896455.0724999985,5,-0.07655145591936034,0.0007144223950286133
2022-11-30,1008027.2097499985,892151.2097499985,5,-0.07686819033209843,-0.0003429908626402245
2022-12-01,1012614.0327499985,885147.0327499985,5,-0.07266766660053521,0.004550296813056853
2022-12-02,1012296.6974999984,870882.6974999984,5,-0.07295827608088513,-0.00031338223620935857
2022-12-05,1012895.0909999985,912444.0909999985,5,-0.07241027889469248,0.0005911246193708308
2022-12-06,1015307.0404999985,895903.0404999985,5,-0.07020146222265564,0.0023812431528509315
2022-12-07,1015019.9079999984,908140.9079999984,5,-0.07046441260908942,-0.00028280361363264284
2022-12-08,1013814.2057499985,912851.2057499985,5,-0.07156857139488171,-0.001187860691693965
2022-12-09,1014210.1122499984,911905.1122499984,5,-0.07120600788442363,0.0003905118884253156
2022-12-12,1012526.0902499984,918101.0902499984,5,-0.07274820264002561,-0.0016604271439022433
2022-12-13,1013160.1452499984,916758.1452499984,5,-0.07216754734231377,0.0006262110241954666
2022-12-14,1012711.2509999984,911381.2509999984,5,-0.07257863600871475,-0.000443063470374927
2022-12-15,1015893.7479999985,947361.7479999985,3,-0.06966416684909615,0.0031425512423779445
2022-12-16,1014275.4119999986,954443.4119999986,3,-0.07114620763716291,-0.0015930169894105006
2022-12-19,1012868.1739999986,936002.1739999986,3,-0.07243492896234979,-0.0013874318388781282
2022-12-20,1015440.9134999985,953743.9134999985,3,-0.07007886392018885,0.0025400536476920532
2022-12-21,1013686.9134999985,953743.9134999985,3,-0.07168514317386006,-0.001727328470500944
2022-12-22,1014307.7402499985,959535.7402499985,3,-0.07111660205148312,0.0006124442781414441
2022-12-23,1013840.7402499985,959535.7402499985,3,-0.07154427161332147,-0.0004604125370125667
2022-12-26,1013999.4994999985,959080.4994999985,3,-0.07139888296474484,0.00015659190215688845
2022-12-27,1013554.5069999986,969840.5069999986,3,-0.07180639848400891,-0.0004388488359405862
2022-12-28,1012912.5069999986,969840.5069999986,3,-0.07239432965895584,-0.0006334143803476966
2022-12-29,1012860.8574999986,951912.8574999986,3,-0.07244162927144866,-5.099107735662134e-05
2022-12-30,1010205.8574999986,957912.8574999986,3,-0.07487302688746751,-0.002621287988710752
2023-01-03,1011945.0169999987,908514.0169999987,5,-0.07328033827647817,0.0017215892058912718
2023-01-04,1012112.5219999987,914999.5219999987,5,-0.07312694043931385,0.00016552776799727553
2023-01-05,1012613.5219999987,914999.5219999987,5,-0.07266813433550012,0.0004950042501301599
2023-01-06,1012063.5537499987,926613.5537499987,5,-0.07317178461494878,-0.0005431176239023561
2023-01-09,1012433.0824999986,897735.0824999986,5,-0.07283337733743454,0.0003651240563211644
2023-01-10,1011533.0122499985,894548.0122499985,5,-0.07365764425272635,-0.0008890170279477472
2023-01-11,1012020.4752499984,898416.4752499984,5,-0.07321123507152218,0.00048190518163671037
2023-01-12,1012272.8144999983,881222.8144999983,5,-0.07298014767006157,0.00024934204017723616
2023-01-13,1013587.3112499983,889973.3112499983,5,-0.07177635698674166,0.0012985597668639937
2023-01-16,1014442.4664999982,894326.4664999982,5,-0.07099322235918012,0.0008436917476259964
2023-01-17,1015376.2824999982,898995.2824999982,5,-0.07013805173914237,0.0009205214005105766
2023-01-18,1015615.0924999983,873460.0924999983,5,-0.06991935416299111,0.00023519359681323238
2023-01-19,1013446.6564999982,917621.6564999982,5,-0.07190516588460681,-0.002135096274182291
2023-01-20,1014361.5464999981,917070.5464999981,5,-0.07106732732908168,0.0009027510171670805
2023-01-30,1016854.709999998,915967.709999998,5,-0.06878413644763348,0.0024578647609447835
2023-01-31,1017815.559999998,898490.559999998,5,-0.06790420861360272,0.0009449235869694039
2023-02-01,1017533.471249998,847912.471249998,5,-0.06816254003140149,-0.0002771511471095778
2023-02-02,1014633.851249998,840599.851249998,5,-0.07081795590912675,-0.002849655644681537
2023-02-03,1015109.8079999979,833295.8079999979,5,-0.07038208392898444,0.0004690921256111924
2023-02-06,1014197.6479999978,874163.6479999978,4,-0.0712174224033452,-0.0008985825895990729
2023-02-07,1016326.5629999979,857993.5629999979,5,-0.06926780324865335,0.0020991125390581455
2023-02-08,1013500.4999999979,919665.4999999979,3,-0.07185585704937614,-0.0027806643089776095
2023-02-09,1015660.486249998,871628.486249998,5,-0.06987778344527683,0.0021312137981186474
2023-02-10,1013965.885499998,869842.885499998,5,-0.07142966601539122,-0.0016684716723170956
2023-02-13,1016731.273249998,873295.273249998,5,-0.06889717743432994,0.002727298609890072
2023-02-14,1017172.9589999979,837490.9589999979,5,-0.06849269017271813,0.0004344173938783946
2023-02-15,1017529.348499998,848284.348499998,5,-0.06816631556606115,0.0003503725662845625
2023-02-16,1012395.8549999979,950938.8549999979,3,-0.07286746956144664,-0.005045056938718928
2023-02-17,1011194.6159999978,930855.6159999978,3,-0.07396754098926925,-0.0011865309345819863
2023-02-20,1012135.4409999978,880410.4409999978,5,-0.07310595166268137,0.0009304094237780891
2023-02-21,1014409.9347499979,894331.9347499979,5,-0.07102301430622182,0.002247222711372343
2023-02-22,1014412.6052499979,892073.6052499979,5,-0.07102056871400578,2.63256491139785e-06
2023-02-23,1014849.1907499979,890291.1907499979,5,-0.07062075216263544,0.00043038256597016655
2023-02-24,1015950.4504999978,934520.4504999978,3,-0.06961223979699799,0.0010851462069809692
2023-02-27,1014315.2214999978,925654.2214999978,3,-0.07110975086752341,-0.0016095558589449555
2023-02-28,1014856.7189999977,859569.7189999977,5,-0.0706138579369848,0.0005338552439340116
2023-03-01,1017933.6259999978,883858.6259999978,5,-0.06779608605581267,0.0030318634565793534
2023-03-02,1018966.4672499978,855288.4672499978,5,-0.0668502300283265,0.0010146449862928897
2023-03-03,1018245.3092499978,870787.3092499978,5,-0.06751065256767594,-0.000707734771632107
2023-03-06,1018506.998499998,866499.998499998,5,-0.06727100261717192,0.00025700020184027395
2023-03-07,1013067.740749998,930362.740749998,3,-0.07225216959504839,-0.005340422557734592
2023-03-08,1013499.740749998,930362.740749998,3,-0.07185655235583177,0.0004264275552592345
2023-03-09,1013398.060749998,922837.060749998,3,-0.07194966893195114,-0.0001003256300043942
2023-03-10,1012297.6257499979,936808.6257499979,3,-0.0729574260075006,-0.001085886230318689
2023-03-13,1012726.031749998,943229.031749998,3,-0.07256510008392683,0.0004232016248015835
2023-03-14,1011304.526749998,945451.526749998,3,-0.07386688685159497,-0.0014036422047368768
2023-03-15,1006447.557249998,902739.557249998,3,-0.07831480551953329,-0.004802677503687902
2023-03-16,1007423.4572499979,892779.4572499979,3,-0.07742109518677527,0.0009696481381169519
2023-03-17,1005694.3634999979,890823.3634999979,3,-0.0790045657787237,-0.0017163524807333186
2023-03-20,1005272.6622499978,899346.6622499978,3,-0.07939075162200893,-0.00041931352636048747
2023-03-21,1006291.9414999979,892182.9414999979,3,-0.07845731541164827,0.0010139331230978321
2023-03-22,1006325.3649999978,853629.3649999978,5,-0.07842670681721557,3.321451620696969e-05
2023-03-23,1007200.8724999978,843382.8724999978,5,-0.07762493399299457,0.0008700044045895083
2023-03-24,1005754.8764999978,909010.8764999978,3,-0.07894914914447212,-0.0014356580097184546
2023-03-27,1004539.5139999979,893365.5139999979,3,-0.08006215460025311,-0.0012084082597038082
2023-03-28,1007133.8084999977,896862.8084999977,3,-0.07768634990626049,0.0025825708833189243
2023-03-29,1006043.8097499978,922288.8097499978,3,-0.07868454966603951,-0.001082277986103275
2023-03-30,1004449.0947499978,865410.0947499978,5,-0.08014495879945925,-0.001585134747160044
2023-03-31,1006274.0129999979,875925.0129999979,5,-0.07847373398496602,0.0018168349790332883
2023-04-03,1008348.1274999981,853605.1274999981,5,-0.07657430006758353,0.0020611826134877553
2023-04-04,1007822.7334999983,855211.7334999983,5,-0.07705544572448372,-0.0005210442561165429
2023-04-06,1005062.5622499983,872588.5622499983,5,-0.07958315713580341,-0.002738746763941702
2023-04-07,1007270.4189999982,863441.4189999982,5,-0.07756124465427387,0.002196735639080183
2023-04-10,1002246.1269999982,896332.1269999982,5,-0.08216239402940857,-0.004988026954060754
2023-04-11,1003041.0649999982,907420.0649999982,5,-0.08143440519397252,0.0007931564698377969
2023-04-12,1005172.5964999982,844757.5964999982,5,-0.07948238989921953,0.002125069026959636
2023-04-13,1002443.3884999981,871036.3884999981,5,-0.08198174576544169,-0.0027151635545011876
2023-04-14,1002491.1764999982,866638.1764999982,5,-0.08193798243991458,4.7671519956438146e-05
2023-04-17,1002593.4639999983,875350.4639999983,5,-0.08184430952705253,0.0001020333169985399
2023-04-18,1001798.6622499983,877964.6622499983,5,-0.08257217358737554,-0.0007927457923264658
2023-04-19,1003015.5472499982,872399.5472499982,5,-0.08145777385556054,0.001214700164668736
2023-04-20,1005186.2789999984,836557.2789999984,5,-0.07946985973052596,0.002164205486098192
2023-04-21,999480.3012499984,940723.3012499984,3,-0.08469528372239281,-0.005676537642034352
2023-04-24,999312.0397499984,944485.0397499984,3,-0.0848493743476161,-0.00016834899076012544
2023-04-25,997220.1457499984,938126.1457499984,3,-0.08676509038699992,-0.002093334130671809
2023-04-26,994789.9597499984,943269.9597499984,3,-0.08899060769279366,-0.002436960394710308
2023-04-27,993097.8034999984,925704.8034999984,3,-0.0905402516371181,-0.0017010186255048687
2023-04-28,996572.3377499986,876311.3377499986,5,-0.08735834041594062,0.0034986828464977915
2023-05-04,997564.4822499985,894462.4822499985,5,-0.08644975368447318,0.0009955569329165304
2023-05-05,995848.2219999986,905418.2219999986,5,-0.08802147160549682,-0.0017204504375786245
2023-05-08,996740.1887499986,864841.1887499986,5,-0.08720462571867266,0.0008956854370927303
2023-05-09,994899.0204999986,852396.0204999986,5,-0.08889073196866873,-0.00184718973989495
2023-05-10,994849.8317499987,895559.8317499987,3,-0.088935778073936,-4.944094725822801e-05
2023-05-11,994825.7442499987,928105.7442499987,3,-0.08895783694025461,-2.421219688775178e-05
2023-05-12,994259.7864999986,943617.7864999986,3,-0.08947613009434785,-0.0005689013912951735
2023-05-15,993987.0964999986,923701.0964999986,3,-0.08972585431879693,-0.00027426433584321064
2023-05-16,993356.4269999985,919784.4269999985,3,-0.09030340924113063,-0.0006344845946398836
2023-05-17,994598.3259999985,934212.3259999985,3,-0.08916610217222813,0.0012502048270333077
2023-05-18,996394.1049999985,918947.1049999985,3,-0.08752156251893373,0.001805531894691681
2023-05-19,993932.4099999984,904125.4099999984,3,-0.0897759351571129,-0.0024706037376647227
2023-05-22,993442.3979999983,893190.3979999983,3,-0.09022467866318479,-0.0004930033421488567
2023-05-23,991676.8609999982,878690.8609999982,3,-0.09184152327817287,-0.0017771911119904837
2023-05-24,991162.5217499981,889140.5217499981,3,-0.09231254520897329,-0.000518656096786807
2023-05-25,990020.6127499982,916390.6127499982,3,-0.09335828337104868,-0.0011520905754019983
2023-05-26,990410.8609999982,904521.8609999982,3,-0.0930009015764327,0.00039418194426876774
2023-05-29,990139.6164999981,886304.6164999981,3,-0.09324930203995749,-0.0002738706840574867
2023-05-30,988782.372749998,896072.372749998,3,-0.09449223959856647,-0.0013707599689807282
2023-05-31,988274.372749998,896072.372749998,3,-0.09495745616690453,-0.0005137632041185558
2023-06-01,988084.277749998,916083.277749998,3,-0.09513154148886951,-0.00019235042943688274
2023-06-02,988828.482749998,923706.482749998,3,-0.09445001295296399,0.0007531796798696533
2023-06-05,990097.7984999979,910810.7984999979,3,-0.0932875981550261,0.0012836561366738053
2023-06-06,989839.383249998,913898.383249998,3,-0.09352424983969383,-0.0002609997218370186
2023-06-07,987734.9952499979,915792.9952499979,3,-0.09545140764247304,-0.0021259893631334625
2023-06-08,985722.9514999979,919151.9514999979,3,-0.09729399836830195,-0.0020370279069547026
2023-06-09,986549.3814999978,880365.3814999978,5,-0.09653716976875155,0.0008383998756875677
2023-06-12,985832.9274999979,885050.9274999979,5,-0.09719328447594061,-0.0007262221369097599
2023-06-13,983984.1964999979,826491.1964999979,5,-0.09888631654601979,-0.0018752984896621694
2023-06-14,981437.3392499977,861674.3392499977,5,-0.10121867912454732,-0.0025883111324950248
2023-06-15,983261.5034999978,848817.5034999978,5,-0.09954814480866149,0.0018586660370940589
2023-06-16,981934.9112499978,836000.9112499978,5,-0.1007630123167892,-0.0013491754180122717
2023-06-19,980227.9869999979,847551.9869999979,5,-0.10232618050969865,-0.0017383272867108612
2023-06-20,980412.438499998,895354.438499998,3,-0.10215726339581115,0.00018817204002163912
2023-06-21,981375.9494999979,894767.9494999979,3,-0.10127489866948053,0.0009827608893600015
2023-06-26,983291.928499998,915970.928499998,3,-0.09952028218249662,0.0019523394688611972
2023-06-27,985619.789249998,928140.789249998,3,-0.09738847236028414,0.002367415700799347
2023-06-28,985473.751249998,923633.751249998,3,-0.09752221113431363,-0.00014816869709077807
2023-06-29,985425.0312499981,937021.0312499981,3,-0.09756682796740293,-4.943815087721237e-05
2023-06-30,986228.2852499981,916756.2852499981,3,-0.09683122350011197,0.0008151345607498861
2023-07-03,986097.157499998,870522.157499998,5,-0.09695130775575948,-0.00013295882095576417
2023-07-04,985512.2449999979,853400.2449999979,5,-0.09748695930305887,-0.0005931590975102319
2023-07-05,983684.2449999979,853400.2449999979,5,-0.09916100632455885,-0.0018548729447801504
2023-07-06,983699.0277499978,876809.0277499978,3,-0.09914746856820934,1.5027942223300172e-05
2023-07-07,981528.4792499979,889086.4792499979,3,-0.10113521487644025,-0.002206516870271402
2023-07-10,981947.0897499978,885485.0897499978,3,-0.10075185948218777,0.000426488389129398
2023-07-11,981558.7569999979,816424.7569999979,5,-0.10110748709897568,-0.00039547217365731857
2023-07-12,979430.7544999981,884106.7544999981,3,-0.10305627060382756,-0.0021679827975900068
2023-07-13,979895.6727499982,836209.6727499982,5,-0.10263050746834963,0.0004746821027050707
2023-07-14,982241.8437499981,816003.8437499981,5,-0.10048192947355773,0.0023943069300589315
2023-07-17,981005.7394999982,880911.7394999982,3,-0.10161392982255989,-0.0012584520379225195
2023-07-18,979422.3182499983,900601.3182499983,3,-0.10306399635830502,-0.0016140794964226712
2023-07-19,978265.5607499983,907980.5607499983,3,-0.10412333248930758,-0.0011810609973303965
2023-07-20,976896.5617499984,883679.5617499984,3,-0.1053770352783592,-0.0013994144892011118
2023-07-21,975867.0317499983,900696.0317499983,3,-0.10631985892718028,-0.0010538782101512378
2023-07-24,975850.5679999983,898550.5679999983,3,-0.10633493611079638,-1.6870894767762046e-05
2023-07-25,974777.9289999983,858412.9289999983,5,-0.10731723814750034,-0.001099183661078862
2023-07-26,971692.6209999982,852826.6209999982,5,-0.1101427035018823,-0.003165139369912917
2023-07-27,970482.1999999982,814246.1999999982,5,-0.11125118362759946,-0.001245683021400601
2023-07-28,969857.8609999982,819661.8609999982,5,-0.1118229412005515,-0.0006433286463162213
2023-07-31,968580.5447499981,822959.5447499981,5,-0.11299268270155045,-0.0013170138649832852
2023-08-01,969493.3149999981,795872.3149999981,5,-0.11215678537205034,0.0009423792940581599
2023-08-02,969356.7337499982,789030.7337499982,5,-0.11228186383745249,-0.00014087900131620756
2023-08-03,970061.3002499982,781365.3002499982,5,-0.11163663547269659,0.0007268392279842217
2023-08-04,969264.2099999981,771842.2099999981,5,-0.11236659529702886,-0.0008216905981042189
2023-08-07,969023.8477499981,784382.8477499981,5,-0.11258671439368835,-0.0002479842415722411
2023-08-08,968890.6574999981,788527.6574999981,5,-0.11270868744691882,-0.00013744785570468654
2023-08-09,968262.3812499981,885073.3812499981,3,-0.11328405067722061,-0.0006484490743476901
2023-08-10,968801.5417499982,747813.5417499982,5,-0.11279029792605233,0.0005568330552139233
2023-08-11,965128.3584999982,830888.3584999982,3,-0.11615412805684343,-0.003791471309350869
2023-08-14,966036.3709999983,864490.3709999983,3,-0.1153225877827133,0.0009408204535730214
2023-08-15,965112.2284999983,871311.2284999983,3,-0.1161688995986687,-0.0009566332363276642
2023-08-16,965200.4064999984,852470.4064999984,3,-0.11608814789283613,9.136554008559727e-05
2023-08-17,968154.7627499985,875807.7627499985,3,-0.11338260561670786,0.003060873400077657
2023-08-18,967172.9787499986,869194.9787499986,3,-0.11428170440278888,-0.0010140775398461699
2023-08-21,965120.9787499986,869194.9787499986,3,-0.11616088628906786,-0.002121647363072632
2023-08-22,965904.9787499986,869194.9787499986,3,-0.11544291426234139,0.0008123333937009036
2023-08-23,963648.4227499985,876875.4227499985,3,-0.11750942457451212,-0.0023362090988705564
2023-08-24,964266.1469999985,902485.1469999985,3,-0.11694372466159048,0.0006410265771381596
2023-08-25,962176.9329999984,871989.9329999984,3,-0.11885698640884218,-0.0021666362616793444
2023-08-28,962218.9329999984,871989.9329999984,3,-0.11881852362169612,4.3651015275480987e-05
2023-08-29,965281.9067499985,889270.9067499985,3,-0.11601351154121464,0.003183239951899841
2023-08-30,965054.4687499984,950872.4687499984,1,-0.11622179485985581,-0.00023561821516560055
2023-08-31,965347.9864999984,892045.9864999984,3,-0.11595299698505009,0.0003041463041772996
2023-09-01,964136.9864999984,892045.9864999984,3,-0.1170620073477615,-0.0012544699081941113
2023-09-04,964551.6352499984,862861.6352499984,5,-0.11668228004748454,0.0004300724438601744
2023-09-05,964557.7732499983,887325.7732499983,5,-0.11667665898587742,6.363578449963825e-06
2023-09-06,963515.7992499984,885916.7992499984,5,-0.11763087860906139,-0.0010802608499945743
2023-09-07,963934.7919999985,926256.7919999985,3,-0.11724717315765672,0.0004348582040130111
2023-09-08,963924.7559999984,905919.7559999984,3,-0.11725636393222341,-1.0411492648021436e-05
2023-09-11,964279.5324999983,858725.5324999983,5,-0.11693146647974909,0.00036805414301444017
2023-09-12,963412.5559999985,845095.5559999985,5,-0.11772542677927604,-0.000899092504589527
2023-09-13,963797.3357499985,872326.3357499985,3,-0.11737305293112452,0.00039939250075549104
2023-09-14,963704.8577499983,850656.8577499983,3,-0.11745774249373638,-9.595170744913784e-05
2023-09-15,962908.3027499984,806956.3027499984,3,-0.11818721214647752,-0.0008265549287150842
2023-09-18,964810.1119999985,877686.1119999985,3,-0.116445572042307,0.0019750678694623325
2023-09-19,962612.7629999984,844942.7629999984,3,-0.11845786172975013,-0.002277493749982651
2023-09-20,962590.9307499984,854602.9307499984,3,-0.11847785528176606,-2.2680200013058816e-05
2023-09-21,960393.1997499985,830875.1997499985,3,-0.12049049479741597,-0.0022831411867630935
2023-09-22,960650.8192499985,794484.8192499985,5,-0.1202545718451975,0.0002682437777226099
2023-09-25,960866.1047499985,831243.1047499985,3,-0.120057417550861,0.0002241038009711538
2023-09-26,959443.2727499985,811239.2727499985,3,-0.12136041955944685,-0.001480780717486363
2023-09-27,959828.4499999984,858075.4499999984,3,-0.12100768168848844,0.00040145911794864375
2023-09-28,959487.9937499984,847849.9937499984,3,-0.1213194649331622,-0.000354705312183734
2023-10-09,959927.7692499983,842600.7692499983,3,-0.12091672704153011,0.00045834393224764014
2023-10-10,957593.6999999983,869793.6999999983,3,-0.12305422248788521,-0.0024315050827454776
2023-10-11,956461.9037499982,865061.9037499982,3,-0.12409069958922961,-0.0011819169758532366
2023-10-12,954230.5317499981,821806.5317499981,5,-0.12613414688160302,-0.002332943937705778
2023-10-13,956214.8922499982,877982.8922499982,3,-0.12431690794035176,0.0020795399371269507
2023-10-16,955829.4184999982,873514.4184999982,3,-0.12466991734027184,-0.0004031246042329739
2023-10-17,955005.0517499981,870235.0517499981,3,-0.1254248564554038,-0.0008624622072145316
2023-10-18,952409.4732499982,858375.4732499982,3,-0.1278018370117464,-0.002717868869116069
2023-10-19,952606.8097499982,843348.8097499982,3,-0.127621120064231,0.00020719712008587798
2023-10-20,951185.9872499981,874792.9872499981,3,-0.128922281811608,-0.0014915099130698994
2023-10-23,949790.5032499981,845666.5032499981,3,-0.1302002390510779,-0.0014670989887419772
2023-10-24,950574.6332499982,870330.6332499982,3,-0.1294821479728673,0.0008255820597458108
2023-10-25,954636.3142499982,865167.3142499982,3,-0.1257625391214816,0.004272869123503886
2023-10-26,956580.6457499983,886332.6457499983,3,-0.12398195796372244,0.002036724845867255
2023-10-27,956723.9412499984,814553.9412499984,5,-0.12385073071811546,0.00014979970652428953
2023-10-30,960212.0247499984,893700.0247499984,2,-0.12065641135601582,0.0036458620398300834
2023-10-31,960070.1497499984,907509.1497499984,2,-0.12078633773521456,-0.0001477538255542088
2023-11-01,960159.2294999984,852506.2294999984,5,-0.1207047602241842,9.278462623085737e-05
2023-11-02,958099.6639999984,897684.6639999984,3,-0.12259087044894304,-0.0021450249466148374
2023-11-03,957225.1149999984,869097.1149999984,5,-0.12339176549741447,-0.0009127954354444245
2023-11-06,959381.5909999984,862189.5909999984,5,-0.121416906512329,0.002252841015355056
2023-11-07,963227.9147499983,885445.9147499983,4,-0.1178945176625413,0.004009169850748062
2023-11-08,964462.1637499982,925103.1637499982,2,-0.11676421631558329,0.0012813675570442218
2023-11-09,961867.8274999982,856992.8274999982,5,-0.1191400592434181,-0.0026899305618302005
2023-11-10,959360.0089999982,892469.0089999982,3,-0.12143667089023837,-0.0026072381550779067
2023-11-13,959788.0122499983,823284.0122499983,5,-0.12104471379731992,0.0004461341373258598
2023-11-14,961427.9859999983,779702.9859999983,5,-0.11954285757657283,0.0017086833020090175
2023-11-15,963023.4309999982,789440.4309999982,5,-0.11808177992328128,0.00165945346217522
2023-11-16,961180.6532499982,772835.6532499982,5,-0.11976936012222764,-0.0019135336593902874
2023-11-17,961748.4879999981,795018.4879999981,5,-0.11924934804786136,0.0005907679769456831
2023-11-20,961323.6739999981,813850.6739999981,5,-0.11963838448735344,-0.00044171007836302234
2023-11-21,960102.958749998,807934.958749998,5,-0.12075629188798928,-0.001269827512850874
2023-11-22,955436.3449999981,874280.3449999981,3,-0.12502988644415897,-0.004860534703565067
2023-11-23,958304.2949999981,872676.2949999981,5,-0.12240347333950317,0.0030017175032208687
2023-11-24,956765.5649999981,904966.5649999981,3,-0.12381261249343788,-0.0016056799578467729
2023-11-27,957551.973749998,887610.973749998,3,-0.12309243458007961,0.0008219450811861595
2023-11-28,957532.994249998,892991.994249998,3,-0.12310981563885673,-1.9820856225316597e-05
2023-11-29,956501.297999998,897628.297999998,3,-0.12405462309750294,-0.001077452428475456
2023-11-30,955910.4142499979,883034.4142499979,3,-0.12459574299998669,-0.0006177553038720918
2023-12-01,958152.9049999979,889412.9049999979,3,-0.12254211337155192,0.002345921455159994
2023-12-04,958908.4737499979,898534.4737499979,3,-0.12185017813332658,0.0007885680313206578
2023-12-05,958580.2007499979,884071.2007499979,3,-0.12215080419344088,-0.0003423402847992918
2023-12-06,959003.9147499979,890566.9147499979,3,-0.12176277511265975,0.00044202248248881304
2023-12-07,957950.291499998,888403.291499998,3,-0.12272766289353805,-0.0010986641804008324
2023-12-08,957700.7357499979,876818.7357499979,3,-0.12295620121956967,-0.0002605101248096542
2023-12-11,959689.1149999979,894739.1149999979,3,-0.121135281984846,0.0020762010258275065
2023-12-12,961361.6034999979,797487.6034999979,5,-0.11960364938532853,0.0017427398871769917
2023-12-13,959345.1874999978,864229.1874999978,3,-0.1214502441330884,-0.00209745843047926
2023-12-14,957735.7287499978,883520.7287499978,3,-0.12292415530741256,-0.0016776638596521787
2023-12-15,956810.0524999978,833996.0524999978,3,-0.12377187170193434,-0.0009665257567536001
2023-12-18,955975.8164999979,838076.8164999979,3,-0.12453584888521001,-0.0008718930134776759
2023-12-19,955352.8739999979,838692.8739999979,3,-0.12510632757048942,-0.0006516299777129531
2023-12-20,954028.0014999978,834247.0014999978,3,-0.12631962016485065,-0.0013867886265447327
2023-12-21,952922.7737499978,850014.7737499978,3,-0.12733176634809276,-0.001158485650591179
2023-12-22,951478.0667499979,857913.0667499979,3,-0.1286548010583171,-0.001516079833326467
2023-12-25,951900.693249998,835151.693249998,3,-0.12826776788898875,0.00044417891990278235
2023-12-26,949911.521249998,845661.521249998,3,-0.13008941310881983,-0.0020896843694993006
2023-12-27,952555.249999998,895224.249999998,3,-0.12766833748541098,0.002783131576845177
2023-12-28,952664.2652499981,854710.2652499981,5,-0.12756850342930556,0.00011444506762203766
2023-12-29,956633.3672499981,897560.3672499981,4,-0.12393367663437682,0.004166317710005085
2024-01-02,959160.0272499982,918255.0272499982,2,-0.12161981030650855,0.002641199948171691
2024-01-03,958504.0459999982,846398.0459999982,5,-0.122220545239617,-0.00068391220585029
2024-01-04,957338.5589999981,830454.5589999981,5,-0.12328787567777187,-0.0012159437457398559
2024-01-05,954799.2409999982,860013.2409999982,3,-0.1256133339570614,-0.0026524764683587554
2024-01-08,953742.6447499982,883048.6447499982,3,-0.12658094435380124,-0.001106616139423533
2024-01-09,953133.2117499982,912089.2117499982,3,-0.12713905130043907,-0.0006389910353226114
2024-01-10,953821.7367499981,912023.7367499981,3,-0.12650851343092148,0.000722380661498212
2024-01-11,954183.5147499981,906225.5147499981,3,-0.12617720414025174,0.00037929309645723386
2024-01-12,948570.1962499982,900330.1962499982,3,-0.1313177725842647,-0.0058828500107451775
2024-01-15,945777.3962499981,897951.3962499981,3,-0.1338753647733485,-0.0029442206924072956
2024-01-16,948661.1472499981,904972.1472499981,3,-0.13123448141869998,0.003049080059889242
2024-01-17,946908.343249998,861418.343249998,3,-0.1328396653987182,-0.001847660784971561
2024-01-18,946800.669249998,866998.669249998,3,-0.13293827116403165,-0.0001137111112892164
2024-01-19,947987.1609999982,883406.1609999982,2,-0.1318517049823456,0.0012531589684448008
2024-01-22,944660.5067499983,856282.5067499983,3,-0.13489819056154287,-0.003509176481346743
2024-01-23,945317.6244999984,870901.6244999984,3,-0.13429641484372973,0.0006956125987109818
2024-01-24,947035.4472499983,916051.4472499983,1,-0.13272326601544618,0.0018171910747020181
2024-01-25,946704.2672499983,891837.2672499983,3,-0.1330265542498994,-0.00034970179940119195
2024-01-26,948609.9214999983,882216.9214999983,5,-0.13128139296914373,0.002012935101196378
2024-01-29,944751.6574999985,887494.6574999985,5,-0.13481471646879384,-0.00406728193807937
2024-01-30,944216.3834999985,907082.3834999985,3,-0.13530491003848003,-0.0005665764074088697
2024-01-31,944279.7879999985,884175.7879999985,3,-0.13524684542448942,6.715039169846726e-05
2024-02-01,943909.1099999985,888141.1099999985,3,-0.13558630516291156,-0.00039255102641255757
2024-02-02,943767.9819999984,889586.9819999984,3,-0.13571554745396752,-0.0001495143955121403
2024-02-05,941074.8409999984,905746.8409999984,3,-0.1381818738596183,-0.0028536049658018925
2024-02-06,940768.8939999983,923081.8939999983,1,-0.13846205420102253,-0.00032510379267491896
2024-02-07,938947.2619999982,930147.2619999982,1,-0.14013026953136673,-0.0019363225247114313
2024-02-08,938423.5659999982,919435.5659999982,2,-0.14060986019272967,-0.0005577480452784167
2024-02-19,940186.6459999982,931366.6459999982,1,-0.1389952656507898,0.0018787678228446847
2024-02-20,940718.8939999982,940718.8939999982,0,-0.13850784323333937,0.0005661088702593187
2024-02-21,940718.8939999982,940718.8939999982,0,-0.13850784323333937,0.0
2024-02-22,940718.8939999982,940718.8939999982,0,-0.13850784323333937,0.0
2024-02-23,940718.8939999982,940718.8939999982,0,-0.13850784323333937,0.0
2024-02-26,940718.8939999982,940718.8939999982,0,-0.13850784323333937,0.0
2024-02-27,940718.8939999982,940718.8939999982,0,-0.13850784323333937,0.0
2024-02-28,940658.8277499982,892605.8277499982,1,-0.1385628507425873,-6.385143360376766e-05
2024-02-29,942457.4239999981,893779.4239999981,1,-0.13691573110626704,0.0019120601401276804
2024-03-01,941684.3947499981,941684.3947499981,0,-0.13762365633246776,-0.0008202272381908626
2024-03-04,941524.7897499981,813840.7897499981,2,-0.137769819502526,-0.00016948884455325608
2024-03-05,943844.621499998,943844.621499998,0,-0.13564536248312314,0.0024639093683511692
2024-03-06,943779.365249998,891574.365249998,2,-0.1357051228939255,-6.91387634293994e-05
2024-03-07,944105.9492499981,838281.9492499981,4,-0.1354060435873229,0.0003460385043632108
2024-03-08,943240.444749998,853796.444749998,4,-0.13619865585773858,-0.0009167450969751467
2024-03-11,944917.448749998,866847.448749998,4,-0.1346628880507126,0.0017779178250190153
2024-03-12,944603.192499998,835403.192499998,5,-0.13495067784245232,-0.00033257534868857963
2024-03-13,945254.6302499981,856488.6302499981,4,-0.1343541037587104,0.0006896416984107923
2024-03-14,944326.2272499981,838644.2272499981,4,-0.1352043172581095,-0.00098217239068632
2024-03-15,944407.5992499981,820764.5992499981,5,-0.13512979835535596,8.616937415473203e-05
2024-03-18,946255.5699999981,946255.5699999981,0,-0.1334374625075132,0.0019567512496379003
2024-03-19,946164.3889999981,873328.3889999981,2,-0.13352096430262664,-9.635980266931021e-05
2024-03-20,946228.4639999982,770860.4639999982,4,-0.13346228565771268,6.772079011319043e-05
2024-03-21,943797.3952499981,771445.3952499981,5,-0.13568861136887206,-0.002569219636157638
2024-03-22,941818.9047499981,875428.9047499981,3,-0.13750047467772925,-0.002096308497943955
2024-03-25,942106.311249998,852395.311249998,3,-0.1372372733673985,0.000305161107459595
2024-03-26,941424.5572499981,874874.5572499981,3,-0.13786161048615977,-0.0007236486921474716
2024-03-27,939568.8072499981,879186.8072499981,3,-0.13956107042059557,-0.001971214778400121
2024-03-28,940613.8847499981,867292.8847499981,3,-0.13860400867217562,0.0011122948015471756
2024-03-29,942519.6387499982,852233.6387499982,5,-0.13685875604230044,0.002026074705995473
2024-04-01,945415.3837499983,849299.3837499983,5,-0.13420688881457962,0.00307234447002136
2024-04-02,942928.9267499984,843056.9267499984,5,-0.13648393801312322,-0.0026300153802631954
2024-04-03,939278.7757499983,852949.7757499983,5,-0.13982667565512283,-0.003871077550437474
2024-04-08,941155.1962499983,886990.1962499983,3,-0.13810828607683698,0.0019977247952842614
2024-04-09,939875.1962499983,886990.1962499983,3,-0.13928048530414552,-0.0013600307421136604
2024-04-10,937836.1472499983,874325.1472499983,3,-0.14114780691527382,-0.0021694891067830513
2024-04-11,938644.1912499984,886393.1912499984,3,-0.14040781585868675,0.000861604665558513
2024-04-12,937145.9197499984,874388.9197499984,3,-0.14177990390134176,-0.0015962081414521156
2024-04-15,937752.2267499984,852045.2267499984,5,-0.14122465968500444,0.000646971818606179
2024-04-16,931660.4867499984,873861.4867499984,3,-0.14680335727950788,-0.006496108274903656
2024-04-17,934491.0147499983,859344.0147499983,5,-0.14421121451819924,0.003038153963010659
2024-04-18,936308.0229999984,825073.0229999984,5,-0.14254723352861853,0.0019443827937566383
2024-04-19,938157.5467499983,828096.5467499983,5,-0.14085347547343208,0.001975336859844301
2024-04-22,937550.6034999983,894101.6034999983,3,-0.14140930235520563,-0.0006469523718085624
2024-04-23,936912.5652499984,885083.5652499984,3,-0.14199360543617692,-0.0006805373999206887
2024-04-24,939107.8689999984,876113.8689999984,3,-0.13998318874910068,0.0023431255289165787
2024-04-25,937793.4977499984,827745.4977499984,5,-0.14118686450194962,-0.0013995956091813477
2024-04-26,939421.2197499983,814221.2197499983,5,-0.1396962281967363,0.0017356934164134419
2024-04-29,936409.3424999983,810571.3424999983,5,-0.14245444709142235,-0.003206098804965807
2024-04-30,937475.0154999982,835234.0154999982,5,-0.14147852438270087,0.0011380418281121685
2024-05-06,936053.3254999983,829652.3254999983,5,-0.1427804805697885,-0.001516509748520245
2024-05-07,936644.1202499983,826647.1202499983,5,-0.1422394421717823,0.0006311550142557021
2024-05-08,937902.8607499982,830261.8607499982,5,-0.14108671198312459,0.0013438834161090263
2024-05-09,944583.0699999982,897489.0699999982,3,-0.13496910563850803,0.007122495867704304
2024-05-10,943715.0062499982,848335.0062499982,5,-0.1357640616205428,-0.000918991433966676
2024-05-13,946490.8847499982,823783.8847499982,5,-0.133221965813666,0.00294143727885654
2024-05-14,946548.8417499982,822007.8417499982,5,-0.13316888991474643,6.123355325837743e-05
2024-05-15,946800.2857499981,857827.2857499981,3,-0.1329386223659095,0.0002656429218539369
2024-05-16,946723.984499998,808110.984499998,5,-0.13300849757395067,-8.058853714809633e-05
2024-05-17,949887.196749998,813979.196749998,5,-0.13011168901515158,0.003341219090029268
2024-05-20,951466.4912499981,812907.4912499981,5,-0.12866540167718854,0.0016626126822254506
2024-05-21,950945.4517499981,769834.4517499981,5,-0.12914255956726445,-0.0005476172884610886
2024-05-22,951501.5974999983,758159.5974999983,5,-0.128633252052873,0.0005848345443755232
2024-05-23,949193.4089999982,843439.4089999982,3,-0.13074704640926554,-0.0024258377558846744
2024-05-24,949059.4089999982,843439.4089999982,3,-0.13086976101587441,-0.00014117249311829116
2024-05-27,948751.9879999983,859667.9879999983,3,-0.13115129121795127,-0.0003239217662084348
2024-05-28,946116.0784999982,847007.0784999982,3,-0.1335652061235413,-0.0027782914116013524
2024-05-29,944618.6704999981,886269.6704999981,3,-0.13493650338960825,-0.0015826895177324385
2024-05-30,942554.6154999982,896492.6154999982,3,-0.13682672501157872,-0.0021850669105527576
2024-05-31,942789.0434999982,887073.0434999982,3,-0.1366120403862198,0.0002487155610346736
2024-06-03,941403.7384999982,873391.7384999982,3,-0.13788067589449055,-0.0014693690063019016
2024-06-04,945639.2879999982,892727.2879999982,3,-0.13400184163579762,0.004499184915866872
2024-06-05,944648.5572499981,876992.5572499981,3,-0.13490913368237645,-0.0010476835750928837
2024-06-06,941577.5542499981,878466.5542499981,3,-0.13772149879461254,-0.0032509476423063788
2024-06-07,943683.6944999981,877034.6944999981,3,-0.13579273631519578,0.0022368207913343596
2024-06-11,944922.3349999981,850050.3349999981,3,-0.13465841331752937,0.0013125589720570652
2024-06-12,944138.3449999981,855658.3449999981,3,-0.13537637618644935,-0.0008296872356181595
2024-06-13,940284.4869999981,864057.4869999981,3,-0.13890566475657184,-0.004081878487839585
2024-06-14,940644.3219999981,844748.3219999981,3,-0.13857613482769798,0.0003826873727843516
2024-06-17,939870.6339999981,909270.6339999981,1,-0.13928466332439943,-0.0008225085528129616
2024-06-18,940599.2314999981,900087.2314999981,1,-0.1386174278349315,0.0007752104105001045
2024-06-19,939508.177749998,853655.177749998,3,-0.13961659374329255,-0.0011599560295835198
2024-06-20,936165.9837499982,860832.9837499982,3,-0.1426773103247887,-0.003557386810622565
2024-06-21,935930.6589999981,852651.6589999981,3,-0.14289281617644228,-0.0002513707548499333
2024-06-24,935582.0949999981,846897.0949999981,3,-0.14321202434165134,-0.00037242502598688887
2024-06-25,934183.9469999982,844593.9469999982,3,-0.14449242122076297,-0.0014944150892497454
2024-06-26,936470.2567499982,866111.2567499982,3,-0.14239866300018644,0.002447387109725252
2024-06-27,933733.2567499982,866111.2567499982,3,-0.14490515462920472,-0.0029226769139456543
2024-06-28,934884.225999998,852354.225999998,3,-0.1438511192655284,0.0012326531605031388
2024-07-01,935442.216999998,834008.216999998,5,-0.1433401219068995,0.0005968557223254845
2024-07-02,932899.464999998,825689.464999998,5,-0.14566872497692854,-0.002718235240819822
2024-07-03,933553.757249998,870347.757249998,3,-0.14506953679733164,0.0007013534411235423
2024-07-04,931278.597249998,862777.597249998,3,-0.14715308429264673,-0.0024370958633406214
2024-07-05,932081.149249998,858941.149249998,3,-0.14641812270336943,0.0008617743416092782
2024-07-08,930682.4492499981,858350.4492499981,3,-0.14769902509339783,-0.001500620413925735
2024-07-09,931190.0372499981,872610.0372499981,3,-0.14723418582668607,0.0005453933298182889
2024-07-10,930655.0922499981,866044.0922499981,3,-0.14772407810453958,-0.0005744745740404733
2024-07-11,931818.0922499981,866044.0922499981,3,-0.14665902521285223,0.00124965737541749
2024-07-12,931038.0922499981,866044.0922499981,3,-0.14737333411699335,-0.0008370732511928658
2024-07-15,929488.8852499981,874320.8852499981,3,-0.14879206790475977,-0.0016639566231454461
2024-07-16,929432.3037499982,840868.3037499982,3,-0.14884388414740024,-6.0873777941505836e-05
2024-07-17,927904.1597499982,864878.1597499982,2,-0.15024332884741284,-0.001644169235171078
2024-07-18,927848.9897499982,883420.9897499982,1,-0.15029385246567117,-5.9456571479210574e-05
2024-07-19,927741.1922499982,844506.1922499982,3,-0.15039257132989442,-0.00011618000471069756
2024-07-22,926581.0282499982,862521.0282499982,3,-0.15145502706766875,-0.0012505254802649413
2024-07-23,924893.4544999982,842838.4544999982,3,-0.15300047444718134,-0.0018212910674280103
2024-07-24,922441.4544999982,842838.4544999982,3,-0.15524596859199424,-0.002651116177836421
2024-07-25,921560.2782499982,843125.2782499982,3,-0.15605293274775411,-0.0009552652319573252
2024-07-26,922473.3057499983,843094.3057499983,3,-0.1552167998336826,0.0009907409439715575
2024-07-29,923368.1452499984,836296.1452499984,3,-0.1543973231380066,0.0009700437881750013
2024-07-30,923907.5724999984,859080.5724999984,3,-0.15390332610235105,0.0005841952126839356
2024-07-31,924412.3069999985,833263.3069999985,5,-0.15344110001571348,0.0005463041055442375
2024-08-01,923223.9424999986,833001.9424999986,5,-0.1545293812256047,-0.0012855351351351851
2024-08-02,918933.5022499985,877350.5022499985,3,-0.15845848337081056,-0.004647236767259311
2024-08-05,916624.3972499985,876059.3972499985,3,-0.16057311704016541,-0.0025128096802936595
2024-08-06,919284.0614999984,839258.0614999984,3,-0.158137447994267,0.002901585707274723
2024-08-07,919404.6112499984,870980.6112499984,3,-0.15802705086629648,0.00013113438495104823
2024-08-08,917799.3182499985,865259.3182499985,3,-0.15949714712739313,-0.0017460136487866817
2024-08-09,917263.3452499985,869194.3452499985,3,-0.15998798082775112,-0.0005839762455064346
2024-08-12,918168.4072499984,864542.4072499984,3,-0.15915914256441815,0.000986698100045924
2024-08-13,917955.8522499984,866178.8522499984,3,-0.1593537963196999,-0.00023149892581975084
2024-08-14,918123.2619999982,861804.2619999982,3,-0.15920048571064227,0.00018237233260132157
2024-08-15,918498.3554999983,865214.3554999983,3,-0.1588569823427762,0.00040854372775944725
2024-08-16,916287.2954999984,831681.2954999984,5,-0.16088182829866116,-0.0024072552626360766
2024-08-19,912600.8874999983,831713.8874999983,5,-0.16425776939955491,-0.004023201039787927
2024-08-20,911984.1014999984,867372.1014999984,3,-0.16482261008128513,-0.0006758551393584167
2024-08-21,912326.8334999983,864539.8334999983,3,-0.16450874274880556,0.0003758091828971466
2024-08-22,911337.3102499984,833080.3102499984,3,-0.1654149289902538,-0.0010846148700941471
2024-08-23,912027.5384999983,848715.5384999983,3,-0.16478283131735036,0.0007573795588491361
2024-08-26,912984.0524999982,859326.0524999982,3,-0.1639068743082021,0.0010487775419294465
2024-08-27,910306.9684999983,837451.9684999983,3,-0.16635849602401453,-0.0029322352265291896
2024-08-28,910012.9819999983,852444.9819999983,3,-0.16662772317099825,-0.00032295314676589193
2024-08-29,909932.1019999983,852828.1019999983,3,-0.16670179150967382,-8.887785295352835e-05
2024-08-30,913174.1679999983,854120.1679999983,3,-0.16373277021273377,0.0035629757350841285
2024-09-02,912107.3839999983,851631.3839999983,3,-0.16470971035375337,-0.001168215262085659
2024-09-03,913312.7864999983,855952.7864999983,3,-0.16360582607320984,0.0013215576599256984
2024-09-04,912684.8364999983,854254.8364999983,3,-0.16418089053007573,-0.0006875519638857019
2024-09-05,914571.1264999984,851181.1264999984,3,-0.16245346265470087,0.0020667484815828363
2024-09-06,913250.6874999984,831970.6874999984,3,-0.16366269513556653,-0.0014437794521824365
2024-09-09,913504.3944999983,851631.3944999983,3,-0.1634303551751269,0.00027780652505660086
2024-09-10,914278.8037499983,851919.8037499983,2,-0.16272116617163426,0.0008477345644559708
2024-09-11,914209.3787499983,848254.3787499983,3,-0.1627847442430061,-7.593416769069439e-05
2024-09-12,913008.4517499984,841512.4517499984,3,-0.1638845299472669,-0.0013136235832998944
2024-09-13,910456.1807499983,850089.1807499983,3,-0.1662218503332685,-0.0027954516687200837
2024-09-18,908749.2377499983,865065.2377499983,3,-0.1677850356970651,-0.0018748216949813212
2024-09-19,909954.5857499983,859714.5857499983,3,-0.16668120132656677,0.0013263813051269668
2024-09-20,908960.0497499984,859249.0497499984,3,-0.16759197814744994,-0.0010929512478694559
2024-09-23,908184.2942499984,851786.2942499984,3,-0.16830240002063768,-0.0008534539006563868
2024-09-24,909089.2242499985,833693.2242499985,4,-0.1674736826403499,0.0009964167027876059
2024-09-25,908044.6482499985,869512.6482499985,2,-0.1684302851247757,-0.0011490357295366183
2024-09-26,907441.6482499985,869512.6482499985,2,-0.16898250085451558,-0.0006640642628774618
2024-09-27,908054.4082499985,887591.4082499985,1,-0.16842134710566747,0.0006752610497675615
2024-09-30,906959.3854999985,886840.3854999985,1,-0.16942414774741377,-0.0012058999329239706
2024-10-08,905956.3854999985,886840.3854999985,1,-0.17034267573568754,-0.0011058929606280188
2024-10-09,906900.3854999985,886840.3854999985,1,-0.1694781788055475,0.0010419927659972572
2024-10-10,907817.5137499985,877033.5137499985,1,-0.16863829050399057,0.00101127782572763
2024-10-11,906967.6517499984,789961.6517499984,5,-0.169416577675646,-0.0009361595112761245
2024-10-14,911693.0432499984,800568.0432499984,5,-0.1650891555935912,0.005210099269673307
2024-10-15,909542.7522499984,801652.7522499984,5,-0.16705835047537904,-0.0023585690555832928
2024-10-16,912619.2954999984,801057.2954999984,5,-0.16424091170941713,0.003382516371428723
2024-10-17,909862.5282499983,794321.5282499983,5,-0.16676550580341673,-0.0030207198813275715
2024-10-18,912693.5844999983,811840.5844999983,5,-0.16417287928098168,0.0031115208749668
2024-10-21,913653.2067499983,784668.2067499983,5,-0.16329407579663943,0.0010514177663751845
2024-10-22,916723.0434999982,802919.0434999982,5,-0.16048277871358224,0.003359958381714323
2024-10-23,916542.9689999982,801728.9689999982,5,-0.16064768745558064,-0.00019643282807912943
2024-10-24,915785.8844999982,806039.8844999982,5,-0.1613410107883207,-0.0008260218294250388
2024-10-25,917850.1817499982,822749.1817499982,5,-0.15945056731848853,0.0022541265212088213
2024-10-28,923350.8757499981,810604.8757499981,5,-0.15441313821187874,0.005993019459354709
2024-10-29,918948.5964999981,818513.5964999981,5,-0.15844466034878998,-0.004767720880130444
2024-10-30,921394.780749998,791878.780749998,5,-0.15620449215527107,0.0026619380663039927
2024-10-31,923013.9802499982,788163.9802499982,5,-0.154721660590616,0.0017573352202864267
2024-11-01,920751.2154999981,822763.2154999981,5,-0.15679385675587465,-0.002451495641904833
2024-11-04,923506.4374999981,788108.4374999981,5,-0.15427067777191877,0.002992363141767873
2024-11-05,925743.675499998,815277.675499998,5,-0.15222185851027414,0.0024225472710901474
2024-11-06,926605.4927499981,812653.4927499981,5,-0.1514326229520466,0.0009309458685036187
2024-11-07,928144.8157499981,847648.8157499981,5,-0.15002294074018863,0.0016612495954795303
2024-11-08,930694.738749998,852415.738749998,5,-0.14768777060714475,0.0027473331281169244
2024-11-11,932763.791749998,838916.791749998,5,-0.14579297191350388,0.002223127427129157
2024-11-12,931208.222749998,840830.222749998,5,-0.14721753189774223,-0.0016676987397651333
2024-11-13,929880.719249998,836586.719249998,5,-0.14843323391098392,-0.0014255710673168887
2024-11-14,928136.9312499978,857411.9312499978,3,-0.1500301612126949,-0.001875281381688021
2024-11-15,925984.7662499978,853683.7662499978,3,-0.15200107226741405,-0.00231880116773453
2024-11-18,924966.9349999978,850491.9349999978,3,-0.15293318242739873,-0.0010991878993019677
2024-11-19,926073.7487499979,858119.7487499979,3,-0.15191958381605142,0.0011965981789392455
2024-11-20,927887.735999998,803693.735999998,5,-0.15025836939980325,0.0019587935112603816
2024-11-21,929555.4764999981,803232.4764999981,5,-0.1487310849267945,0.00179735159254224
2024-11-22,923236.6672499982,852258.6672499982,3,-0.15451772814582562,-0.006797667712950095
2024-11-25,922281.3282499983,868380.3282499983,3,-0.15539260911271438,-0.0010347715097208665
2024-11-26,922076.2152499983,858102.2152499983,3,-0.15558044762842607,-0.00022239743310126237
2024-11-27,924482.5489999983,857274.5489999983,3,-0.15337677375155387,0.002609690728599512
2024-11-28,925966.1369999982,854723.1369999982,3,-0.15201813257401936,0.0016047766413813669
2024-11-29,927714.6012499982,838222.6012499982,5,-0.15041692285306113,0.00188825938674686
2024-12-02,930625.0347499982,824089.0347499982,5,-0.1477516041813167,0.003137207818092458
2024-12-03,931852.7869999983,841269.7869999983,5,-0.14662725243227268,0.0013192770494614425
2024-12-04,930413.7849999983,840704.7849999983,5,-0.14794506261390972,-0.0015442374805066938
2024-12-05,933416.2174999983,835441.2174999983,5,-0.14519549303848314,0.0032269862596672194
2024-12-06,935984.9999999983,838435.9999999983,5,-0.1428430517403397,0.002752022572395374
2024-12-09,938152.1254999985,876034.1254999985,5,-0.1408584401492609,0.00231534212620943
2024-12-10,939034.6074999984,868763.6074999984,5,-0.14005028021292215,0.0009406598098677943
2024-12-11,937179.5824999985,866604.5824999985,5,-0.14174907620638924,-0.0019754596744188113
2024-12-12,938936.0604999985,872979.0604999985,5,-0.14014052764827642,0.0018742171007550823
2024-12-13,939437.9134999985,895189.9134999985,3,-0.13968094038357137,0.0005344911342874958
2024-12-16,938042.4954999984,890205.4954999984,3,-0.1409588371815186,-0.001485375435616887
2024-12-17,936941.3134999984,881657.3134999984,3,-0.14196727834521086,-0.0011739148335844218
2024-12-18,937207.7504999985,878197.7504999985,3,-0.14172328049714333,0.0002843689312885811
2024-12-19,940027.2174999985,879403.2174999985,3,-0.1391412671855637,0.0030083692740439094
2024-12-20,940651.6529999984,885806.6529999984,3,-0.1385694212397794,0.0006642738511981605
2024-12-23,937319.6529999984,885806.6529999984,3,-0.14162080235336688,-0.003542225210973027
2024-12-24,937837.6209999984,853732.6209999984,5,-0.14114645728354616,0.0005526055047946343
2024-12-25,935680.7489999984,856598.7489999984,5,-0.14312167891776753,-0.002299835229152114
2024-12-26,937563.3624999984,852126.3624999984,5,-0.14139761790993896,0.0020120254713074104
2024-12-27,939329.9544999984,846247.9544999984,5,-0.13977980714636914,0.0018842374506713444
2024-12-30,937665.3292499984,867370.3292499984,5,-0.14130423873371928,-0.001772141133182581
2024-12-31,935814.3632499984,899778.3632499984,3,-0.142999317573543,-0.0019740156133111197
2025-01-02,936582.7937499984,892036.7937499984,3,-0.14229560379358963,0.0008211356121221591
2025-01-03,933417.3567499984,889801.3567499984,3,-0.1451944497353817,-0.0033797727452645754
2025-01-06,932501.9647499984,879049.9647499984,3,-0.14603274801279137,-0.0009806888562552407
2025-01-07,935417.1997499984,891976.1997499984,3,-0.1433630322202736,0.003126250785735918
2025-01-08,935338.1997499984,891976.1997499984,3,-0.14343537889133406,-8.445429485481881e-05
2025-01-09,935777.8237499985,855417.8237499985,3,-0.1430327797404697,0.00047001608628582936
2025-01-10,933616.2072499983,877790.2072499983,3,-0.14501234629596776,-0.0023099676495194066
2025-01-13,931616.4192499984,880575.4192499984,3,-0.14684371344314023,-0.0021419808101772464
2025-01-14,933882.8372499984,881382.8372499984,3,-0.14476817170223552,0.0024327802228136797
2025-01-15,932476.1452499983,912656.1452499983,1,-0.1460563930111895,-0.0015062831694629963
2025-01-16,932572.2312499983,918618.2312499983,1,-0.14596839931200578,0.00010304392288151831
2025-01-17,933283.3242499983,908844.3242499983,2,-0.14531719410486166,0.0007625071561982999
2025-01-20,933318.9542499983,873428.9542499983,4,-0.14528456484043273,3.817704557040891e-05
2025-01-21,934972.5582499984,887593.5582499984,3,-0.1437702263005309,0.0017717458672301678
2025-01-22,935670.2642499984,889740.2642499984,2,-0.14313128064889924,0.0007462315271646869
2025-01-23,937239.0527499984,866023.0527499984,3,-0.14169461450240664,0.001676646741849197
2025-01-24,937447.3557499984,831904.3557499984,5,-0.14150385464643322,0.0002222517290426662
2025-01-27,936738.8269999984,848851.8269999984,5,-0.14215271156305492,-0.000755806441454121
2025-02-05,936907.3959999983,890147.3959999983,3,-0.14199833933528302,0.000179953040421843
2025-02-06,936608.0199999984,860732.0199999984,5,-0.14227250208206008,-0.0003195363824408659
2025-02-07,938091.7474999984,850701.7474999984,5,-0.14091373315312536,0.001584149898695042
2025-02-10,939067.6434999985,830613.6434999985,5,-0.14002002648348977,0.0010402990993161332
2025-02-11,941530.9079999985,928138.9079999985,1,-0.1377642165275862,0.0026230959154542877
2025-02-12,941293.5779999986,912788.5779999986,2,-0.13798155874838078,-0.0002520681987000506
2025-02-13,941274.9094999987,815857.9094999987,5,-0.1379986549993768,-1.9832813519804482e-05
2025-02-14,939874.9699999986,816593.9699999986,5,-0.1392806924995165,-0.0014872801621194087
2025-02-17,941691.2309999985,821440.2309999985,5,-0.13761739582702387,0.001932449589544749
2025-02-18,941279.3049999987,853120.3049999987,5,-0.13799462968554585,-0.0004374321289606353
2025-02-19,945012.9127499984,845051.9127499984,5,-0.13457546396709055,0.003966524845672392
2025-02-20,943684.8067499984,844994.8067499984,5,-0.13579171773817167,-0.001405383971035068
2025-02-21,946608.0489999984,835419.0489999984,5,-0.13311466906107353,0.003097689216876809
2025-02-24,944877.2117499985,840341.2117499985,5,-0.13469973631657872,-0.0018284624262685512
2025-02-25,943787.0627499984,833292.0627499984,5,-0.13569807367240003,-0.0011537467370824617
2025-02-26,945749.8372499985,854653.8372499985,5,-0.13390060277218052,0.002079679386874478
2025-02-27,948297.5374999985,858426.5374999985,5,-0.13156746819056825,0.002693841594948676
2025-02-28,942874.6249999985,891759.6249999985,3,-0.1365336665048352,-0.005718577013598902
2025-03-03,944877.7409999984,885555.7409999984,3,-0.13469925163967172,0.002124477578341777
2025-03-04,947220.8994999985,875910.8994999985,3,-0.13255343243407677,0.002479853634312912
2025-03-05,950174.7054999986,825817.7054999986,5,-0.12984839406624912,0.0031183919205743926
2025-03-06,953525.5497499986,838063.5497499986,5,-0.12677975575321696,0.003526555938190956
2025-03-07,951656.7659999985,817379.7659999985,5,-0.12849115174365194,-0.001959867515338276
2025-03-10,952475.9149999986,807406.9149999986,5,-0.12774099094298738,0.0008607609689395002
2025-03-11,951762.7309999987,826450.7309999987,5,-0.1283941110474629,-0.0007487685397271626
2025-03-12,952844.5959999987,841080.5959999987,5,-0.12740336001851593,0.0011366961163348233
2025-03-13,948072.5004999988,892407.5004999988,3,-0.13177355271987717,-0.005008262123784912
2025-03-14,949640.9004999988,854103.9004999988,5,-0.1303372423541657,0.0016543038630199014
2025-03-17,952145.8524999988,834321.8524999988,5,-0.12804325579256814,0.0026377886616730795
2025-03-18,952611.4879999987,849245.4879999987,5,-0.12761683581342173,0.0004890379964135327
2025-03-19,950472.4609999987,855817.4609999987,5,-0.1295757153420093,-0.0022454348146597747
2025-03-20,949043.4652499987,845296.4652499987,5,-0.13088436199355397,-0.0015034583416509983
2025-03-21,944571.5709999987,875467.5709999987,3,-0.13497963620015976,-0.004712001519152742
2025-03-24,944371.6032499986,885533.6032499986,3,-0.13516276279550093,-0.00021170206275467063
2025-03-25,943554.9832499987,885436.9832499987,3,-0.13591060758691084,-0.0008647231632015195
2025-03-26,943940.8612499987,888140.8612499987,3,-0.13555722798266445,0.00040896185898020576
2025-03-27,941592.2252499986,883952.2252499986,3,-0.13770806337674965,-0.0024881177374712626
2025-03-28,942432.2369999986,875022.2369999986,3,-0.13693879687340588,0.0008921184005921123
2025-03-31,940838.6367499984,878995.6367499984,3,-0.13839818514035027,-0.0016909441203677433
2025-04-01,940514.0727499983,885486.0727499983,3,-0.1386954145700474,-0.00034497307755265716
2025-04-02,941639.9287499982,873945.9287499982,3,-0.1376643774346876,0.0011970644912393524
2025-04-03,939024.9287499982,873945.9287499982,3,-0.14005914382485304,-0.0027770700032563322
2025-04-07,933582.7647499982,874513.7647499982,3,-0.1450429722902329,-0.0057955479491310635
2025-04-08,929088.7222499981,867480.7222499981,3,-0.149158529435539,-0.004813759068488799
2025-04-09,928300.7797499981,864074.7797499981,3,-0.14988011192746364,-0.0008480810079061207
2025-04-10,929547.4549999981,875129.4549999981,3,-0.14873843086124908,0.0013429647773599562
2025-04-11,930210.4299999981,914098.4299999981,1,-0.1481312911872453,0.0007132234039626262
2025-04-14,931785.9739999981,931785.9739999981,0,-0.14668843848459642,0.001693750090503654
2025-04-15,931785.9739999981,931785.9739999981,0,-0.14668843848459642,0.0
2025-04-16,931765.1979999981,915989.1979999981,1,-0.14670746474330462,-2.2296965805135294e-05
2025-04-17,932244.6984999981,862056.6984999981,4,-0.1462683474654968,0.0005146151638086849
2025-04-18,931671.8859999981,823758.8859999981,5,-0.14679291806697545,-0.0006144443630751173
2025-04-21,933670.8557499981,843764.8557499981,5,-0.14496230025731674,0.0021455726850172496
2025-04-22,933289.6487499981,848451.6487499981,5,-0.14531140225016412,-0.0004082884216127791
2025-04-23,930195.8562499981,857304.8562499981,5,-0.1481446375454398,-0.003314932833706763
2025-04-24,930174.1984999981,863827.1984999981,5,-0.14816447129373297,-2.3282999869866927e-05
2025-04-25,928132.691499998,852957.691499998,5,-0.15003404389369004,-0.0021947577166645527
2025-04-28,925908.645999998,873687.645999998,3,-0.15207078171915803,-0.002396258121676098
2025-04-29,925051.427999998,869848.427999998,3,-0.15285580537324783,-0.0009258127178132236
2025-04-30,925286.9194999981,823728.9194999981,3,-0.15264014681517138,0.00025457125179428886
2025-05-06,926273.687499998,793456.687499998,5,-0.15173648377834897,0.0010664454227162778
2025-05-07,928935.2032499979,822220.2032499979,5,-0.14929911916458385,0.0028733578270838667
2025-05-08,929321.437749998,825396.437749998,5,-0.14894541308453704,0.0004157819605163926
2025-05-09,927474.563499998,823516.563499998,5,-0.1506367447789011,-0.001987336324094202
2025-05-12,928727.4197499979,827897.4197499979,5,-0.14948940327251156,0.0013508254558185495
2025-05-13,931770.8287499979,780226.8287499979,5,-0.1467023082114305,0.0032769668853098732
2025-05-14,934805.8912499979,779638.8912499979,5,-0.143922856713514,0.0032573057734288646
2025-05-15,935622.9354999978,816273.9354999978,5,-0.14317462340216497,0.0008740255679255959
2025-05-16,933397.5327499978,794569.5327499978,5,-0.1452126041709152,-0.002378525221606198
2025-05-19,934952.9827499978,823362.9827499978,5,-0.1437881531645738,0.0016664389452769601
2025-05-20,935321.2432499977,808878.2432499977,5,-0.14345090732586424,0.0003938813039741085
2025-05-21,933088.7749999977,829597.7749999977,5,-0.14549535854277115,-0.002386846515153196
2025-05-22,932755.7634999978,811627.7634999978,5,-0.14580032402947798,-0.0003568915508601611
2025-05-23,929895.8854999978,846985.8854999978,3,-0.14841934495275663,-0.0030660523492975766
2025-05-26,930125.8892499978,845896.8892499978,3,-0.1482087119699222,0.0002473435505916388
2025-05-27,929489.5849999978,835461.5849999978,3,-0.1487914270872528,-0.0006841055144837238
2025-05-28,928330.4509999978,870222.4509999978,3,-0.14985293957096138,-0.001247065076043774
2025-05-29,928568.3489999977,848923.3489999977,5,-0.1496350771867597,0.0002562643504191442
2025-05-30,927363.3634999976,864641.3634999976,3,-0.1507385795867738,-0.0012976809960169033
2025-06-03,928957.3647499977,796022.3647499977,5,-0.14927882409179027,0.0017188529466853897
2025-06-04,929272.3184999977,811192.3184999977,5,-0.14899039554304971,0.00033904004850082714
2025-06-05,929053.6154999977,779088.6154999977,5,-0.14919067951774506,-0.0002353486654514958
2025-06-06,927397.6207499979,801436.6207499979,5,-0.15070720746022692,-0.0017824533723046487
2025-06-09,934226.6737499979,809707.6737499979,5,-0.14445329289003248,0.007363673193896192
2025-06-10,936510.2497499979,830454.2497499979,5,-0.14236203818479787,0.0024443489617287373
2025-06-11,936995.1194999979,798709.1194999979,5,-0.14191800385175463,0.0005177409965662072
2025-06-12,938853.1819999979,811223.1819999979,5,-0.1402164261745742,0.0019830012572439326
2025-06-13,934202.3237499979,850897.3237499979,3,-0.1444755921487707,-0.004953765230994445
2025-06-16,937522.1987499979,788977.1987499979,5,-0.14143531487552002,0.0035537002163232856
2025-06-17,936147.959749998,796879.959749998,5,-0.14269381635515843,-0.0014658202246647933
2025-06-18,934379.427249998,826726.427249998,5,-0.14431340419107247,-0.0018891591671814645
2025-06-19,931053.5612499979,863575.5612499979,3,-0.14735916790617537,-0.0035594383855266365
2025-06-20,930835.2279999979,842925.2279999979,3,-0.1475591132709768,-0.00023450127800050957
2025-06-23,931332.911499998,819643.911499998,5,-0.14710334435367659,0.0005346633700888948
2025-06-24,933282.045749998,796942.045749998,5,-0.14531836493041833,0.0020928437360392405
2025-06-25,934192.665499998,807916.665499998,5,-0.14448443698719804,0.0009757176344995511
2025-06-26,933629.107249998,830691.107249998,5,-0.14500053272563035,-0.0006032569841450952
2025-06-27,935478.344249998,825217.344249998,5,-0.14330703727054417,0.0019806976728122816
2025-06-30,937763.0072499979,831838.0072499979,5,-0.14121478711174706,0.0024422403939576842
2025-07-01,938706.969749998,842989.969749998,5,-0.14035032452338125,0.001006610937627217
2025-07-02,937441.038749998,831780.038749998,5,-0.14150963963277646,-0.001348590178612552
2025-07-03,936731.2367499981,822946.2367499981,5,-0.1421596625671061,-0.0007571697532533506
2025-07-04,934602.2367499981,822946.2367499981,5,-0.14410935956315285,-0.0022727970590439295
2025-07-07,935588.1177499982,823801.1177499982,5,-0.1432065088237635,0.0010548669382908216
2025-07-08,936826.0089999982,829013.0089999982,5,-0.14207287197474636,0.0013231156173476588
2025-07-09,935400.0277499983,808667.0277499983,5,-0.1433787580055326,-0.001522140969935415
2025-07-10,935177.8552499983,819714.8552499983,5,-0.1435822192811804,-0.0002375160288742295
2025-07-11,936608.8617499982,795437.8617499982,5,-0.1422717312237012,0.0015301971619263721
2025-07-14,938627.7229999983,812739.7229999983,5,-0.1404228971633159,0.0021555009059255337
2025-07-15,938256.7754999982,807981.7754999982,5,-0.14076260370462218,-0.00039520194312436807
2025-07-16,938028.5584999982,814340.5584999982,5,-0.14097160041638682,-0.0002432351206613781
2025-07-17,940720.2587499982,811245.2587499982,5,-0.13850659342170232,0.0028695291050673255
2025-07-18,940893.9022499983,798409.9022499983,5,-0.1383475740650404,0.0001845856920641431
2025-07-21,945735.7162499982,845839.7162499982,5,-0.1339135345106877,0.005145972344407168
2025-07-22,945571.0049999984,839854.0049999984,5,-0.13406437388567113,-0.00017416202768882894
2025-07-23,943060.7177499983,818756.7177499983,5,-0.13636324636596214,-0.0026547845024076366
2025-07-24,943088.3497499983,821641.3497499983,5,-0.13633794151514264,2.9300340349092124e-05
2025-07-25,942006.1872499983,827562.1872499983,5,-0.13732896498883188,-0.0011474667249222748
2025-07-28,942204.8902499984,816735.8902499984,5,-0.13714699662706312,0.00021093598183274942
2025-07-29,943465.5039999986,822312.5039999986,5,-0.13599255095230947,0.001337940147673855
2025-07-30,947128.9794999985,765698.9794999985,5,-0.1326376109910879,0.003882998884927824
2025-07-31,943150.2447499986,862252.2447499986,3,-0.13628125927203752,-0.004200837305284866
2025-08-01,942311.6899999984,865694.6899999984,3,-0.13704919148297973,-0.0008890998593997779
2025-08-04,944222.9744999985,854151.9744999985,5,-0.13529887412824002,0.002028293313436569
2025-08-05,942583.7127499986,847084.7127499986,5,-0.13680007831316685,-0.0017360960220947907
2025-08-06,942344.6437499985,861999.6437499985,5,-0.13701901307650546,-0.0002536315838754799
2025-08-07,942901.1494999987,851849.1494999987,5,-0.13650937588108134,0.0005905543727457996
2025-08-08,945057.6937499988,811518.6937499988,5,-0.13453445439396663,0.0022871371523343065
2025-08-11,949172.9472499988,813876.9472499988,5,-0.13076578488390517,0.004354499759343433
2025-08-12,949545.1372499987,814425.1372499987,5,-0.13042494048514588,0.00039212032019908527
2025-08-13,949674.0932499988,833120.0932499988,5,-0.13030684507611712,0.0001358081832461
2025-08-14,947505.0662499988,819338.0662499988,5,-0.13229319802409473,-0.0022839698538864583
2025-08-15,949461.2442499987,814627.2442499987,5,-0.13050176807090888,0.002064556770912107
2025-08-18,953336.2494999988,792839.2494999988,5,-0.12695311325851316,0.004081267427678004
2025-08-19,953912.3757499988,825110.3757499988,5,-0.12642550798891763,0.0006043263856820857
2025-08-20,953256.3757499988,825110.3757499988,5,-0.12702626009291326,-0.0006876941914966128
2025-08-21,954477.5262499987,821405.5262499987,5,-0.12590795409875133,0.0012810305087538332
2025-08-22,954838.6487499987,848185.6487499987,5,-0.12557724510229534,0.00037834573373207725
2025-08-25,958762.7287499986,854525.7287499986,5,-0.121983648583626,0.004109678640613401
2025-08-26,958267.1602499986,868616.1602499986,5,-0.12243748062485921,-0.0005168833592917865
2025-08-27,954548.2822499985,862998.2822499985,5,-0.12584315712333943,-0.003880836320248937
2025-08-28,953989.7504999986,856358.7504999986,5,-0.1263546496903529,-0.0005851267666454607
2025-08-29,954955.2462499986,821685.2462499986,5,-0.1254704673683844,0.0010120609257007196
2025-09-01,955313.7922499984,832467.7922499984,5,-0.1251421178807638,0.0003754584326416399
2025-09-02,950252.4354999983,849803.4354999983,5,-0.12977721043660984,-0.00529810915644735
2025-09-03,948499.4849999982,839754.4849999982,5,-0.13138252857849275,-0.0018447208704891471
2025-09-04,943940.3072499981,883043.3072499981,3,-0.13555773532514306,-0.004806726647827442
2025-09-05,945530.0549999981,842081.0549999981,5,-0.1341018751031388,0.0016841613159113145
2025-09-08,947127.300249998,862656.300249998,5,-0.1326391488157387,0.0016892591002830581
2025-09-09,944317.7117499979,892248.7117499979,3,-0.13521211558820356,-0.002966431755539567
2025-09-10,944923.608499998,833369.608499998,5,-0.13465724707087634,0.0006416238332300761
2025-09-11,949715.866999998,836041.866999998,5,-0.130268589484343,0.005071582990298529
2025-09-12,950635.902499998,835602.902499998,5,-0.12942603877950204,0.0009687481613909199
2025-09-15,949343.1474999979,839650.1474999979,5,-0.13060991878895467,-0.001359884469543382
2025-09-16,949862.8254999978,821414.8254999978,5,-0.13013400773422876,0.0005474079645158003
2025-09-17,949771.5554999978,826042.5554999978,5,-0.13021759103381975,-9.608755869772168e-05
2025-09-18,945544.2082499978,872758.2082499978,3,-0.1340889138307063,-0.0044509095113661745
2025-09-19,945408.1682499978,871396.1682499978,3,-0.13421349662983373,-0.00014387481707689442
2025-09-22,946328.0134999977,854393.0134999977,3,-0.13337112015226085,0.0009729609716642162
2025-09-23,942441.7684999977,856685.7684999977,3,-0.13693006811017616,-0.004106657463966101
2025-09-24,944376.9024999978,827222.9024999978,5,-0.13515790984491166,0.002053319435406653
2025-09-25,943027.0604999979,835208.0604999979,5,-0.13639406902412135,-0.0014293466903165797
2025-09-26,942262.349749998,882528.349749998,3,-0.13709437632901547,-0.0008109107172328267
2025-09-29,942562.404499998,829014.404499998,5,-0.13681959199612465,0.0003184407719141191
2025-09-30,945612.650499998,843833.650499998,5,-0.1340262357427645,0.0032361210095348536
2025-10-09,945804.560499998,831364.560499998,5,-0.13385048827892637,0.0002029477925222789
2025-10-10,943994.129499998,845223.129499998,5,-0.135508445950251,-0.001914170300725826
2025-10-13,942590.380249998,865479.380249998,5,-0.13679397234570798,-0.001487031758071966
2025-10-14,937861.675749998,889572.675749998,3,-0.14112442840904416,-0.005016712030039838
2025-10-15,940089.967749998,858136.967749998,5,-0.13908380172106152,0.0023759281966799772
2025-10-16,939101.3117499979,838434.3117499979,5,-0.13998919375174435,-0.0010516610472572907
2025-10-17,934209.9037499978,878754.9037499978,3,-0.1444686505314715,-0.005208605225867524
2025-10-20,934266.8682499978,862878.8682499978,3,-0.14441648354484338,6.097612514199824e-05
2025-10-21,934842.4202499979,830388.4202499979,5,-0.14388940416228407,0.0006160466774103313
2025-10-22,934906.380249998,821730.380249998,5,-0.14383083083214443,6.841794789647082e-05
2025-10-23,934502.1979999981,819101.1979999981,5,-0.14420097311428634,-0.00043232376902990755
2025-10-24,936777.4364999981,821187.4364999981,5,-0.14211735373019058,0.0024347064189569334
2025-10-27,939806.8457499981,852618.8457499981,5,-0.13934307936921297,0.0032338623155983015
2025-10-28,940168.7002499981,842798.7002499981,5,-0.13901170002132382,0.0003850307131050279
2025-10-29,941409.7617499981,840952.7617499981,5,-0.13787515991871263,0.0013200412858564992
2025-10-30,939203.8204999982,855777.8204999982,5,-0.13989531822241413,-0.002343231756912423
2025-10-31,940959.5489999981,823056.5489999981,5,-0.13828745604189574,0.0018693796401565432
2025-11-03,943325.9702499982,843642.9702499982,5,-0.13612033326007036,0.0025149022107431307
2025-11-04,941836.7789999982,844374.7789999982,5,-0.1374841057855114,-0.0015786602902549962
2025-11-05,942969.7399999981,843425.7399999981,5,-0.1364465620286594,0.0012029271156759336
2025-11-06,941648.8044999981,841989.8044999981,5,-0.13765624919461597,-0.0014008249087611446
2025-11-07,941158.2969999982,833151.2969999982,5,-0.13810544646999798,-0.0005209028011885497
2025-11-10,940850.6369999982,839563.6369999982,5,-0.13838719554364928,-0.00032689506215966
2025-11-11,941298.9184999983,824980.9184999983,5,-0.1379766680218393,0.000476464044738778
2025-11-12,941952.8099999982,811446.8099999982,5,-0.13737784684133658,0.000694669341638976
2025-11-13,944989.3259999983,841084.3259999983,5,-0.1345970642562506,0.0032236391969573397
2025-11-14,942707.8504999982,882404.8504999982,3,-0.13668639536423763,-0.002414287058307041
2025-11-17,944390.2539999982,859530.2539999982,3,-0.13514568279961173,0.0017846499306308772
2025-11-18,942741.9519999982,843861.9519999982,3,-0.13665516587052665,-0.0017453610867103064
2025-11-19,941442.2689999982,831584.2689999982,3,-0.13784539040829694,-0.001378620095608074
2025-11-20,942992.1349999981,829422.1349999981,3,-0.13642605312108472,0.0016462677012007987
2025-11-21,939253.7607499983,872883.7607499983,3,-0.1398495839079909,-0.003964374793009151
2025-11-24,939877.9922499983,885082.9922499983,3,-0.1392779247814584,0.0006646036737734118
2025-11-25,940495.5467499983,873745.5467499983,3,-0.13871238032230135,0.0006570581555183086
2025-11-26,941456.0857499983,880947.0857499983,3,-0.13783273729605158,0.0010213115876192003
2025-11-27,943182.5457499984,885476.5457499984,3,-0.13625167864138038,0.0018338189386972736
2025-11-28,944634.8804999985,888968.8804999985,3,-0.13492165858533087,0.0015398236073644878
2025-12-01,944003.8017499985,844049.8017499985,5,-0.135499588290894,-0.0006680663217368821
