code,buy_date,sell_date,buy_price,sell_price,shares,pnl,pnl_pct,reason
002953.SZ,2020-04-03,2020-04-07,31.7,31.03,400,-297.8239999999992,-2.11356466876971,放量阴线
002953.SZ,2020-04-07,2020-04-08,31.03,30.26,400,-337.2079999999998,-2.48146954560103,调仓换股
600960.SH,2020-04-07,2020-04-08,3.21,3.22,8100,22.315500000001876,0.311526479750786,调仓换股
600560.SH,2020-04-03,2020-04-09,9.23,9.78,2000,1055.879999999998,5.958829902491862,调仓换股
300141.SZ,2020-04-03,2020-04-10,8.19,8.75,2100,1134.2500000000011,6.8376068376068435,调仓换股
002357.SZ,2020-04-10,2020-04-13,5.75,5.67,5400,-500.8905000000004,-1.3913043478260883,调仓换股
300097.SZ,2020-04-10,2020-04-13,10.55,10.47,2000,-207.11500000000015,-0.7582938388625599,调仓换股
600495.SH,2020-04-10,2020-04-14,4.32,4.31,5800,-114.24550000000391,-0.23148148148149708,调仓换股
000893.SZ,2020-04-13,2020-04-14,6.36,6.52,4900,712.1169999999964,2.5157232704402395,调仓换股
300106.SZ,2020-04-13,2020-04-16,6.47,6.68,3300,643.401,3.2457496136012365,调仓换股
603018.SH,2020-04-15,2020-04-16,13.2,13.47,2300,551.292750000003,2.0454545454545556,调仓换股
603997.SH,2020-04-15,2020-04-17,8.84,8.88,2400,48.0480000000022,0.45248868778281587,调仓换股
002645.SZ,2020-04-16,2020-04-17,10.22,10.22,2300,-52.8885,0.0,调仓换股
600361.SH,2020-04-14,2020-04-20,4.15,4.03,5800,-748.5915000000006,-2.891566265060243,第5天未盈利 (-2.9%)
600628.SH,2020-04-15,2020-04-20,11.98,12.18,2500,431.48749999999825,1.669449081802999,调仓换股
000833.SZ,2020-04-16,2020-04-21,5.11,5.06,4800,-294.64800000000344,-0.9784735812133211,调仓换股
000639.SZ,2020-04-17,2020-04-21,5.67,5.87,3800,709.8115000000006,3.5273368606701974,调仓换股
600300.SH,2020-04-20,2020-04-21,3.38,3.46,8500,613.8275000000007,2.3668639053254457,调仓换股
600540.SH,2020-04-17,2020-04-22,4.48,4.88,4300,1672.7859999999978,8.928571428571416,调仓换股
600361.SH,2020-04-20,2020-04-22,4.03,4.13,6400,580.5279999999977,2.4813895781637627,调仓换股
603713.SH,2020-04-21,2020-04-22,59.19,60.69,500,681.72375,2.5342118601115056,调仓换股
002155.SZ,2020-04-22,2020-04-23,8.05,8.31,4600,1109.9914999999992,3.2298136645962705,调仓换股
600628.SH,2020-04-21,2020-04-24,11.98,11.18,2700,-2227.918500000002,-6.677796327212025,调仓换股
000903.SZ,2020-04-21,2020-04-24,5.47,5.38,3000,-307.2799999999995,-1.6453382084095038,调仓换股
600452.SH,2020-04-22,2020-04-24,19.1,19.16,1800,30.4019999999977,0.31413612565444354,调仓换股
600825.SH,2020-04-22,2020-04-24,5.32,5.27,6900,-426.8167500000049,-0.9398496240601637,调仓换股
002365.SZ,2020-04-23,2020-04-24,11.5,11.11,2600,-1078.9935000000014,-3.3913043478260922,调仓换股
300669.SZ,2020-04-24,2020-04-27,39.19,38.92,1000,-357.56999999999607,-0.6889512630773055,调仓换股
920023.BJ,2020-04-24,2020-04-28,1.39,1.45,15600,885.1050000000008,4.316546762589932,调仓换股
603669.SH,2020-04-24,2020-04-29,11.21,10.88,2800,-992.5440000000003,-2.9438001784121326,调仓换股
000903.SZ,2020-04-27,2020-04-30,4.84,4.78,3400,-241.50399999999868,-1.2396694214875952,调仓换股
000779.SZ,2020-04-28,2020-04-30,10.8,10.92,2300,219.4889999999982,1.1111111111111038,调仓换股
002165.SZ,2020-04-29,2020-04-30,4.73,4.72,4100,-84.70400000000278,-0.21141649048627217,调仓换股
300143.SZ,2020-04-29,2020-05-06,12.16,12.58,2000,783.39,3.453947368421052,调仓换股
920023.BJ,2020-04-30,2020-05-06,1.3,1.45,13700,2010.2699999999986,11.538461538461531,调仓换股
300318.SZ,2020-04-30,2020-05-07,5.19,5.35,3500,517.5499999999973,3.082851637764918,调仓换股
002165.SZ,2020-05-06,2020-05-07,4.77,4.72,4400,-266.7279999999992,-1.0482180293501013,调仓换股
300334.SZ,2020-04-29,2020-05-08,8.53,8.58,2300,70.53200000000163,0.5861664712778514,调仓换股
603709.SH,2020-05-07,2020-05-08,28.8,26.25,700,-1826.7500000000005,-8.854166666666668,放量阴线
603018.SH,2020-05-08,2020-05-11,13.55,13.74,2600,413.62099999999873,1.4022140221402177,调仓换股
002932.SZ,2020-04-30,2020-05-12,49.74,56.11,400,2497.5009999999993,12.806594290309603,调仓换股
920090.BJ,2020-05-06,2020-05-12,4.37,3.68,6800,-4748.304000000001,-15.789473684210526,ATR止损 (ATR=0.25)
300151.SZ,2020-05-07,2020-05-12,10.51,12.39,1900,3519.032750000001,17.887725975261663,调仓换股
000019.SZ,2020-05-11,2020-05-12,9.6,10.17,2200,1203.6585000000007,5.9375000000000036,调仓换股
920090.BJ,2020-05-12,2020-05-13,3.68,4.3,6400,3906.0799999999977,16.84782608695651,调仓换股
000796.SZ,2020-05-12,2020-05-13,8.74,9.5,2900,2142.0124999999994,8.695652173913041,调仓换股
000061.SZ,2020-05-12,2020-05-13,8.13,8.35,2900,583.5162499999966,2.7060270602705887,调仓换股
002306.SZ,2020-05-12,2020-05-14,3.26,3.51,10700,2590.4967500000002,7.668711656441718,调仓换股
600227.SH,2020-05-13,2020-05-14,2.94,2.98,15000,499.4250000000006,1.360544217687076,调仓换股
002662.SZ,2020-05-13,2020-05-14,3.72,4.09,5300,1912.2267499999984,9.946236559139775,调仓换股
002100.SZ,2020-05-13,2020-05-15,15.84,14.68,1800,-2147.4540000000006,-7.323232323232324,调仓换股
002890.SZ,2020-05-14,2020-05-15,35.2,35.35,1200,84.5549999999983,0.42613636363635954,调仓换股
603018.SH,2020-05-14,2020-05-15,13.37,13.07,2800,-922.340999999997,-2.2438294689603513,调仓换股
300530.SZ,2020-05-08,2020-05-18,49.26,50.32,500,473.3900000000011,2.1518473406414986,调仓换股
002004.SZ,2020-05-14,2020-05-18,5.16,5.15,9100,-196.4462499999981,-0.19379844961239895,调仓换股
600449.SH,2020-05-15,2020-05-18,14.15,14.62,2200,961.6309999999976,3.321554770318013,调仓换股
300432.SZ,2020-05-18,2020-05-19,10.6,10.71,3300,283.4782500000039,1.037735849056615,调仓换股
002213.SZ,2020-05-18,2020-05-19,16.18,16.8,2000,1164.4000000000021,3.8318912237330096,调仓换股
300334.SZ,2020-05-18,2020-05-20,7.79,7.47,3100,-1044.103250000001,-4.107830551989735,调仓换股
601616.SH,2020-05-18,2020-05-20,3.43,3.48,7800,328.9259999999986,1.4577259475218607,调仓换股
600724.SH,2020-05-18,2020-05-21,4.24,4.33,6600,529.6994999999991,2.122641509433959,调仓换股
300185.SZ,2020-05-20,2020-05-21,1.9,1.93,22800,584.9910000000006,1.578947368421054,调仓换股
603200.SH,2020-05-20,2020-05-21,60.8,55.0,200,-1186.9999999999995,-9.539473684210522,放量阴线
000951.SZ,2020-05-19,2020-05-22,24.42,23.87,1500,-905.5612500000009,-2.252252252252255,调仓换股
000505.SZ,2020-05-21,2020-05-22,8.02,7.82,2600,-565.7469999999981,-2.493765586034904,调仓换股
000789.SZ,2020-05-19,2020-05-25,14.3,13.56,3300,-2542.683000000001,-5.174825174825176,第5天未盈利 (-5.2%)
000019.SZ,2020-05-22,2020-05-25,8.36,8.53,2600,392.0994999999998,2.0334928229665064,调仓换股
000049.SZ,2020-05-22,2020-05-25,43.8,44.28,800,304.29600000000323,1.0958904109589134,调仓换股
688266.SH,2020-05-25,2020-05-26,70.5,73.73,400,1225.6430000000016,4.581560283687948,调仓换股
603088.SH,2020-05-25,2020-05-26,11.03,11.29,3200,750.7119999999992,2.357207615593833,调仓换股
601789.SH,2020-05-25,2020-05-27,5.15,5.2,4300,164.6899999999992,0.9708737864077635,调仓换股
000019.SZ,2020-05-26,2020-05-27,8.55,8.7,2800,365.189999999996,1.754385964912264,调仓换股
002104.SZ,2020-05-27,2020-05-28,8.34,8.11,2900,-719.9177500000012,-2.7577937649880147,调仓换股
603338.SH,2020-05-26,2020-05-29,91.38,92.64,400,420.62400000000207,1.3788575180564733,调仓换股
002075.SZ,2020-05-27,2020-05-29,13.31,13.51,2000,339.2049999999986,1.5026296018031502,调仓换股
300326.SZ,2020-05-28,2020-05-29,25.43,26.38,1200,1068.7739999999992,3.735745182854893,调仓换股
002104.SZ,2020-05-29,2020-06-01,8.03,8.31,3000,783.9075000000036,3.486924034869255,调仓换股
002539.SZ,2020-05-29,2020-06-01,5.9,5.93,7000,116.60249999999553,0.5084745762711755,调仓换股
600639.SH,2020-05-29,2020-06-01,14.56,15.62,3300,3382.021499999996,7.280219780219771,调仓换股
601789.SH,2020-05-29,2020-06-01,5.05,5.16,4000,393.56000000000125,2.1782178217821846,调仓换股
600883.SH,2020-05-29,2020-06-02,9.6,10.02,3600,1430.8379999999997,4.375,调仓换股
002749.SZ,2020-06-01,2020-06-02,12.46,12.84,2400,842.6639999999976,3.0497592295345024,调仓换股
000848.SZ,2020-06-03,2020-06-04,7.2,7.4,5600,1026.760000000001,2.77777777777778,调仓换股
000620.SZ,2020-06-03,2020-06-08,3.13,3.01,8600,-1090.243500000001,-3.833865814696489,调仓换股
603818.SH,2020-06-05,2020-06-08,7.83,8.02,6000,1031.7299999999973,2.4265644955300063,调仓换股
600489.SH,2020-06-05,2020-06-08,8.81,8.86,5200,156.33799999999442,0.5675368898978312,调仓换股
000681.SZ,2020-06-08,2020-06-09,19.07,19.39,1900,525.1077500000006,1.6780283167278462,调仓换股
002713.SZ,2020-06-08,2020-06-09,7.56,8.0,3700,1561.4000000000015,5.820105820105825,调仓换股
603988.SH,2020-06-08,2020-06-09,11.61,12.06,2200,930.3030000000023,3.8759689922480716,调仓换股
600509.SH,2020-06-05,2020-06-10,3.37,3.36,10300,-180.86800000000238,-0.29673590504451725,调仓换股
300489.SZ,2020-06-09,2020-06-10,40.8,41.0,700,75.42500000000197,0.4901960784313796,调仓换股
603020.SH,2020-06-09,2020-06-10,10.19,10.12,2600,-241.20200000000074,-0.6869479882237516,调仓换股
600768.SH,2020-06-08,2020-06-11,10.19,9.89,2700,-870.0817499999971,-2.9440628066731986,调仓换股
603856.SH,2020-06-09,2020-06-11,15.9,15.66,2000,-550.4700000000005,-1.5094339622641522,放量阴线
600375.SH,2020-06-10,2020-06-11,7.61,7.89,2600,681.8434999999982,3.6793692509855367,调仓换股
600060.SH,2020-06-11,2020-06-12,12.55,12.88,3100,933.1620000000003,2.6294820717131477,调仓换股
000681.SZ,2020-06-11,2020-06-12,18.58,18.51,1800,-200.9654999999941,-0.37674919268028384,调仓换股
002857.SZ,2020-06-10,2020-06-15,12.35,11.99,2200,-851.3504999999989,-2.9149797570850158,调仓换股
600059.SH,2020-06-10,2020-06-15,9.27,8.94,5000,-1750.5750000000005,-3.559870550161813,调仓换股
600865.SH,2020-06-12,2020-06-15,6.8,6.77,4200,-189.97650000000104,-0.44117647058823894,调仓换股
688003.SH,2020-06-12,2020-06-15,28.5,28.94,1000,374.88500000000124,1.5438596491228114,调仓换股
000921.SZ,2020-06-15,2020-06-16,11.6,11.92,4000,1172.720000000001,2.758620689655175,调仓换股
603979.SH,2020-06-15,2020-06-16,9.81,10.2,4500,1651.7249999999945,3.975535168195706,调仓换股
600573.SH,2020-06-11,2020-06-17,6.86,6.7,4600,-805.3450000000008,-2.3323615160349873,第5天未盈利 (-2.3%)
300242.SZ,2020-06-16,2020-06-17,7.51,7.94,2700,1112.7645000000014,5.725699067909462,调仓换股
000910.SZ,2020-06-16,2020-06-18,15.9,15.49,1700,-756.2492500000002,-2.5786163522012586,调仓换股
300681.SZ,2020-06-17,2020-06-18,34.61,34.98,1100,320.4244999999971,1.0690551863623157,调仓换股
688181.SH,2020-06-17,2020-06-18,59.68,61.52,400,680.6320000000014,3.0831099195710516,调仓换股
920039.BJ,2020-06-16,2020-06-19,7.62,7.79,4600,701.3734999999997,2.230971128608923,调仓换股
600865.SH,2020-06-16,2020-06-19,6.77,7.29,4500,2266.1887500000025,7.6809453471196525,调仓换股
300755.SZ,2020-06-18,2020-06-19,29.03,29.39,900,264.48524999999944,1.2400964519462605,调仓换股
002229.SZ,2020-06-18,2020-06-19,7.35,7.34,7400,-196.21099999999842,-0.13605442176870458,调仓换股
600137.SH,2020-06-18,2020-06-19,15.18,15.45,2000,470.4749999999991,1.7786561264822107,调仓换股
601908.SH,2020-06-19,2020-06-22,3.93,3.96,7100,149.7389999999986,0.7633587786259493,调仓换股
603528.SH,2020-06-19,2020-06-23,10.29,10.32,2900,19.6620000000033,0.29154518950438424,调仓换股
002229.SZ,2020-06-22,2020-06-23,7.28,7.24,7600,-427.8040000000003,-0.5494505494505499,调仓换股
920802.BJ,2020-06-19,2020-06-24,26.3,30.01,1700,6192.211750000002,14.106463878327,调仓换股
002685.SZ,2020-06-23,2020-06-24,5.88,5.89,6000,-19.515000000001287,0.1700680272108807,调仓换股
300242.SZ,2020-06-19,2020-06-29,6.71,6.41,2500,-787.0499999999995,-4.470938897168403,第5天未盈利 (-4.5%)
920039.BJ,2020-06-24,2020-06-29,7.43,7.77,5000,1612.5874999999994,4.576043068640645,调仓换股
002042.SZ,2020-06-24,2020-06-29,6.0,6.03,6700,110.09775000000167,0.5000000000000042,调仓换股
002612.SZ,2020-06-19,2020-06-30,10.22,10.18,2200,-138.39100000000204,-0.39138943248533187,调仓换股
920419.BJ,2020-06-29,2020-06-30,6.18,6.25,4500,251.71875000000125,1.1326860841423994,调仓换股
300242.SZ,2020-06-29,2020-06-30,6.41,6.64,3000,645.1599999999987,3.588143525741022,调仓换股
603906.SH,2020-06-29,2020-06-30,14.18,15.6,1600,2215.84,10.01410437235543,调仓换股
300703.SZ,2020-06-30,2020-07-01,13.05,13.48,2000,799.3399999999993,3.29501915708812,调仓换股
603456.SH,2020-06-30,2020-07-01,27.1,28.2,1100,1140.2049999999977,4.059040590405896,调仓换股
600151.SH,2020-06-30,2020-07-02,4.83,5.0,9800,1555.7499999999993,3.5196687370600404,调仓换股
920419.BJ,2020-07-01,2020-07-02,6.2,6.8,4800,2806.5599999999986,9.677419354838705,调仓换股
300005.SZ,2020-07-01,2020-07-02,3.8,3.83,10600,226.6545000000026,0.789473684210533,调仓换股
002187.SZ,2020-06-23,2020-07-03,11.31,12.75,1800,2540.3624999999993,12.732095490716175,调仓换股
600375.SH,2020-06-30,2020-07-03,7.74,8.07,3700,1153.8172500000003,4.263565891472869,调仓换股
300242.SZ,2020-07-02,2020-07-03,6.42,6.43,3200,-14.296000000000681,0.1557632398753861,调仓换股
300413.SZ,2020-07-02,2020-07-06,61.41,60.57,500,-488.14124999999825,-1.3678553981436188,放量阴线
002153.SZ,2020-07-03,2020-07-06,37.16,39.7,1000,2450.6750000000065,6.835306781485485,调仓换股
603528.SH,2020-07-03,2020-07-06,9.9,10.32,3000,1190.3399999999997,4.242424242424241,调仓换股
920139.BJ,2020-07-03,2020-07-06,7.07,7.47,4300,1647.7277499999975,5.65770862800565,调仓换股
603786.SH,2020-07-02,2020-07-07,69.5,73.97,400,1721.4269999999997,6.431654676258991,调仓换股
300413.SZ,2020-07-06,2020-07-07,60.57,63.0,500,1144.1249999999998,4.011887072808321,调仓换股
920876.BJ,2020-07-06,2020-07-08,1.92,2.03,10700,1128.1277499999987,5.72916666666666,调仓换股
920592.BJ,2020-07-13,2020-07-15,17.45,18.0,2200,1120.9000000000017,3.151862464183385,调仓换股
688088.SH,2020-07-15,2020-07-16,85.25,79.82,200,-1122.9280000000012,-6.3695014662756675,调仓换股
300752.SZ,2020-07-15,2020-07-16,25.72,24.62,1400,-1617.5529999999972,-4.276827371695171,调仓换股
603021.SH,2020-07-15,2020-07-17,7.35,6.9,4400,-2048.3099999999968,-6.1224489795918275,调仓换股
603680.SH,2020-07-16,2020-07-17,11.78,11.94,3500,465.9725000000004,1.3582342954159605,调仓换股
002613.SZ,2020-07-17,2020-07-20,4.44,4.88,4600,1973.4919999999975,9.909909909909898,调仓换股
002850.SZ,2020-07-15,2020-07-21,74.5,73.1,300,-469.34250000000173,-1.8791946308724907,第5天未盈利 (-1.9%)
300294.SZ,2020-07-20,2020-07-21,45.4,46.98,500,737.1474999999991,3.480176211453741,调仓换股
600645.SH,2020-07-17,2020-07-22,25.86,26.55,800,504.21000000000106,2.6682134570765714,调仓换股
688116.SH,2020-07-20,2020-07-22,52.9,56.17,400,1257.4470000000013,6.181474480151235,调仓换股
603690.SH,2020-07-20,2020-07-23,47.88,48.5,400,204.19999999999897,1.2949039264828683,调仓换股
300461.SZ,2020-07-21,2020-07-23,18.18,17.9,1800,-576.495000000002,-1.5401540154015463,调仓换股
000969.SZ,2020-07-22,2020-07-23,7.23,7.28,4700,158.01399999999916,0.6915629322268302,调仓换股
000796.SZ,2020-07-21,2020-07-24,17.74,17.04,1100,-812.4879999999993,-3.9458850056369745,调仓换股
603093.SH,2020-07-22,2020-07-24,25.35,23.08,900,-2089.737000000003,-8.954635108481273,调仓换股
600198.SH,2020-07-23,2020-07-24,13.82,12.86,1400,-1385.008000000001,-6.946454413892915,调仓换股
688128.SH,2020-07-23,2020-07-24,23.2,21.31,1100,-2131.7422500000002,-8.146551724137934,调仓换股
300757.SZ,2020-07-24,2020-07-28,44.01,44.25,500,70.218750000001,0.5453306066803044,调仓换股
920344.BJ,2020-07-28,2020-07-29,32.9,36.31,600,1996.9815000000021,10.364741641337398,浮盈10.4%后跌破BBI
000881.SZ,2020-07-24,2020-07-30,9.1,9.08,3700,-149.59099999999842,-0.21978021978021509,第5天未盈利 (-0.2%)
300148.SZ,2020-07-29,2020-07-30,5.12,5.63,4300,2138.5297499999992,9.960937499999996,调仓换股
603633.SH,2020-07-23,2020-07-31,15.6,15.28,1100,-390.6160000000003,-2.051282051282053,调仓换股
000881.SZ,2020-07-30,2020-07-31,9.08,9.23,3600,465.2370000000012,1.6519823788546293,调仓换股
920344.BJ,2020-07-29,2020-08-03,36.31,34.38,500,-1004.38,-5.315340126686862,调仓换股
920405.BJ,2020-07-29,2020-08-04,28.44,25.94,700,-1791.3159999999998,-8.790436005625878,第5天未盈利 (-8.8%)
000030.SZ,2020-07-30,2020-08-04,7.68,7.88,3000,546.8100000000006,2.604166666666669,调仓换股
300123.SZ,2020-07-31,2020-08-04,18.81,19.24,1100,425.3809999999997,2.2860180754917585,调仓换股
000885.SZ,2020-08-03,2020-08-04,12.36,12.84,3200,1443.5520000000015,3.8834951456310716,调仓换股
920179.BJ,2020-08-04,2020-08-05,37.14,44.98,400,3095.0159999999983,21.109316101238544,调仓换股
002295.SZ,2020-07-31,2020-08-06,7.65,7.74,3900,283.0814999999995,1.1764705882352922,调仓换股
300008.SZ,2020-08-05,2020-08-06,4.32,4.44,4900,539.0490000000007,2.77777777777778,调仓换股
002940.SZ,2020-08-06,2020-08-07,59.68,57.8,400,-804.020000000001,-3.1501340482573768,调仓换股
600774.SH,2020-08-04,2020-08-10,13.74,13.46,1900,-589.5414999999987,-2.037845705967972,第5天未盈利 (-2.0%)
000830.SZ,2020-08-04,2020-08-10,11.0,10.36,2800,-1857.2680000000016,-5.818181818181823,第5天未盈利 (-5.8%)
600791.SH,2020-08-04,2020-08-10,5.03,4.92,4500,-544.8150000000014,-2.1868787276342014,第5天未盈利 (-2.2%)
300118.SZ,2020-08-06,2020-08-10,17.0,16.59,1400,-626.2585000000003,-2.4117647058823537,调仓换股
600409.SH,2020-08-07,2020-08-11,5.85,5.71,4700,-718.3832499999985,-2.3931623931623878,调仓换股
600712.SH,2020-08-10,2020-08-11,7.12,6.82,3100,-977.5694999999995,-4.2134831460674125,调仓换股
300584.SZ,2020-08-10,2020-08-12,30.7,31.43,900,593.3542500000003,2.377850162866451,调仓换股
002069.SZ,2020-08-10,2020-08-12,5.09,5.43,3900,1278.3517499999998,6.679764243614929,调仓换股
000830.SZ,2020-08-10,2020-08-13,10.36,10.29,2800,-260.8270000000008,-0.6756756756756785,调仓换股
920946.BJ,2020-08-12,2020-08-13,6.14,6.18,3900,101.77050000000014,0.6514657980456032,调仓换股
002210.SZ,2020-08-12,2020-08-14,2.22,2.21,16200,-242.55450000000374,-0.45045045045046084,调仓换股
002020.SZ,2020-08-14,2020-08-17,12.94,13.09,2500,301.3687500000009,1.159196290571873,调仓换股
600267.SH,2020-08-13,2020-08-18,18.49,18.98,1600,715.6720000000031,2.6500811249324068,调仓换股
300086.SZ,2020-08-13,2020-08-18,6.59,6.85,2600,635.3799999999995,3.945371775417296,调仓换股
600295.SH,2020-08-14,2020-08-18,9.55,9.75,3200,569.7999999999977,2.0942408376963275,调仓换股
920946.BJ,2020-08-14,2020-08-19,6.07,5.93,3800,-582.7015000000022,-2.3064250411861704,调仓换股
600483.SH,2020-08-18,2020-08-19,8.91,8.87,5800,-347.7535000000053,-0.44893378226712594,调仓换股
300123.SZ,2020-08-18,2020-08-19,20.59,19.56,900,-967.2080000000011,-5.002428363283153,调仓换股
300218.SZ,2020-08-17,2020-08-20,10.27,10.25,2500,-107.65624999999893,-0.1947419668938615,调仓换股
920985.BJ,2020-08-18,2020-08-20,5.3,5.28,2100,-69.1759999999991,-0.3773584905660297,调仓换股
002354.SZ,2020-08-19,2020-08-20,3.9,3.95,10900,448.126250000003,1.282051282051289,调仓换股
920729.BJ,2020-08-19,2020-08-20,46.89,47.39,500,196.68625,1.0663254425250588,调仓换股
300536.SZ,2020-08-20,2020-08-21,15.31,16.05,1800,1266.9975000000002,4.833442194644025,调仓换股
000591.SZ,2020-08-19,2020-08-24,4.82,4.57,6000,-1561.6950000000002,-5.186721991701244,调仓换股
603123.SH,2020-08-20,2020-08-24,10.15,10.05,2600,-318.7924999999991,-0.9852216748768439,调仓换股
601607.SH,2020-08-21,2020-08-24,21.71,21.74,1600,-30.26400000000386,0.13818516812527673,调仓换股
603898.SH,2020-08-21,2020-08-25,19.65,19.45,1400,-341.267499999999,-1.017811704834602,调仓换股
688366.SH,2020-08-21,2020-08-25,138.98,138.86,100,-44.77199999999762,-0.08634335875663846,调仓换股
000777.SZ,2020-08-24,2020-08-25,14.71,14.37,1800,-670.1985000000029,-2.311352821210072,调仓换股
002620.SZ,2020-08-24,2020-08-26,6.54,6.38,6200,-1081.0010000000009,-2.4464831804281366,调仓换股
002165.SZ,2020-08-24,2020-08-26,6.52,6.19,3800,-1306.9244999999967,-5.061349693251522,调仓换股
601066.SH,2020-08-25,2020-08-26,52.06,50.66,500,-756.9925000000029,-2.6892047637341636,调仓换股
002664.SZ,2020-08-25,2020-08-27,18.63,18.11,1200,-672.8969999999995,-2.7911969940955426,调仓换股
603396.SH,2020-08-25,2020-08-27,32.5,33.36,700,549.4579999999996,2.6461538461538443,调仓换股
600316.SH,2020-08-26,2020-08-27,33.0,33.48,600,242.80199999999812,1.454545454545445,调仓换股
002190.SZ,2020-08-27,2020-08-31,29.48,31.04,800,1192.1279999999988,5.291723202170958,调仓换股
600761.SH,2020-08-28,2020-08-31,12.5,12.7,2800,479.9899999999979,1.5999999999999945,调仓换股
002043.SZ,2020-08-27,2020-09-01,12.17,12.55,2200,773.8775000000016,3.122432210353334,调仓换股
600166.SH,2020-08-27,2020-09-01,2.6,2.67,9300,595.1302499999985,2.6923076923076863,调仓换股
002283.SZ,2020-08-31,2020-09-01,6.81,6.82,3700,-19.776499999997505,0.14684287812042107,调仓换股
300600.SZ,2020-08-31,2020-09-02,16.34,16.36,1300,-21.853000000000556,0.12239902080783092,调仓换股
601991.SH,2020-09-01,2020-09-02,2.44,2.45,20600,92.44250000000474,0.40983606557377994,调仓换股
000993.SZ,2020-09-02,2020-09-03,6.88,6.91,4100,59.25525000000101,0.43604651162791064,调仓换股
002283.SZ,2020-09-02,2020-09-03,6.67,6.43,3900,-992.4232500000008,-3.598200899550228,调仓换股
000505.SZ,2020-09-01,2020-09-04,11.29,10.67,2200,-1416.816499999998,-5.491585473870676,调仓换股
600726.SH,2020-09-01,2020-09-07,2.53,2.31,9500,-2139.376249999998,-8.695652173913034,第5天未盈利 (-8.7%)
603488.SH,2020-09-04,2020-09-08,10.77,10.46,1900,-633.7479999999977,-2.878365831012059,调仓换股
600726.SH,2020-09-07,2020-09-08,2.31,2.54,11000,2467.1349999999998,9.956709956709956,调仓换股
920726.BJ,2020-09-08,2020-09-09,18.04,18.05,1200,-36.734999999998124,0.0554323725055519,调仓换股
603787.SH,2020-09-08,2020-09-10,25.13,23.85,1000,-1333.6624999999974,-5.093513728611213,调仓换股
603416.SH,2020-09-09,2020-09-14,70.88,75.62,300,1370.956500000003,6.687358916478568,调仓换股
603758.SH,2020-09-10,2020-09-14,9.79,11.26,2400,3467.1960000000017,15.015321756894798,调仓换股
002294.SZ,2020-09-14,2020-09-16,36.07,35.46,900,-620.8064999999996,-1.6911560853895187,调仓换股
002315.SZ,2020-09-14,2020-09-17,20.04,19.73,1100,-389.8317499999985,-1.546906187624744,调仓换股
002538.SZ,2020-09-16,2020-09-18,6.18,6.26,5800,382.3070000000004,1.294498381877024,调仓换股
603536.SH,2020-09-17,2020-09-18,16.65,17.82,1500,1694.8575000000026,7.027027027027039,调仓换股
920407.BJ,2020-08-28,2020-09-21,6.02,6.65,2100,1290.0700000000018,10.46511627906978,浮盈10.5%后跌破BBI
300287.SZ,2020-09-18,2020-09-21,5.78,5.81,3300,55.65399999999789,0.5190311418685011,调仓换股
300491.SZ,2020-09-18,2020-09-21,15.89,16.24,1000,312.5199999999978,2.202643171806154,调仓换股
300311.SZ,2020-09-18,2020-09-22,8.43,7.96,2400,-1171.2079999999994,-5.5753262158956085,调仓换股
601566.SH,2020-09-21,2020-09-22,11.48,11.7,3000,581.0249999999966,1.9163763066201993,调仓换股
002538.SZ,2020-09-21,2020-09-22,6.14,6.07,5700,-476.8477499999965,-1.1400651465797949,调仓换股
002471.SZ,2020-09-18,2020-09-23,2.53,2.5,12100,-431.0624999999976,-1.1857707509881346,调仓换股
002250.SZ,2020-09-22,2020-09-23,26.15,26.22,1400,15.407000000000409,0.2676864244741885,调仓换股
600157.SH,2020-09-21,2020-09-24,1.55,1.43,21700,-2673.8197500000024,-7.741935483870975,调仓换股
300432.SZ,2020-09-23,2020-09-24,10.14,9.52,2200,-1411.1240000000023,-6.11439842209074,调仓换股
601717.SH,2020-09-23,2020-09-28,9.3,9.22,3200,-322.38400000000024,-0.8602150537634415,调仓换股
300665.SZ,2020-09-24,2020-09-28,11.81,11.48,2700,-960.7410000000002,-2.7942421676545304,调仓换股
300185.SZ,2020-09-28,2020-09-29,4.39,4.58,3100,555.6040000000013,4.328018223234634,调仓换股
300269.SZ,2020-09-28,2020-09-29,4.61,4.65,3100,90.1700000000001,0.8676789587852501,调仓换股
300569.SZ,2020-09-29,2020-09-30,17.56,17.86,900,232.8520000000006,1.7084282460136717,调仓换股
300466.SZ,2020-10-09,2020-10-12,7.22,7.68,2400,1062.136,6.3711911357340725,调仓换股
300128.SZ,2020-10-09,2020-10-13,4.86,5.16,3800,1095.7839999999994,6.172839506172836,调仓换股
002819.SZ,2020-10-12,2020-10-13,35.21,36.8,700,1055.0399999999975,4.515762567452418,调仓换股
300405.SZ,2020-09-29,2020-10-14,10.82,12.4,1500,2327.8,14.602587800369687,调仓换股
920407.BJ,2020-09-24,2020-10-15,6.5,7.0,2700,1307.1999999999998,7.6923076923076925,调仓换股
600861.SH,2020-10-13,2020-10-15,19.35,19.62,1500,338.78249999999935,1.3953488372093001,调仓换股
000548.SZ,2020-10-14,2020-10-16,4.41,4.33,6900,-619.2232500000003,-1.8140589569161012,调仓换股
002938.SZ,2020-10-15,2020-10-19,53.5,54.11,500,244.1262499999997,1.1401869158878495,调仓换股
300033.SZ,2020-10-19,2020-10-20,157.02,158.46,200,216.69299999999953,0.9170806266717602,调仓换股
002931.SZ,2020-10-16,2020-10-22,20.9,20.98,900,29.236000000001656,0.38277511961723376,调仓换股
002285.SZ,2020-10-19,2020-10-23,6.18,5.4,3500,-2772.799999999998,-12.621359223300962,第5天未盈利 (-12.6%)
601968.SH,2020-10-21,2020-10-23,7.79,7.31,4600,-2283.6585000000023,-6.161745827984601,放量阴线
600537.SH,2020-10-22,2020-10-26,4.41,4.53,6000,658.8450000000008,2.721088435374152,调仓换股
920478.BJ,2020-09-30,2020-10-27,20.87,41.0,2100,42079.275,96.45424053665548,调仓换股
000880.SZ,2020-10-27,2020-10-28,10.7,10.54,2800,-514.4020000000004,-1.4953271028037398,调仓换股
920556.BJ,2020-10-26,2020-10-30,9.45,8.99,5300,-2545.205749999995,-4.867724867724858,第5天未盈利 (-4.9%)
300537.SZ,2020-10-28,2020-10-30,22.7,20.91,900,-1653.6379999999992,-7.885462555066076,调仓换股
603380.SH,2020-10-30,2020-11-02,24.56,24.75,1300,174.60625000000164,0.7736156351791584,调仓换股
920556.BJ,2020-10-30,2020-11-04,8.99,9.03,6200,122.03149999999474,0.4449388209121151,调仓换股
920378.BJ,2020-10-13,2020-11-05,2.12,2.1,17100,-422.79750000000035,-0.9433962264150951,调仓换股
300727.SZ,2020-11-02,2020-11-06,22.99,22.5,900,-486.5624999999986,-2.131361461504995,第5天未盈利 (-2.1%)
920167.BJ,2020-11-03,2020-11-06,26.25,27.19,800,703.0580000000011,3.580952380952386,调仓换股
300591.SZ,2020-11-03,2020-11-09,10.8,10.08,1400,-1041.224000000001,-6.666666666666672,第5天未盈利 (-6.7%)
300518.SZ,2020-11-05,2020-11-09,46.2,47.6,400,516.9199999999995,3.0303030303030267,调仓换股
300727.SZ,2020-11-06,2020-11-09,22.5,24.87,900,2082.6382500000013,10.533333333333337,调仓换股
300419.SZ,2020-11-04,2020-11-10,11.13,11.6,1300,575.8399999999984,4.222821203953269,调仓换股
300385.SZ,2020-11-09,2020-11-10,10.81,11.04,2200,451.351999999997,2.1276595744680726,调仓换股
920378.BJ,2020-11-09,2020-11-10,2.08,2.1,27100,413.95250000000044,0.9615384615384623,调仓换股
300435.SZ,2020-11-10,2020-11-11,15.3,15.26,1300,-96.67600000000121,-0.26143790849673804,调仓换股
300444.SZ,2020-11-06,2020-11-12,7.03,6.21,2400,-2002.8080000000007,-11.664295874822194,第5天未盈利 (-11.7%)
300539.SZ,2020-11-09,2020-11-12,10.35,9.47,1900,-1712.985999999998,-8.50241545893719,调仓换股
300179.SZ,2020-11-10,2020-11-12,8.72,8.84,1900,189.40799999999854,1.3761467889908165,调仓换股
300100.SZ,2020-11-10,2020-11-12,14.2,14.31,1000,76.3800000000012,0.7746478873239522,调仓换股
300444.SZ,2020-11-12,2020-11-13,6.21,6.19,2600,-89.18799999999888,-0.3220611916264022,调仓换股
300385.SZ,2020-11-12,2020-11-13,10.18,9.92,2200,-621.1039999999995,-2.5540275049115895,调仓换股
002139.SZ,2020-11-12,2020-11-13,8.31,8.61,3700,1038.3217499999962,3.6101083032490844,调仓换股
300589.SZ,2020-11-11,2020-11-17,30.78,27.9,400,-1179.320000000001,-9.356725146198839,第5天未盈利 (-9.4%)
300720.SZ,2020-11-12,2020-11-17,25.85,25.1,800,-645.1800000000001,-2.9013539651837523,调仓换股
000985.SZ,2020-11-13,2020-11-17,17.63,15.67,1600,-3192.411999999999,-11.117413499716386,调仓换股
300160.SZ,2020-11-16,2020-11-17,9.44,9.23,2400,-553.8419999999978,-2.224576271186431,调仓换股
300589.SZ,2020-11-17,2020-11-18,27.9,28.31,500,171.69000000000005,1.469534050179212,调仓换股
300565.SZ,2020-11-17,2020-11-18,16.42,17.3,1200,1009.2899999999988,5.359317904993903,调仓换股
603195.SH,2020-11-18,2020-11-19,187.91,189.17,200,166.87349999999816,0.6705337661646484,调仓换股
002607.SZ,2020-11-18,2020-11-19,38.5,38.52,900,-60.002999999997186,0.05194805194806007,调仓换股
002524.SZ,2020-11-16,2020-11-20,15.1,14.58,1800,-995.0489999999993,-3.4437086092715203,第5天未盈利 (-3.4%)
300035.SZ,2020-11-17,2020-11-20,11.38,11.18,2100,-472.82550000000225,-1.757469244288234,调仓换股
600660.SH,2020-11-19,2020-11-20,40.25,40.93,800,470.3259999999997,1.6894409937888193,调仓换股
300656.SZ,2020-11-17,2020-11-23,34.78,33.5,400,-543.8000000000004,-3.6802760207015552,第5天未盈利 (-3.7%)
600563.SH,2020-11-19,2020-11-23,92.88,95.23,300,640.7197500000026,2.530146425495272,调仓换股
002524.SZ,2020-11-20,2020-11-23,14.58,14.13,2000,-963.5849999999987,-3.086419753086415,调仓换股
300450.SZ,2020-11-20,2020-11-23,65.2,66.45,500,550.24375,1.9171779141104295,调仓换股
300661.SZ,2020-11-20,2020-11-23,292.46,288.3,100,-480.86749999999677,-1.4224167407508612,调仓换股
603533.SH,2020-11-23,2020-11-24,45.35,41.49,500,-1976.6762499999995,-8.511576626240352,放量阴线
300138.SZ,2020-11-23,2020-11-24,16.79,17.03,1800,363.0285000000036,1.4294222751638,调仓换股
000922.SZ,2020-11-24,2020-11-25,7.81,7.77,6300,-362.1397500000003,-0.5121638924455831,调仓换股
300656.SZ,2020-11-23,2020-11-26,33.5,33.65,500,36.349999999999284,0.44776119402984654,调仓换股
002970.SZ,2020-11-23,2020-11-27,66.3,59.5,500,-3466.9374999999986,-10.256410256410252,ATR止损 (ATR=3.35)
600835.SH,2020-11-23,2020-11-27,20.7,19.93,2000,-1629.6849999999988,-3.7198067632850225,第5天未盈利 (-3.7%)
300450.SZ,2020-11-25,2020-11-27,63.3,63.26,500,-91.16749999999956,-0.06319115323854527,调仓换股
600203.SH,2020-11-26,2020-11-27,9.28,9.21,2900,-263.0952499999957,-0.7543103448275702,调仓换股
603533.SH,2020-11-24,2020-11-30,41.49,39.17,500,-1204.1700000000003,-5.591708845504941,第5天未盈利 (-5.6%)
603920.SH,2020-11-27,2020-12-01,30.62,31.52,1100,911.9879999999984,2.9392553886348742,调仓换股
300747.SZ,2020-11-27,2020-12-01,80.7,81.21,400,130.91099999999636,0.631970260223037,调仓换股
603533.SH,2020-11-30,2020-12-01,39.17,40.57,500,654.3587499999994,3.5741639009445962,调仓换股
002172.SZ,2020-11-27,2020-12-02,2.97,2.92,8700,-492.1590000000023,-1.6835016835016925,调仓换股
002163.SZ,2020-12-01,2020-12-02,20.3,20.32,1600,-41.15200000000068,0.09852216748768262,调仓换股
600810.SH,2020-11-27,2020-12-03,10.36,9.93,2900,-1311.793249999999,-4.150579150579148,第5天未盈利 (-4.2%)
002173.SZ,2020-12-01,2020-12-03,7.09,6.91,6100,-1192.8397499999983,-2.538787023977429,调仓换股
002105.SZ,2020-12-02,2020-12-03,8.62,8.64,3700,2.0720000000049907,0.2320185614849345,调仓换股
603799.SH,2020-12-03,2020-12-04,50.68,53.64,600,1703.5860000000005,5.8405682715075,调仓换股
920639.BJ,2020-12-01,2020-12-07,3.7,4.9,5100,6063.772500000001,32.432432432432435,调仓换股
600616.SH,2020-12-02,2020-12-07,6.32,6.57,3600,846.7829999999999,3.9556962025316453,调仓换股
600810.SH,2020-12-03,2020-12-07,9.93,9.96,3300,25.04700000000375,0.3021148036253891,调仓换股
688599.SH,2020-12-04,2020-12-08,19.85,20.39,1300,642.359249999999,2.7204030226700207,调仓换股
603900.SH,2020-12-07,2020-12-08,9.32,9.09,4300,-1076.945750000002,-2.4678111587982876,调仓换股
002408.SZ,2020-12-07,2020-12-08,9.0,9.06,4200,166.3830000000021,0.6666666666666722,调仓换股
002068.SZ,2020-12-03,2020-12-09,6.34,6.19,4000,-655.7099999999979,-2.3659305993690767,第5天未盈利 (-2.4%)
603113.SH,2020-12-07,2020-12-09,14.42,14.58,2700,343.42650000000043,1.1095700416088776,调仓换股
002682.SZ,2020-12-08,2020-12-09,4.36,4.42,8800,440.4839999999965,1.3761467889908165,调仓换股
002068.SZ,2020-12-09,2020-12-10,6.19,6.21,4900,29.5347499999979,0.3231017770597669,调仓换股
300713.SZ,2020-12-09,2020-12-11,27.04,26.84,700,-182.5759999999995,-0.7396449704141985,调仓换股
601166.SH,2020-12-11,2020-12-14,20.12,20.53,2800,1018.6610000000004,2.037773359840955,调仓换股
600733.SH,2020-12-09,2020-12-15,8.17,8.5,2900,901.5375000000003,4.039167686658508,调仓换股
002510.SZ,2020-12-10,2020-12-15,5.1,5.33,5800,1264.4435000000026,4.509803921568636,调仓换股
600497.SH,2020-12-14,2020-12-16,4.41,4.32,8900,-887.5079999999987,-2.040816326530609,调仓换股
920278.BJ,2020-12-15,2020-12-16,13.1,13.57,2800,1230.5090000000016,3.5877862595419896,调仓换股
600817.SH,2020-12-17,2020-12-18,14.62,15.28,2700,1689.1740000000002,4.514363885088921,调仓换股
002675.SZ,2020-12-17,2020-12-18,24.17,22.25,1900,-3743.1187500000033,-7.943731899048413,ATR止损 (ATR=0.91)
000157.SZ,2020-12-16,2020-12-21,9.43,9.5,4400,213.95000000000124,0.7423117709437994,调仓换股
300121.SZ,2020-12-18,2020-12-21,11.72,12.0,2200,556.5999999999987,2.3890784982935096,调仓换股
300600.SZ,2020-12-15,2020-12-22,22.64,23.01,1100,350.05025000000114,1.6342756183745626,调仓换股
600746.SH,2020-12-16,2020-12-22,7.08,6.72,3300,-1237.896000000001,-5.084745762711869,第5天未盈利 (-5.1%)
002859.SZ,2020-12-18,2020-12-22,26.79,26.2,1900,-1233.0049999999997,-2.2023142963792455,调仓换股
600746.SH,2020-12-22,2020-12-23,6.72,6.69,3800,-171.19949999999758,-0.44642857142856196,调仓换股
300121.SZ,2020-12-22,2020-12-23,11.49,11.4,2500,-289.12499999999966,-0.7832898172323747,调仓换股
603629.SH,2020-12-22,2020-12-24,34.22,33.3,1100,-1094.417500000002,-2.6884862653419104,调仓换股
002702.SZ,2020-12-23,2020-12-24,9.18,8.46,4000,-2956.139999999996,-7.843137254901948,调仓换股
300600.SZ,2020-12-24,2020-12-25,20.5,21.49,1300,1224.1417499999982,4.82926829268292,调仓换股
688099.SH,2020-12-25,2020-12-28,73.2,72.6,500,-381.6750000000043,-0.8196721311475527,调仓换股
000739.SZ,2020-12-25,2020-12-28,22.44,22.85,1500,537.8812500000003,1.8270944741532982,调仓换股
688008.SH,2020-12-23,2020-12-29,86.0,81.64,500,-2271.845,-5.069767441860464,第5天未盈利 (-5.1%)
603290.SH,2020-12-24,2020-12-29,254.68,249.35,100,-589.1037500000011,-2.092822365321192,调仓换股
920278.BJ,2020-12-25,2020-12-29,12.93,12.45,2700,-1371.633750000001,-3.712296983758704,放量阴线
002360.SZ,2020-12-28,2020-12-29,7.05,7.65,4500,2622.543750000002,8.51063829787235,调仓换股
300037.SZ,2020-12-29,2020-12-30,96.8,99.32,200,459.27199999999925,2.603305785123963,调仓换股
688008.SH,2020-12-29,2020-12-31,81.64,82.88,500,526.7599999999975,1.5188633023027864,调仓换股
603690.SH,2020-12-30,2020-12-31,38.31,39.32,800,737.2239999999983,2.636387366222913,调仓换股
920523.BJ,2020-12-28,2021-01-04,10.97,10.9,1600,-151.88000000000045,-0.638103919781224,第5天未盈利 (-0.6%)
000898.SZ,2020-12-30,2021-01-04,3.06,3.07,17300,53.5002499999963,0.32679738562090804,调仓换股
920419.BJ,2021-01-04,2021-01-05,9.47,9.21,4900,-1375.5402499999987,-2.745512143611402,放量阴线
300081.SZ,2021-01-04,2021-01-06,9.01,8.62,4800,-1965.0960000000027,-4.328523862375145,调仓换股
603680.SH,2021-01-07,2021-01-08,12.59,12.13,2900,-1413.148249999997,-3.653693407466236,调仓换股
600780.SH,2021-01-07,2021-01-08,3.42,3.42,11300,-86.9535,0.0,调仓换股
601015.SH,2021-01-06,2021-01-11,4.12,3.74,4900,-1903.6519999999996,-9.223300970873783,调仓换股
000993.SZ,2021-01-07,2021-01-11,6.93,6.25,3400,-2359.812499999999,-9.81240981240981,调仓换股
600819.SH,2021-01-06,2021-01-12,5.78,5.32,4600,-2171.0620000000004,-7.9584775086505175,第5天未盈利 (-8.0%)
688005.SH,2021-01-08,2021-01-12,45.43,48.89,400,1339.8880000000004,7.616112700858466,调仓换股
688598.SH,2021-01-11,2021-01-12,187.0,199.99,100,1254.0020000000009,6.946524064171128,调仓换股
600537.SH,2021-01-08,2021-01-13,4.9,4.54,5200,-1925.1180000000015,-7.3469387755102105,调仓换股
000927.SZ,2021-01-12,2021-01-14,4.77,4.74,4000,-162.91999999999746,-0.6289308176100495,调仓换股
688567.SH,2021-01-11,2021-01-15,38.4,37.8,400,-275.2400000000006,-1.5625000000000038,第5天未盈利 (-1.6%)
600381.SH,2021-01-12,2021-01-18,7.5,6.99,2500,-1314.9499999999994,-6.799999999999998,第5天未盈利 (-6.8%)
688598.SH,2021-01-13,2021-01-18,183.98,182.5,100,-189.49999999999898,-0.8044352647026796,调仓换股
688567.SH,2021-01-15,2021-01-18,37.8,38.16,400,108.47199999999978,0.9523809523809509,调仓换股
920876.BJ,2021-01-12,2021-01-19,3.53,3.68,9700,1374.6840000000036,4.24929178470256,调仓换股
600381.SH,2021-01-18,2021-01-19,6.99,7.69,2800,1911.5530000000006,10.01430615164521,调仓换股
002714.SZ,2021-01-18,2021-01-19,83.44,82.09,400,-613.8809999999977,-1.61792905081495,调仓换股
603025.SH,2021-01-14,2021-01-20,22.36,22.37,700,-29.317999999998907,0.04472271914133079,调仓换股
002497.SZ,2021-01-18,2021-01-20,25.2,26.65,800,1112.0299999999997,5.753968253968251,调仓换股
002202.SZ,2021-01-19,2021-01-20,14.35,15.1,2000,1432.05,5.2264808362369335,调仓换股
600732.SH,2021-01-20,2021-01-21,16.77,18.43,1700,2751.50525,9.898628503279667,调仓换股
002511.SZ,2021-01-20,2021-01-21,23.88,24.26,1600,520.6640000000041,1.5912897822445669,调仓换股
000626.SZ,2021-01-19,2021-01-22,13.01,13.51,2300,1080.0857499999997,3.843197540353574,调仓换股
300618.SZ,2021-01-19,2021-01-22,99.98,107.31,200,1417.7104999999995,7.33146629325865,调仓换股
002714.SZ,2021-01-20,2021-01-22,82.55,81.99,400,-297.7910000000009,-0.67837674136887,调仓换股
600072.SH,2021-01-22,2021-01-25,13.17,13.15,2600,-128.92749999999887,-0.15186028853454497,调仓换股
300221.SZ,2021-01-25,2021-01-26,8.77,9.12,1800,592.1679999999992,3.9908779931584912,调仓换股
300721.SZ,2021-01-25,2021-01-26,34.29,32.6,900,-1587.0149999999978,-4.92855059784193,调仓换股
300762.SZ,2021-01-22,2021-01-27,54.0,48.9,500,-2605.0125000000007,-9.444444444444446,调仓换股
300115.SZ,2021-01-25,2021-01-27,28.7,28.25,1000,-513.5624999999993,-1.5679442508710777,调仓换股
600793.SH,2021-01-27,2021-01-29,15.81,14.35,1600,-2387.660000000001,-9.23466160657812,放量阴线
002324.SZ,2021-01-27,2021-01-29,18.66,18.27,1900,-819.1042500000011,-2.090032154340839,调仓换股
600827.SH,2021-01-29,2021-02-01,17.47,18.12,1700,1035.6910000000034,3.720663995420734,调仓换股
002497.SZ,2021-02-01,2021-02-02,21.6,22.72,900,961.9919999999978,5.185185185185174,调仓换股
600793.SH,2021-01-29,2021-02-03,14.35,15.16,1400,1086.2460000000008,5.644599303135892,调仓换股
920808.BJ,2021-02-02,2021-02-03,49.97,49.3,700,-546.6475000000012,-1.3408044826896173,放量阴线
920808.BJ,2021-02-03,2021-02-04,49.3,49.5,700,62.03750000000199,0.40567951318459,调仓换股
300001.SZ,2021-02-03,2021-02-04,34.8,34.15,600,-436.10249999999917,-1.867816091954019,调仓换股
300496.SZ,2021-02-04,2021-02-08,141.05,143.5,200,425.42499999999774,1.736972704714632,调仓换股
002236.SZ,2021-02-08,2021-02-09,22.03,23.1,1100,1119.8275,4.857013163867455,调仓换股
688598.SH,2021-02-04,2021-02-10,216.0,208.92,100,-755.0070000000013,-3.2777777777777835,第5天未盈利 (-3.3%)
920167.BJ,2021-02-08,2021-02-10,32.7,35.17,800,1912.693999999999,7.553516819571861,调仓换股
600794.SH,2021-02-10,2021-02-18,3.32,3.39,16000,997.9600000000046,2.1084337349397675,调仓换股
688005.SH,2021-02-08,2021-02-19,66.98,64.8,200,-466.9200000000013,-3.2547028963869913,第5天未盈利 (-3.3%)
688155.SH,2021-02-18,2021-02-19,86.4,99.12,200,2499.352,14.72222222222222,调仓换股
000633.SZ,2021-02-09,2021-02-22,6.44,6.48,2600,65.30400000000009,0.6211180124223608,调仓换股
600576.SH,2021-02-19,2021-02-22,3.7,3.68,6100,-172.50800000000012,-0.540540540540541,调仓换股
688598.SH,2021-02-10,2021-02-23,208.92,188.1,100,-2124.619999999999,-9.965537047673747,第5天未盈利 (-10.0%)
002294.SZ,2021-02-22,2021-02-23,35.27,38.8,1000,3442.699999999994,10.008505812305057,调仓换股
688005.SH,2021-02-19,2021-02-24,64.8,58.48,200,-1292.3919999999998,-9.753086419753087,调仓换股
002216.SZ,2021-02-22,2021-02-24,28.0,27.23,900,-748.1407499999996,-2.7499999999999987,调仓换股
300737.SZ,2021-02-23,2021-02-24,24.37,23.89,1100,-587.1277500000004,-1.9696347968814132,调仓换股
603127.SH,2021-02-23,2021-02-25,144.0,141.19,100,-314.2380000000003,-1.9513888888888904,调仓换股
000403.SZ,2021-02-24,2021-02-25,40.9,39.69,700,-909.5117500000006,-2.958435207823963,调仓换股
300033.SZ,2021-02-25,2021-02-26,138.88,134.59,200,-918.5654999999985,-3.088997695852529,调仓换股
600055.SH,2021-02-25,2021-03-01,12.46,12.6,2400,267.9599999999971,1.1235955056179678,调仓换股
600315.SH,2021-02-26,2021-03-04,45.98,46.17,700,60.28225000000337,0.41322314049587827,调仓换股
688099.SH,2021-03-03,2021-03-04,87.76,86.35,300,-481.2862500000032,-1.606654512306302,调仓换股
920522.BJ,2021-03-01,2021-03-05,3.01,3.0,15600,-261.29999999999666,-0.3322259136212554,第5天未盈利 (-0.3%)
000703.SZ,2021-03-03,2021-03-08,17.24,17.08,1400,-277.8020000000002,-0.928074245939676,调仓换股
601949.SH,2021-03-08,2021-03-09,7.18,6.72,3900,-1852.9679999999998,-6.406685236768802,调仓换股
000960.SZ,2021-03-05,2021-03-10,14.16,13.31,1800,-1583.9054999999994,-6.00282485875706,调仓换股
002312.SZ,2021-03-09,2021-03-10,7.21,7.12,3700,-392.2739999999995,-1.2482662968099842,调仓换股
920522.BJ,2021-03-10,2021-03-12,2.98,3.0,22400,296.8000000000004,0.671140939597316,调仓换股
300233.SZ,2021-03-10,2021-03-15,23.82,24.08,1000,205.81999999999798,1.0915197313182115,调仓换股
920522.BJ,2021-03-15,2021-03-16,2.94,2.98,23700,789.0915000000008,1.360544217687076,调仓换股
920675.BJ,2021-03-16,2021-03-18,13.0,13.2,2100,357.6299999999985,1.538461538461533,调仓换股
603725.SH,2021-03-12,2021-03-19,8.45,8.69,3700,815.6557500000008,2.840236686390535,调仓换股
688389.SH,2021-03-18,2021-03-23,24.66,23.47,1200,-1491.3690000000015,-4.825628548256291,调仓换股
300592.SZ,2021-03-19,2021-03-24,19.08,17.9,1500,-1830.4124999999995,-6.184486373165617,调仓换股
000766.SZ,2021-03-23,2021-03-24,3.78,3.79,9400,13.841500000002185,0.2645502645502707,调仓换股
300146.SZ,2021-03-24,2021-03-25,26.9,27.43,1800,842.908500000002,1.9702602230483317,调仓换股
000933.SZ,2021-03-24,2021-03-25,8.84,9.1,2100,502.7799999999995,2.941176470588233,调仓换股
920675.BJ,2021-03-25,2021-03-29,11.27,11.87,2400,1375.901999999999,5.323868677905942,调仓换股
600516.SH,2021-03-26,2021-03-29,8.33,8.43,2400,194.47799999999916,1.2004801920768264,调仓换股
603028.SH,2021-03-25,2021-03-30,11.86,11.8,4200,-363.50999999999465,-0.5059021922428223,调仓换股
000612.SZ,2021-03-26,2021-03-30,8.55,8.49,2100,-166.65800000000107,-0.701754385964918,调仓换股
603380.SH,2021-03-29,2021-03-31,22.07,22.35,1400,321.59750000000156,1.268690530131405,调仓换股
603089.SH,2021-03-30,2021-03-31,9.61,8.99,2500,-1600.5687499999979,-6.451612903225799,放量阴线
600039.SH,2021-03-29,2021-04-01,6.16,6.38,5400,1110.4829999999986,3.571428571428567,调仓换股
920267.BJ,2021-03-30,2021-04-01,19.77,22.88,700,2139.9679999999994,15.730905412240768,调仓换股
600481.SH,2021-04-01,2021-04-02,4.71,4.56,4800,-769.2480000000018,-3.184713375796186,调仓换股
000045.SZ,2021-04-01,2021-04-02,8.02,8.29,4400,1105.9289999999985,3.366583541147127,调仓换股
002996.SZ,2021-03-31,2021-04-06,22.4,23.98,800,1220.6320000000014,7.053571428571437,调仓换股
002366.SZ,2021-04-02,2021-04-06,4.04,4.2,3700,555.9200000000006,3.960396039603964,调仓换股
300140.SZ,2021-03-31,2021-04-07,6.85,6.82,2700,-122.82799999999827,-0.43795620437955274,第5天未盈利 (-0.4%)
002266.SZ,2021-04-06,2021-04-07,5.56,5.76,7300,1365.3920000000014,3.5971223021582768,调仓换股
601886.SH,2021-04-06,2021-04-08,7.29,7.3,5000,-32.125000000001066,0.1371742112482824,调仓换股
300795.SZ,2021-04-02,2021-04-09,22.67,23.45,1200,872.6849999999971,3.4406704896338667,调仓换股
002823.SZ,2021-04-07,2021-04-09,10.37,10.43,4600,168.04950000000224,0.5785920925747396,调仓换股
000565.SZ,2021-04-07,2021-04-12,5.49,5.77,4500,1201.5787499999972,5.100182149362465,调仓换股
603778.SH,2021-04-08,2021-04-14,5.31,4.99,3600,-1192.9279999999976,-6.026365348399236,第5天未盈利 (-6.0%)
600850.SH,2021-04-12,2021-04-14,27.38,27.39,1800,-92.92949999999718,0.036523009495988176,调仓换股
600578.SH,2021-04-14,2021-04-15,3.39,3.28,8300,-974.2540000000027,-3.2448377581121033,调仓换股
000565.SZ,2021-04-15,2021-04-16,5.24,5.37,5000,589.5874999999994,2.480916030534349,调仓换股
603778.SH,2021-04-16,2021-04-19,4.81,4.85,4800,139.62000000000018,0.8316008316008323,调仓换股
600540.SH,2021-04-14,2021-04-20,5.83,5.6,4200,-1018.9200000000018,-3.9451114922813106,第5天未盈利 (-3.9%)
600578.SH,2021-04-19,2021-04-20,3.3,3.34,8500,276.1225000000003,1.2121212121212133,调仓换股
300521.SZ,2021-04-19,2021-04-21,19.28,19.18,1800,-257.6790000000026,-0.5186721991701319,调仓换股
600540.SH,2021-04-20,2021-04-21,5.6,5.59,4200,-94.82549999999912,-0.17857142857142477,调仓换股
000608.SZ,2021-04-20,2021-04-22,3.66,3.61,7300,-424.29425000000197,-1.3661202185792423,调仓换股
001896.SZ,2021-04-19,2021-04-23,8.42,8.4,2200,-85.95999999999907,-0.23752969121139636,第5天未盈利 (-0.2%)
600012.SH,2021-04-21,2021-04-26,7.22,7.11,6700,-844.1832499999962,-1.5235457063711833,调仓换股
920445.BJ,2021-04-22,2021-04-26,11.6,11.99,3400,1234.2765000000018,3.362068965517247,调仓换股
601798.SH,2021-04-23,2021-04-26,6.25,5.86,3300,-1330.6759999999988,-6.239999999999995,调仓换股
000993.SZ,2021-04-21,2021-04-27,7.73,7.23,2200,-1136.812,-6.468305304010349,第5天未盈利 (-6.5%)
600787.SH,2021-04-27,2021-04-29,5.38,5.39,8700,-18.509250000001856,0.18587360594795144,调仓换股
603032.SH,2021-04-28,2021-04-29,11.41,10.84,1900,-1129.3410000000003,-4.995617879053464,调仓换股
002348.SZ,2021-04-26,2021-04-30,2.36,2.26,6800,-715.7360000000007,-4.237288135593224,第5天未盈利 (-4.2%)
603721.SH,2021-04-28,2021-04-30,13.58,14.39,1400,1088.6715000000008,5.964653902798236,调仓换股
002490.SZ,2021-04-29,2021-04-30,3.86,3.88,8500,95.79500000000014,0.5181347150259072,调仓换股
002369.SZ,2021-04-29,2021-04-30,5.43,5.48,5900,222.2530000000042,0.9208103130755195,调仓换股
002348.SZ,2021-04-30,2021-05-06,2.26,2.34,7100,529.7720000000004,3.539823008849561,调仓换股
002786.SZ,2021-04-30,2021-05-07,6.41,6.18,2900,-707.8440000000013,-3.588143525741036,调仓换股
300679.SZ,2021-05-06,2021-05-10,41.39,40.45,900,-927.911249999998,-2.2710799710074845,调仓换股
920509.BJ,2021-05-07,2021-05-10,7.9,8.03,6600,738.7544999999934,1.6455696202531518,调仓换股
300671.SZ,2021-05-10,2021-05-12,48.28,58.5,600,6053.024999999999,21.16818558409279,调仓换股
300783.SZ,2021-05-10,2021-05-13,51.0,49.0,500,-1055.125,-3.9215686274509802,调仓换股
920300.BJ,2021-05-12,2021-05-13,5.51,5.04,7400,-3561.915999999998,-8.529945553539015,放量阴线
920278.BJ,2021-05-12,2021-05-17,16.36,17.15,2200,1653.1074999999983,4.828850855745716,调仓换股
300783.SZ,2021-05-14,2021-05-17,49.4,50.76,500,622.8949999999998,2.7530364372469625,调仓换股
688357.SH,2021-05-12,2021-05-18,81.78,80.15,300,-543.1012499999986,-1.9931523599902121,第5天未盈利 (-2.0%)
002636.SZ,2021-05-14,2021-05-18,13.52,13.25,1800,-539.6624999999992,-1.9970414201183402,调仓换股
688357.SH,2021-05-18,2021-05-19,80.15,78.0,300,-697.6500000000017,-2.682470368059895,调仓换股
002724.SZ,2021-05-17,2021-05-20,10.72,10.6,3300,-474.70500000000334,-1.119402985074636,调仓换股
600623.SH,2021-05-18,2021-05-20,8.45,7.96,3800,-1930.0579999999975,-5.79881656804733,调仓换股
601339.SH,2021-05-17,2021-05-21,5.77,5.49,6600,-1929.5264999999956,-4.85268630849219,第5天未盈利 (-4.9%)
600808.SH,2021-05-19,2021-05-21,4.06,3.86,8200,-1711.2169999999978,-4.92610837438423,调仓换股
002177.SZ,2021-05-20,2021-05-24,8.26,8.78,2100,1050.123999999999,6.295399515738493,调仓换股
002390.SZ,2021-05-21,2021-05-24,10.2,10.79,3300,1866.8842499999996,5.784313725490195,调仓换股
000825.SZ,2021-05-20,2021-05-25,6.44,6.69,3500,822.3162500000001,3.881987577639751,调仓换股
300421.SZ,2021-05-24,2021-05-25,13.05,13.35,2400,647.9099999999976,2.2988505747126355,调仓换股
601339.SH,2021-05-21,2021-05-26,5.49,5.45,7200,-376.29000000000025,-0.7285974499089259,调仓换股
600569.SH,2021-05-24,2021-05-26,3.36,3.37,5700,13.582000000001319,0.2976190476190545,调仓换股
300475.SZ,2021-05-25,2021-05-26,16.8,17.29,2300,1037.5242499999963,2.916666666666657,调仓换股
300809.SZ,2021-05-26,2021-05-27,21.06,22.2,1400,1526.070000000001,5.4131054131054155,调仓换股
002175.SZ,2021-05-26,2021-05-28,1.85,2.04,14000,2595.7399999999993,10.270270270270267,调仓换股
603277.SH,2021-05-26,2021-05-31,21.48,22.8,1400,1776.1800000000003,6.145251396648046,调仓换股
000062.SZ,2021-05-27,2021-06-01,15.76,16.46,1700,1127.0405000000019,4.441624365482241,调仓换股
920491.BJ,2021-05-28,2021-06-01,7.3,7.7,2800,1071.490000000001,5.479452054794526,调仓换股
920523.BJ,2021-01-21,2021-06-03,11.97,14.0,500,995.9999999999997,16.959064327485372,调仓换股
600007.SH,2021-05-31,2021-06-03,22.2,19.61,1100,-2897.53475,-11.666666666666666,调仓换股
600037.SH,2021-06-01,2021-06-03,10.22,9.92,4000,-1289.280000000003,-2.9354207436399284,调仓换股
920627.BJ,2021-06-03,2021-06-04,12.6,10.38,2600,-5832.722999999998,-17.61904761904761,ATR止损 (ATR=0.75)
920057.BJ,2021-05-25,2021-06-07,3.6,3.59,5100,-92.61800000000117,-0.27777777777778423,调仓换股
601999.SH,2021-06-01,2021-06-07,8.61,7.72,2500,-2268.5999999999995,-10.336817653890822,第5天未盈利 (-10.3%)
300272.SZ,2021-06-03,2021-06-08,6.99,6.87,2600,-352.72400000000033,-1.716738197424894,调仓换股
920627.BJ,2021-06-04,2021-06-08,10.38,13.0,2100,5440.574999999998,25.240847784200376,调仓换股
920267.BJ,2021-06-03,2021-06-09,19.5,19.3,800,-195.87999999999943,-1.025641025641022,第5天未盈利 (-1.0%)
601999.SH,2021-06-07,2021-06-09,7.72,7.62,2600,-304.6239999999991,-1.2953367875647623,调仓换股
600095.SH,2021-06-08,2021-06-09,11.48,11.92,1900,785.041999999999,3.8327526132404137,调仓换股
920523.BJ,2021-06-09,2021-06-10,13.08,13.41,600,176.90800000000007,2.5229357798165144,调仓换股
601567.SH,2021-06-09,2021-06-10,15.85,15.49,1200,-474.17599999999936,-2.2712933753943183,调仓换股
688366.SH,2021-06-08,2021-06-11,159.46,159.9,100,7.01999999999977,0.2759312680295985,调仓换股
600684.SH,2021-06-10,2021-06-11,4.0,3.98,6500,-188.20750000000012,-0.5000000000000004,调仓换股
920267.BJ,2021-06-09,2021-06-15,19.3,19.25,1100,-102.64375000000078,-0.259067357512957,放量阴线
003039.SZ,2021-06-10,2021-06-15,48.14,46.85,400,-558.4799999999997,-2.679684254258411,调仓换股
603083.SH,2021-06-11,2021-06-15,15.68,14.55,1900,-2209.2012499999983,-7.206632653061218,调仓换股
600439.SH,2021-06-11,2021-06-15,3.11,3.02,8300,-803.3984999999989,-2.893890675241153,调仓换股
600713.SH,2021-06-15,2021-06-16,4.86,4.78,7800,-707.8890000000006,-1.646090534979425,调仓换股
688277.SH,2021-06-15,2021-06-17,37.07,37.01,800,-114.61800000000183,-0.16185594820610272,调仓换股
002497.SZ,2021-06-16,2021-06-17,21.02,21.78,1200,853.1940000000019,3.615604186489066,调仓换股
002723.SZ,2021-06-17,2021-06-18,18.0,18.39,1600,557.796000000001,2.16666666666667,调仓换股
600459.SH,2021-06-17,2021-06-21,30.17,23.09,1100,-7845.147750000003,-23.46702021876036,ATR止损 (ATR=1.89)
600738.SH,2021-06-18,2021-06-21,7.31,7.42,3100,289.24550000000096,1.504787961696311,调仓换股
601001.SH,2021-06-21,2021-06-23,7.51,7.8,4000,1089.8000000000002,3.8615179760319576,调仓换股
000572.SZ,2021-06-22,2021-06-23,5.7,6.27,3200,1778.855999999998,9.99999999999999,调仓换股
000683.SZ,2021-06-23,2021-06-24,4.49,4.44,5200,-311.9479999999991,-1.1135857461024459,调仓换股
002547.SZ,2021-06-23,2021-06-24,4.84,4.86,4400,39.88600000000203,0.41322314049587733,调仓换股
000504.SZ,2021-06-21,2021-06-25,20.43,20.0,2200,-1044.9999999999993,-2.104747919725892,第5天未盈利 (-2.1%)
002094.SZ,2021-06-22,2021-06-25,4.16,4.03,7700,-1070.8197499999992,-3.1249999999999973,调仓换股
300736.SZ,2021-06-24,2021-06-28,10.96,11.0,1800,27.399999999998467,0.3649635036496272,调仓换股
002247.SZ,2021-06-25,2021-06-28,2.76,2.79,9900,234.85275000000243,1.0869565217391397,调仓换股
300542.SZ,2021-06-24,2021-06-29,13.96,13.15,1600,-1343.3400000000008,-5.802292263610318,调仓换股
300279.SZ,2021-06-25,2021-06-29,6.3,6.52,3100,636.5229999999992,3.492063492063488,调仓换股
300520.SZ,2021-06-28,2021-06-29,20.09,21.19,1300,1368.0192500000019,5.4753608760577475,调仓换股
300292.SZ,2021-06-28,2021-06-29,3.89,3.82,8100,-636.6195000000023,-1.7994858611825266,调仓换股
002010.SZ,2021-06-29,2021-07-01,7.54,7.84,3300,931.7879999999996,3.978779840848804,调仓换股
920284.BJ,2021-06-30,2021-07-01,5.51,6.0,4400,2096.600000000001,8.8929219600726,调仓换股
300134.SZ,2021-06-29,2021-07-02,10.97,10.75,2600,-634.8875000000018,-2.005469462169559,调仓换股
300266.SZ,2021-07-01,2021-07-02,3.74,3.75,6300,9.843749999998657,0.2673796791443793,调仓换股
002767.SZ,2021-07-01,2021-07-02,14.71,15.01,1700,452.5867499999982,2.039428959891223,调仓换股
300076.SZ,2021-06-30,2021-07-05,6.16,6.19,2700,42.574000000000666,0.48701298701299106,调仓换股
920351.BJ,2021-06-07,2021-07-08,3.1,3.03,15200,-1167.6260000000043,-2.2580645161290414,调仓换股
920414.BJ,2021-07-02,2021-07-09,10.5,12.0,2900,4271.7,14.285714285714285,调仓换股
600696.SH,2021-07-05,2021-07-09,38.44,37.89,400,-255.31199999999887,-1.4308012486992643,第5天未盈利 (-1.4%)
600500.SH,2021-07-08,2021-07-09,7.46,7.22,6700,-1716.8415000000014,-3.2171581769437028,放量阴线
002011.SZ,2021-07-09,2021-07-12,5.43,5.53,7500,656.681250000004,1.8416206261510228,调仓换股
600500.SH,2021-07-09,2021-07-12,7.22,7.43,6400,1237.008,2.9085872576177283,调仓换股
600976.SH,2021-07-09,2021-07-13,51.4,55.33,600,2283.3045,7.645914396887159,调仓换股
601886.SH,2021-07-12,2021-07-13,7.72,7.96,5100,1132.659000000001,3.108808290155443,调仓换股
000039.SZ,2021-07-12,2021-07-13,16.89,17.32,2000,782.0599999999995,2.5458851391355815,调仓换股
688081.SH,2021-07-12,2021-07-13,30.56,30.35,700,-194.80124999999813,-0.6871727748691011,调仓换股
300616.SZ,2021-07-12,2021-07-14,79.55,78.85,300,-263.22375000000085,-0.8799497171590231,调仓换股
688689.SH,2021-07-13,2021-07-14,32.8,32.81,600,-38.37199999999693,0.030487804878064382,调仓换股
688135.SH,2021-07-13,2021-07-14,47.7,46.79,400,-406.4320000000015,-1.9077568134171985,调仓换股
002614.SZ,2021-07-13,2021-07-14,21.38,20.66,1300,-996.4304999999985,-3.367633302151538,调仓换股
600608.SH,2021-07-14,2021-07-15,6.46,6.78,4900,1493.2505000000015,4.953560371517033,调仓换股
688595.SH,2021-07-14,2021-07-15,77.38,75.27,200,-457.10799999999983,-2.7268027914189705,调仓换股
002614.SZ,2021-07-15,2021-07-16,19.8,19.84,1400,-6.496000000001196,0.20202020202019771,调仓换股
000752.SZ,2021-07-15,2021-07-16,6.39,6.44,4000,142.04000000000286,0.78247261345854,调仓换股
002767.SZ,2021-07-15,2021-07-16,13.36,13.36,1800,-54.108000000000004,0.0,调仓换股
688081.SH,2021-07-15,2021-07-16,28.51,32.3,800,2973.859999999996,13.29358119957908,调仓换股
601866.SH,2021-07-16,2021-07-19,3.74,3.73,9300,-171.05025000000214,-0.26737967914439115,调仓换股
300953.SZ,2021-07-19,2021-07-21,99.28,101.93,200,484.1315000000011,2.669218372280425,调仓换股
003016.SZ,2021-07-16,2021-07-22,16.03,14.76,1600,-2085.1360000000022,-7.922645040548979,第5天未盈利 (-7.9%)
002516.SZ,2021-07-21,2021-07-22,5.12,5.11,6200,-133.2844999999987,-0.19531249999999584,调仓换股
000752.SZ,2021-07-21,2021-07-22,6.06,6.36,4100,1171.329000000003,4.950495049504963,调仓换股
000920.SZ,2021-07-21,2021-07-22,9.61,9.89,2700,695.9182500000031,2.913631633714892,调仓换股
920123.BJ,2021-07-13,2021-07-23,16.6,16.45,900,-169.61000000000195,-0.9036144578313381,调仓换股
920876.BJ,2021-07-22,2021-07-23,4.71,4.79,13500,934.503750000001,1.6985138004246298,调仓换股
003016.SZ,2021-07-22,2021-07-23,14.76,13.94,1600,-1362.1840000000007,-5.555555555555557,调仓换股
600587.SH,2021-07-22,2021-07-26,23.19,21.45,1100,-1967.0887500000024,-7.503234152652014,调仓换股
002516.SZ,2021-07-23,2021-07-26,4.94,5.43,6800,3248.9209999999953,9.919028340080956,调仓换股
920982.BJ,2021-07-26,2021-07-27,70.88,62.63,200,-1680.0519999999988,-11.63939051918735,放量阴线
920885.BJ,2021-07-22,2021-07-28,19.33,19.15,1100,-245.3962499999997,-0.9311950336264859,第5天未盈利 (-0.9%)
603867.SH,2021-07-27,2021-07-28,28.68,27.39,800,-1081.3019999999995,-4.497907949790792,调仓换股
688668.SH,2021-07-28,2021-07-29,45.8,47.99,500,1041.0112500000027,4.7816593886462995,调仓换股
920809.BJ,2021-07-26,2021-07-30,7.38,7.29,5400,-574.5734999999992,-1.2195121951219494,第5天未盈利 (-1.2%)
920509.BJ,2021-07-29,2021-07-30,10.16,10.42,4900,1159.1194999999989,2.559055118110234,调仓换股
920414.BJ,2021-07-30,2021-08-03,16.32,17.05,2200,1521.6025000000009,4.473039215686278,调仓换股
300049.SZ,2021-07-30,2021-08-03,16.13,16.7,1300,692.1525000000003,3.5337879727216386,调仓换股
688590.SH,2021-08-02,2021-08-03,23.48,25.09,800,1242.8379999999997,6.856899488926743,调仓换股
920689.BJ,2021-08-03,2021-08-04,5.98,6.0,11900,77.34999999999494,0.3344481605351099,调仓换股
920885.BJ,2021-07-28,2021-08-05,19.15,18.31,1300,-1145.55675,-4.386422976501305,调仓换股
002656.SZ,2021-08-02,2021-08-05,3.61,3.1,7300,-3773.9174999999987,-14.127423822714677,ATR止损 (ATR=0.22)
002845.SZ,2021-08-04,2021-08-05,35.58,35.0,900,-592.8749999999984,-1.6301292861157908,调仓换股
002623.SZ,2021-08-04,2021-08-05,47.58,46.99,400,-278.5919999999985,-1.2400168137872978,调仓换股
920414.BJ,2021-08-05,2021-08-06,16.3,18.6,2000,4516.300000000002,14.110429447852765,调仓换股
300813.SZ,2021-08-04,2021-08-10,68.44,63.2,200,-1078.2799999999993,-7.656341320864985,第5天未盈利 (-7.7%)
002656.SZ,2021-08-05,2021-08-10,3.1,2.95,8200,-1284.4274999999993,-4.838709677419352,放量阴线
002119.SZ,2021-08-09,2021-08-10,18.1,18.18,1100,43.003999999998115,0.4419889502762337,调仓换股
688001.SH,2021-08-09,2021-08-10,43.88,44.0,600,12.599999999998463,0.27347310847766054,调仓换股
300241.SZ,2021-08-06,2021-08-11,10.16,10.52,1700,571.2319999999991,3.543307086614168,调仓换股
688560.SH,2021-08-10,2021-08-11,34.51,35.73,500,569.2699999999994,3.5352071863228014,调仓换股
300389.SZ,2021-08-10,2021-08-11,10.97,11.28,1800,512.3159999999978,2.8258887876025405,调仓换股
300545.SZ,2021-08-10,2021-08-11,27.84,28.56,800,524.5919999999992,2.5862068965517198,调仓换股
688090.SH,2021-08-11,2021-08-12,39.38,40.51,600,623.3114999999972,2.8694768918232487,调仓换股
300655.SZ,2021-08-11,2021-08-12,50.85,53.65,300,802.809999999999,5.5063913470993056,调仓换股
300813.SZ,2021-08-10,2021-08-13,63.2,59.18,300,-1246.5080000000007,-6.360759493670891,调仓换股
002678.SZ,2021-08-12,2021-08-13,7.17,7.35,4400,719.2349999999986,2.5104602510460214,调仓换股
300806.SZ,2021-08-11,2021-08-16,62.85,61.08,400,-762.9720000000012,-2.816229116945112,调仓换股
688981.SH,2021-08-12,2021-08-16,62.09,58.75,400,-1388.8750000000014,-5.379288130133682,调仓换股
300241.SZ,2021-08-13,2021-08-16,9.74,9.84,1800,139.5759999999994,1.0266940451745343,调仓换股
688001.SH,2021-08-13,2021-08-16,41.38,42.06,600,351.2189999999998,1.6433059449009177,调仓换股
300294.SZ,2021-08-11,2021-08-17,46.6,43.33,500,-1683.7462500000015,-7.0171673819742555,第5天未盈利 (-7.0%)
002860.SZ,2021-08-16,2021-08-17,18.48,17.78,2200,-1628.0109999999984,-3.7878787878787836,调仓换股
002531.SZ,2021-08-16,2021-08-17,10.23,10.14,3000,-338.4449999999996,-0.8797653958944267,调仓换股
300289.SZ,2021-08-16,2021-08-17,7.54,7.09,3300,-1537.6432500000005,-5.968169761273212,调仓换股
300850.SZ,2021-08-16,2021-08-17,137.73,137.0,100,-105.39999999999898,-0.5300225078051186,调仓换股
300294.SZ,2021-08-17,2021-08-18,43.33,43.05,500,-188.43125000000057,-0.6462035541195503,调仓换股
300757.SZ,2021-08-17,2021-08-19,46.76,47.54,500,336.5175000000006,1.6680923866552635,调仓换股
920185.BJ,2021-08-18,2021-08-19,79.8,81.55,400,626.605,2.192982456140351,调仓换股
300378.SZ,2021-08-17,2021-08-20,25.13,24.36,1000,-824.8099999999996,-3.0640668523676866,调仓换股
300097.SZ,2021-08-19,2021-08-20,10.39,10.42,2300,15.076499999998518,0.2887391722810333,调仓换股
920438.BJ,2021-08-20,2021-08-23,3.6,3.73,8500,1033.6637499999993,3.611111111111108,调仓换股
300990.SZ,2021-08-20,2021-08-23,93.47,98.12,200,885.7520000000011,4.974858243286622,调仓换股
000626.SZ,2021-08-23,2021-08-24,23.73,23.72,1500,-95.05500000000234,-0.04214075010535846,调仓换股
300670.SZ,2021-08-23,2021-08-24,10.23,10.4,2200,322.5199999999998,1.661779081133919,调仓换股
300731.SZ,2021-08-23,2021-08-24,33.48,35.5,600,1164.0750000000019,6.033452807646366,调仓换股
002121.SZ,2021-08-19,2021-08-25,6.27,6.2,3500,-293.8249999999979,-1.1164274322168963,第5天未盈利 (-1.1%)
688663.SH,2021-08-23,2021-08-25,33.3,33.07,500,-153.06999999999843,-0.6906906906906813,调仓换股
600268.SH,2021-08-24,2021-08-26,7.85,8.39,3000,1563.3675000000026,6.878980891719758,调仓换股
688529.SH,2021-08-24,2021-08-26,34.22,33.71,600,-351.5084999999988,-1.49035651665692,调仓换股
002121.SZ,2021-08-25,2021-08-26,6.2,6.48,3700,982.054000000001,4.5161290322580685,调仓换股
688080.SH,2021-08-25,2021-08-26,62.72,63.36,300,148.98400000000015,1.020408163265307,调仓换股
920414.BJ,2021-08-24,2021-08-27,17.1,17.49,1300,455.84174999999607,2.2807017543859476,调仓换股
920445.BJ,2021-08-26,2021-08-27,18.9,18.72,1500,-333.1799999999995,-0.9523809523809509,放量阴线
300201.SZ,2021-08-26,2021-08-27,4.33,4.12,5600,-1227.9119999999996,-4.84988452655889,调仓换股
300365.SZ,2021-08-26,2021-08-27,9.27,9.49,2600,516.4835000000018,2.3732470334412152,调仓换股
300670.SZ,2021-08-26,2021-08-30,9.87,9.52,2200,-817.1239999999991,-3.5460992907801385,调仓换股
300153.SZ,2021-08-27,2021-08-30,12.07,12.08,1200,-21.992000000000257,0.08285004142501894,调仓换股
300152.SZ,2021-08-27,2021-08-31,4.59,4.86,4100,1062.148000000002,5.882352941176481,调仓换股
920491.BJ,2021-08-30,2021-08-31,12.69,13.6,2000,1758.8000000000002,7.1710007880220665,调仓换股
920445.BJ,2021-08-27,2021-09-01,18.72,18.39,1400,-519.9284999999976,-1.762820512820504,调仓换股
688080.SH,2021-08-27,2021-09-01,60.9,57.24,300,-1137.3439999999991,-6.009852216748763,调仓换股
002986.SZ,2021-09-01,2021-09-02,41.03,44.22,500,1545.2524999999991,7.774798927613935,调仓换股
300153.SZ,2021-09-01,2021-09-02,11.08,11.36,1300,329.46399999999915,2.5270758122743624,调仓换股
300627.SZ,2021-08-31,2021-09-03,44.38,42.97,500,-753.3412500000019,-3.177106804867065,调仓换股
688080.SH,2021-09-02,2021-09-03,55.69,54.94,300,-262.964,-1.346740887053331,调仓换股
920866.BJ,2021-08-30,2021-09-06,7.0,8.5,1800,2664.3999999999996,21.428571428571427,调仓换股
300681.SZ,2021-08-31,2021-09-06,73.07,66.34,200,-1377.535999999998,-9.210346243328301,第5天未盈利 (-9.2%)
300477.SZ,2021-09-02,2021-09-06,11.46,10.68,1400,-1126.9040000000016,-6.806282722513099,调仓换股
300767.SZ,2021-09-03,2021-09-06,105.5,102.66,200,-614.1970000000008,-2.6919431279620887,调仓换股
300627.SZ,2021-09-03,2021-09-06,42.97,46.22,600,1887.603,7.563416336979288,调仓换股
688556.SH,2021-09-06,2021-09-07,55.61,56.76,200,202.2959999999997,2.0679733860816376,调仓换股
300435.SZ,2021-09-06,2021-09-07,21.62,23.15,700,1033.5899999999986,7.076780758556881,调仓换股
300681.SZ,2021-09-06,2021-09-08,66.34,65.32,200,-235.12800000000203,-1.537533916189343,调仓换股
688510.SH,2021-09-06,2021-09-08,29.93,30.71,600,426.1480000000007,2.606080855329105,调仓换股
300767.SZ,2021-09-06,2021-09-08,102.66,100.77,200,-423.3465000000001,-1.841028638223262,调仓换股
300376.SZ,2021-09-07,2021-09-08,10.53,10.54,1600,-22.728000000000343,0.09496676163342628,调仓换股
688090.SH,2021-09-07,2021-09-08,37.92,38.38,600,224.18700000000052,1.2130801687763735,调仓换股
600745.SH,2021-09-08,2021-09-09,106.95,108.01,200,163.39550000000045,0.9911173445535317,调仓换股
688510.SH,2021-09-08,2021-09-09,30.71,29.52,600,-754.4240000000008,-3.8749592966460473,调仓换股
601636.SH,2021-09-08,2021-09-10,24.93,24.12,1100,-950.6969999999988,-3.2490974729241824,调仓换股
300101.SZ,2021-09-08,2021-09-10,29.42,28.68,600,-483.41600000000125,-2.5152957171991908,调仓换股
300681.SZ,2021-09-09,2021-09-10,62.73,63.87,200,197.4520000000001,1.8173122907699675,调仓换股
300161.SZ,2021-09-08,2021-09-13,30.04,28.45,600,-993.14,-5.292942743009321,调仓换股
603855.SH,2021-09-09,2021-09-14,22.21,22.01,1100,-274.47474999999923,-0.9004952723998167,调仓换股
002897.SZ,2021-09-10,2021-09-14,38.69,40.44,500,829.505,4.523132592401137,调仓换股
300895.SZ,2021-09-13,2021-09-14,43.2,45.69,400,954.447999999998,5.763888888888877,调仓换股
002135.SZ,2021-09-10,2021-09-15,10.94,11.09,2100,262.59975000000077,1.371115173674592,调仓换股
688636.SH,2021-09-14,2021-09-15,148.51,150.32,100,145.9360000000002,1.218773146589457,调仓换股
000815.SZ,2021-09-10,2021-09-16,6.73,6.79,4600,205.72349999999818,0.8915304606240654,调仓换股
600587.SH,2021-09-15,2021-09-16,29.25,29.08,700,-164.80100000000118,-0.581196581196587,调仓换股
002208.SZ,2021-09-15,2021-09-16,8.58,8.39,4000,-835.509999999998,-2.2144522144522085,调仓换股
300986.SZ,2021-09-14,2021-09-17,47.45,46.3,500,-627.0875000000028,-2.423603793466819,调仓换股
300240.SZ,2021-09-14,2021-09-17,7.8,7.81,3600,-27.261000000000767,0.12820512820512547,调仓换股
920077.BJ,2021-09-16,2021-09-17,28.87,31.59,800,2119.137999999999,9.42154485625216,调仓换股
688065.SH,2021-09-17,2021-09-22,142.75,144.62,200,308.92100000000096,1.309982486865152,调仓换股
603032.SH,2021-09-17,2021-09-23,32.36,33.46,800,819.7720000000011,3.399258343634121,调仓换股
002244.SZ,2021-09-17,2021-09-23,4.57,4.62,13000,514.8649999999977,1.0940919037199084,调仓换股
603982.SH,2021-09-22,2021-09-23,20.96,20.36,1400,-904.1340000000021,-2.862595419847335,调仓换股
688600.SH,2021-09-22,2021-09-23,18.08,18.11,1700,-18.270749999998067,0.16592920353982932,调仓换股
688386.SH,2021-09-22,2021-09-24,71.44,67.3,300,-1287.4275000000002,-5.795072788353864,调仓换股
920642.BJ,2021-09-23,2021-09-24,17.7,18.0,1000,259.0000000000007,1.6949152542372923,调仓换股
300679.SZ,2021-09-23,2021-09-24,41.6,40.18,600,-906.243000000001,-3.4134615384615423,调仓换股
688683.SH,2021-09-23,2021-09-24,22.61,22.0,1300,-857.3499999999993,-2.6979212737726646,调仓换股
688078.SH,2021-09-23,2021-09-27,68.15,64.95,200,-670.9800000000006,-4.695524578136467,调仓换股
002565.SZ,2021-09-24,2021-09-27,4.47,4.38,6100,-609.115499999999,-2.0134228187919434,调仓换股
603067.SH,2021-09-24,2021-09-28,11.92,12.27,2100,677.0242499999991,2.9362416107382523,调仓换股
000933.SZ,2021-09-27,2021-09-28,12.74,11.99,1400,-1088.5720000000001,-5.8869701726844585,放量阴线
603838.SH,2021-09-27,2021-09-28,8.14,8.23,3000,214.44749999999954,1.1056511056511038,调仓换股
000672.SZ,2021-09-28,2021-09-29,19.99,18.64,1200,-1670.3279999999975,-6.753376688344162,调仓换股
002283.SZ,2021-09-28,2021-09-30,8.58,9.11,3200,1630.4079999999979,6.17715617715617,调仓换股
920642.BJ,2021-09-29,2021-09-30,16.57,17.51,1200,1080.7230000000018,5.672902836451426,调仓换股
603968.SH,2021-09-28,2021-10-08,16.96,16.65,1400,-486.4475000000032,-1.8278301886792587,调仓换股
600141.SH,2021-10-08,2021-10-11,40.38,39.43,400,-416.5440000000011,-2.3526498266468616,调仓换股
600691.SH,2021-09-30,2021-10-12,6.04,5.2,3400,-2896.359999999999,-13.90728476821192,调仓换股
920885.BJ,2021-10-11,2021-10-12,25.27,23.96,1000,-1363.9099999999987,-5.184012663237035,调仓换股
000912.SZ,2021-09-30,2021-10-13,6.71,6.02,3400,-2392.0530000000012,-10.283159463487339,第5天未盈利 (-10.3%)
920876.BJ,2021-10-12,2021-10-13,6.75,7.0,6800,1592.9,3.7037037037037033,调仓换股
920351.BJ,2021-10-12,2021-10-14,3.84,3.51,9400,-3176.236500000001,-8.593750000000004,放量阴线
920175.BJ,2021-10-13,2021-10-14,9.94,10.59,1800,1126.8760000000009,6.539235412474853,调仓换股
603351.SH,2021-10-13,2021-10-14,25.45,25.65,800,113.82999999999943,0.7858546168958714,调仓换股
920351.BJ,2021-10-14,2021-10-15,3.51,3.58,9200,569.8940000000025,1.9943019943020026,调仓换股
920685.BJ,2021-10-15,2021-10-18,20.0,20.0,1900,-85.5,0.0,调仓换股
600170.SH,2021-10-14,2021-10-19,3.23,3.28,7800,332.4359999999986,1.5479876160990658,调仓换股
920284.BJ,2021-10-14,2021-10-20,13.98,13.58,2400,-1033.332000000001,-2.8612303290414904,第5天未盈利 (-2.9%)
920146.BJ,2021-10-19,2021-10-20,6.93,7.05,3500,364.4812500000004,1.7316017316017334,调仓换股
920175.BJ,2021-10-18,2021-10-21,9.58,10.35,1800,1343.739999999999,8.037578288100205,调仓换股
920284.BJ,2021-10-20,2021-10-21,13.58,13.34,2700,-729.0405000000006,-1.767304860088367,调仓换股
920010.BJ,2021-10-20,2021-10-21,5.89,5.87,4900,-162.71674999999792,-0.3395585738539826,调仓换股
920414.BJ,2021-10-19,2021-10-22,31.4,31.98,1000,508.0450000000018,1.8471337579617892,调仓换股
920476.BJ,2021-10-21,2021-10-22,10.05,10.22,3600,529.2179999999997,1.6915422885572133,调仓换股
920212.BJ,2021-10-21,2021-10-22,15.79,15.87,1700,75.2972500000001,0.5066497783407224,调仓换股
920810.BJ,2021-10-19,2021-10-25,4.69,4.28,2900,-1218.8240000000005,-8.742004264392326,第5天未盈利 (-8.7%)
002153.SZ,2021-10-22,2021-10-25,23.63,23.46,1400,-311.89899999999744,-0.7194244604316469,调仓换股
920090.BJ,2021-10-21,2021-10-26,5.73,5.03,4600,-3272.060500000001,-12.216404886561957,ATR止损 (ATR=0.35)
601869.SH,2021-10-25,2021-10-26,31.0,30.89,1000,-179.50249999999943,-0.3548387096774175,调仓换股
920427.BJ,2021-10-25,2021-10-27,12.6,11.33,3000,-3886.477499999998,-10.079365079365077,ATR止损 (ATR=0.60)
920146.BJ,2021-10-25,2021-10-27,6.77,6.22,4100,-2312.379499999999,-8.124076809453468,调仓换股
920476.BJ,2021-10-26,2021-10-27,9.5,9.5,3600,-76.95,0.0,调仓换股
920090.BJ,2021-10-26,2021-10-27,5.03,4.87,4400,-752.2130000000006,-3.1809145129224676,调仓换股
920810.BJ,2021-10-25,2021-10-29,4.28,5.04,3600,2694.7119999999995,17.757009345794387,调仓换股
300755.SZ,2021-10-29,2021-11-01,39.3,40.31,800,735.442000000004,2.5699745547073922,调仓换股
920300.BJ,2021-10-27,2021-11-02,8.45,8.0,3800,-1778.3999999999974,-5.32544378698224,第5天未盈利 (-5.3%)
600881.SH,2021-11-01,2021-11-02,3.45,3.34,11100,-1304.4165000000037,-3.188405797101458,调仓换股
920866.BJ,2021-11-02,2021-11-05,8.89,8.8,2700,-296.4599999999996,-1.0123734533183335,调仓换股
920300.BJ,2021-11-02,2021-11-08,8.0,7.83,4600,-863.0404999999997,-2.124999999999999,第5天未盈利 (-2.1%)
600382.SH,2021-11-05,2021-11-08,4.59,4.79,8600,1627.3135000000016,4.357298474945537,调仓换股
920300.BJ,2021-11-08,2021-11-09,7.83,8.24,5000,1957.3000000000009,5.236270753512135,调仓换股
000049.SZ,2021-11-09,2021-11-11,39.29,38.09,700,-899.9917499999971,-3.054212267752598,调仓换股
920014.BJ,2021-10-27,2021-11-12,12.91,16.0,2300,7024.2,23.934934159566225,调仓换股
603477.SH,2021-11-11,2021-11-12,13.44,14.03,1800,1005.1784999999999,4.389880952380952,调仓换股
600600.SH,2021-11-11,2021-11-12,92.81,93.71,300,206.74574999999743,0.9697230901842382,调仓换股
600335.SH,2021-11-12,2021-11-15,6.37,6.8,4400,1824.6799999999985,6.750392464678175,调仓换股
920110.BJ,2021-11-12,2021-11-16,19.98,20.0,600,-17.000000000000256,0.10010010010009797,调仓换股
603198.SH,2021-11-12,2021-11-16,57.55,60.6,500,1456.825000000002,5.299739357080807,调仓换股
000061.SZ,2021-11-15,2021-11-16,6.31,6.31,5800,-82.3455,0.0,调仓换股
300772.SZ,2021-11-11,2021-11-17,56.1,52.99,200,-648.1959999999998,-5.543672014260249,第5天未盈利 (-5.5%)
920000.BJ,2021-11-17,2021-11-18,10.24,9.9,2300,-833.2324999999996,-3.3203124999999987,放量阴线
002815.SZ,2021-11-17,2021-11-18,16.17,15.82,2600,-1002.5470000000035,-2.164502164502173,调仓换股
603665.SH,2021-11-17,2021-11-18,25.74,24.9,800,-716.8399999999998,-3.263403263403263,调仓换股
920753.BJ,2021-11-08,2021-11-19,30.0,28.0,300,-621.8,-6.666666666666667,调仓换股
002096.SZ,2021-11-19,2021-11-22,15.97,16.3,1400,410.65500000000014,2.0663744520976834,调仓换股
920718.BJ,2021-11-16,2021-11-23,4.0,4.79,2700,2102.134,19.75,调仓换股
920523.BJ,2021-11-22,2021-11-23,30.95,34.5,600,2083.4250000000006,11.470113085621973,调仓换股
920000.BJ,2021-11-18,2021-11-24,9.9,9.73,2400,-460.5419999999998,-1.7171717171717165,第5天未盈利 (-1.7%)
920405.BJ,2021-11-19,2021-11-24,30.39,30.48,700,14.993999999999897,0.2961500493583411,调仓换股
920057.BJ,2021-11-23,2021-11-24,6.98,6.7,2200,-650.4800000000006,-4.011461318051579,放量阴线
920030.BJ,2021-11-19,2021-11-25,6.53,6.43,3200,-366.29600000000175,-1.5313935681470219,第5天未盈利 (-1.5%)
002096.SZ,2021-11-23,2021-11-25,16.19,16.26,1400,46.78100000000038,0.4323656578134668,调仓换股
920057.BJ,2021-11-24,2021-11-25,6.7,6.8,2400,202.35999999999916,1.4925373134328304,调仓换股
920000.BJ,2021-11-24,2021-11-25,9.73,9.4,2600,-912.9900000000004,-3.3915724563206586,调仓换股
300709.SZ,2021-11-24,2021-11-29,50.5,52.99,400,948.3090000000008,4.930693069306934,调仓换股
920030.BJ,2021-11-25,2021-11-29,6.43,6.02,3600,-1524.7620000000004,-6.376360808709178,调仓换股
920145.BJ,2021-11-25,2021-12-01,14.32,12.5,700,-1296.5000000000002,-12.709497206703912,第5天未盈利 (-12.7%)
920932.BJ,2021-11-25,2021-12-01,20.95,19.31,600,-1012.1720000000004,-7.828162291169454,第5天未盈利 (-7.8%)
920260.BJ,2021-11-25,2021-12-01,19.95,18.62,600,-825.343999999999,-6.666666666666658,第5天未盈利 (-6.7%)
300393.SZ,2021-11-29,2021-12-01,18.25,17.77,1000,-520.5400000000004,-2.630136986301372,调仓换股
920171.BJ,2021-11-29,2021-12-02,17.47,18.8,700,899.6800000000013,7.613050944476256,调仓换股
920145.BJ,2021-12-01,2021-12-02,12.5,13.03,900,448.5459999999995,4.239999999999995,调仓换股
920260.BJ,2021-12-01,2021-12-02,18.62,18.98,800,252.63199999999952,1.9334049409237348,调仓换股
688678.SH,2021-12-02,2021-12-03,27.72,27.82,800,29.924000000001143,0.36075036075036593,调仓换股
920932.BJ,2021-12-01,2021-12-06,19.31,18.86,800,-395.1759999999995,-2.3303987571206592,调仓换股
920436.BJ,2021-12-01,2021-12-07,22.89,20.58,600,-1415.6960000000013,-10.091743119266065,第5天未盈利 (-10.1%)
920879.BJ,2021-12-02,2021-12-07,9.7,9.01,3900,-2770.0627499999982,-7.113402061855665,调仓换股
920985.BJ,2021-12-02,2021-12-08,9.1,8.75,3400,-1256.9374999999989,-3.8461538461538423,第5天未盈利 (-3.8%)
920454.BJ,2021-12-03,2021-12-09,14.3,13.12,800,-969.9920000000011,-8.251748251748262,第5天未盈利 (-8.3%)
920491.BJ,2021-12-06,2021-12-09,20.14,19.22,1400,-1348.5430000000022,-4.568023833167834,调仓换股
920985.BJ,2021-12-08,2021-12-09,8.75,8.88,3300,363.0660000000025,1.4857142857142946,调仓换股
920454.BJ,2021-12-09,2021-12-10,13.12,13.16,1100,10.048000000001016,0.3048780487804949,调仓换股
603666.SH,2021-12-09,2021-12-10,71.01,70.7,400,-187.6300000000009,-0.4365582312350405,调仓换股
920436.BJ,2021-12-07,2021-12-13,20.58,21.81,700,825.4660000000002,5.976676384839653,调仓换股
920981.BJ,2021-12-07,2021-12-13,46.25,46.78,300,125.93200000000034,1.1459459459459485,调仓换股
688676.SH,2021-12-10,2021-12-13,28.66,28.79,600,38.4519999999994,0.4535938590369819,调仓换股
920378.BJ,2021-12-09,2021-12-14,8.3,7.8,3300,-1707.915000000003,-6.024096385542179,放量阴线
300945.SZ,2021-12-13,2021-12-14,23.22,23.46,700,130.1560000000014,1.0335917312661584,调仓换股
603108.SH,2021-12-13,2021-12-14,12.53,12.39,3000,-503.6324999999964,-1.1173184357541803,调仓换股
920249.BJ,2021-12-13,2021-12-15,8.76,9.0,3700,813.0750000000008,2.739726027397263,调仓换股
920378.BJ,2021-12-14,2021-12-15,7.8,6.7,3000,-3345.224999999999,-14.1025641025641,放量阴线
603319.SH,2021-12-14,2021-12-15,26.52,26.69,1000,109.9475000000017,0.6410256410256475,调仓换股
603005.SH,2021-12-10,2021-12-16,55.88,54.35,600,-991.3725000000007,-2.73801002147459,第5天未盈利 (-2.7%)
920378.BJ,2021-12-15,2021-12-16,6.7,7.6,2800,2472.119999999998,13.432835820895514,浮盈13.4%后跌破BBI
920866.BJ,2021-12-15,2021-12-17,10.02,9.8,2700,-653.534999999997,-2.1956087824351185,调仓换股
688630.SH,2021-12-16,2021-12-17,76.86,75.16,300,-560.7330000000009,-2.2118136872235272,调仓换股
603005.SH,2021-12-16,2021-12-17,54.35,52.94,600,-917.4690000000023,-2.594296228150881,调仓换股
603090.SH,2021-12-17,2021-12-20,24.03,24.18,1100,105.15449999999846,0.6242197253433149,调仓换股
300373.SZ,2021-12-15,2021-12-21,68.61,66.5,400,-903.8499999999998,-3.075353447019384,第5天未盈利 (-3.1%)
600764.SH,2021-12-20,2021-12-22,37.42,38.48,900,876.0779999999958,2.832709780865834,调仓换股
920402.BJ,2021-12-21,2021-12-24,33.34,55.0,500,10768.124999999998,64.96700659868024,调仓换股
002300.SZ,2021-12-22,2021-12-24,8.02,7.71,3300,-1080.2467499999987,-3.86533665835411,调仓换股
688180.SH,2021-12-23,2021-12-24,58.51,59.27,600,375.98550000000307,1.2989232609810377,调仓换股
688157.SH,2021-12-23,2021-12-27,109.37,107.91,200,-340.5595000000016,-1.334918167687673,调仓换股
002322.SZ,2021-12-24,2021-12-28,12.09,12.16,2100,89.54400000000061,0.5789909015715491,调仓换股
920014.BJ,2021-12-27,2021-12-29,16.55,16.4,1700,-317.73000000000366,-0.9063444108761458,调仓换股
002357.SZ,2021-12-28,2021-12-29,6.41,6.65,4100,922.653750000001,3.7441497659906426,调仓换股
002587.SZ,2021-12-28,2021-12-30,5.35,5.53,4700,787.5202500000029,3.3644859813084222,调仓换股
920526.BJ,2021-12-14,2021-12-31,6.99,7.08,2800,207.35199999999958,1.2875536480686673,调仓换股
600396.SH,2021-12-28,2022-01-04,3.47,3.35,5300,-676.5100000000006,-3.458213256484153,第5天未盈利 (-3.5%)
300612.SZ,2021-12-31,2022-01-04,26.8,28.82,500,976.1799999999998,7.53731343283582,调仓换股
603169.SH,2021-12-30,2022-01-05,9.15,8.9,2500,-675.0625,-2.73224043715847,调仓换股
002357.SZ,2021-12-31,2022-01-05,6.33,6.45,4400,464.14500000000044,1.8957345971563997,调仓换股
002047.SZ,2021-12-31,2022-01-05,3.95,4.62,6000,3957.63,16.962025316455694,调仓换股
600396.SH,2022-01-04,2022-01-05,3.35,3.53,5500,946.1699999999985,5.3731343283582005,调仓换股
600131.SH,2022-01-04,2022-01-06,21.92,22.46,1200,587.3579999999989,2.4635036496350327,调仓换股
600642.SH,2022-01-06,2022-01-07,6.93,6.81,5900,-798.4027500000007,-1.7316017316017334,调仓换股
600217.SH,2022-01-07,2022-01-10,6.56,6.47,4300,-449.5972499999994,-1.371951219512193,调仓换股
688597.SH,2022-01-05,2022-01-11,19.65,17.25,800,-1952.5999999999988,-12.21374045801526,第5天未盈利 (-12.2%)
600217.SH,2022-01-11,2022-01-13,6.37,6.23,4500,-693.0787499999984,-2.1978021978021927,调仓换股
000543.SZ,2022-01-10,2022-01-14,4.91,4.72,5800,-1163.5960000000023,-3.869653767820782,第5天未盈利 (-3.9%)
600262.SH,2022-01-13,2022-01-14,21.0,22.31,1100,1385.7827499999987,6.238095238095232,调仓换股
688323.SH,2022-01-14,2022-01-17,35.4,36.52,900,934.047000000004,3.1638418079096176,调仓换股
920522.BJ,2022-01-14,2022-01-20,17.44,16.84,1700,-1084.4130000000023,-3.4403669724770722,第5天未盈利 (-3.4%)
300039.SZ,2022-01-17,2022-01-20,6.16,7.02,4100,3461.2404999999976,13.961038961038952,调仓换股
600530.SH,2022-01-20,2022-01-21,4.44,4.35,4700,-469.0012500000035,-2.0270270270270436,调仓换股
000705.SZ,2022-01-20,2022-01-24,8.22,8.14,4500,-442.41750000000036,-0.9732360097323608,调仓换股
600557.SH,2022-01-21,2022-01-24,12.0,11.87,2600,-407.4395000000021,-1.0833333333333397,调仓换股
688355.SH,2022-01-24,2022-01-26,33.9,32.35,700,-1135.951249999998,-4.57227138643067,调仓换股
688606.SH,2022-01-24,2022-01-26,134.8,129.76,100,-534.952000000002,-3.738872403560846,调仓换股
603598.SH,2022-01-26,2022-01-27,13.25,11.93,1300,-1752.0180000000005,-9.962264150943398,放量阴线
002952.SZ,2022-01-26,2022-01-27,15.71,15.49,1500,-382.27875000000097,-1.4003819223424612,调仓换股
300094.SZ,2022-01-27,2022-01-28,6.01,6.19,2500,414.0500000000015,2.9950083194675643,调仓换股
920110.BJ,2022-01-05,2022-02-10,19.53,20.5,400,366.59999999999957,4.96671786994367,调仓换股
603598.SH,2022-01-27,2022-02-10,11.93,13.21,1300,1624.6540000000014,10.729253981559104,调仓换股
002349.SZ,2022-01-28,2022-02-10,13.01,12.54,1100,-549.5880000000006,-3.6126056879323647,第5天未盈利 (-3.6%)
603208.SH,2022-02-09,2022-02-10,76.27,80.0,300,1065.0000000000011,4.890520519208082,调仓换股
300094.SZ,2022-02-09,2022-02-11,6.53,5.81,2500,-1834.0500000000018,-11.026033690658508,调仓换股
300389.SZ,2022-02-10,2022-02-11,12.2,11.48,1600,-1193.735999999998,-5.9016393442622865,调仓换股
300572.SZ,2022-02-10,2022-02-11,23.5,22.34,700,-848.2760000000002,-4.9361702127659575,调仓换股
688118.SH,2022-02-10,2022-02-11,26.03,24.99,1000,-1096.2275000000027,-3.9953899346907518,调仓换股
688196.SH,2022-02-11,2022-02-14,68.91,69.6,400,213.3599999999991,1.0013060513713508,调仓换股
920263.BJ,2022-02-11,2022-02-14,7.22,7.3,2700,171.58000000000018,1.1080332409972309,调仓换股
002349.SZ,2022-02-10,2022-02-15,12.54,13.71,1100,1251.838000000002,9.330143540669871,调仓换股
300094.SZ,2022-02-14,2022-02-15,5.86,5.78,3000,-279.6800000000002,-1.3651877133105812,调仓换股
300996.SZ,2022-02-14,2022-02-15,38.28,38.55,500,91.449999999998,0.7053291536050053,调仓换股
603208.SH,2022-02-15,2022-02-16,69.61,73.4,300,1087.4550000000017,5.444620025858363,调仓换股
920263.BJ,2022-02-16,2022-02-17,7.21,8.12,2700,2407.670999999998,12.62135922330096,调仓换股
300094.SZ,2022-02-16,2022-02-17,5.86,5.79,2900,-241.58200000000082,-1.1945392491467623,调仓换股
605398.SH,2022-02-15,2022-02-18,44.5,46.0,400,558.2,3.3707865168539324,调仓换股
300996.SZ,2022-02-16,2022-02-21,37.51,39.49,500,945.510000000002,5.278592375366579,调仓换股
603208.SH,2022-02-17,2022-02-21,68.91,71.32,200,448.4719999999993,3.497315338847767,调仓换股
300094.SZ,2022-02-18,2022-02-21,5.79,5.83,3000,80.0200000000001,0.6908462867012095,调仓换股
002917.SZ,2022-02-21,2022-02-22,11.27,12.4,1600,1763.3200000000015,10.026619343389537,调仓换股
920718.BJ,2022-02-15,2022-02-23,6.2,4.87,7700,-10325.37275,-21.451612903225804,ATR止损 (ATR=0.28)
603337.SH,2022-02-17,2022-02-23,27.28,27.5,1200,189.74999999999864,0.8064516129032216,调仓换股
000856.SZ,2022-02-21,2022-02-23,11.75,12.5,1700,1227.1875,6.382978723404255,调仓换股
920876.BJ,2022-02-23,2022-02-24,11.02,10.39,3700,-2417.4967499999966,-5.716878402903802,放量阴线
002161.SZ,2022-02-23,2022-02-24,5.71,5.45,3800,-1034.5974999999992,-4.5534150612959685,调仓换股
000048.SZ,2022-02-23,2022-02-24,21.29,21.32,1600,-28.751999999998183,0.1409112259276709,调仓换股
600339.SH,2022-02-23,2022-02-24,3.24,3.39,12800,1822.3679999999988,4.629629629629626,调仓换股
600853.SH,2022-02-23,2022-02-25,3.24,3.09,9500,-1491.0487500000033,-4.62962962962964,调仓换股
601339.SH,2022-02-24,2022-02-28,6.89,6.83,6200,-467.27849999999756,-0.87082728592162,调仓换股
300205.SZ,2022-02-28,2022-03-01,17.13,17.88,1100,780.664,4.378283712784588,调仓换股
600248.SH,2022-02-28,2022-03-02,5.74,6.0,3800,936.6999999999992,4.529616724738672,调仓换股
920876.BJ,2022-02-24,2022-03-03,10.39,9.93,3600,-1736.4330000000032,-4.427333974975946,调仓换股
000856.SZ,2022-02-25,2022-03-03,10.49,9.86,1600,-1044.5520000000013,-6.005719733079131,第5天未盈利 (-6.0%)
000779.SZ,2022-02-28,2022-03-04,10.7,10.32,2000,-806.4399999999979,-3.5514018691588696,第5天未盈利 (-3.6%)
603895.SH,2022-03-02,2022-03-04,28.6,28.5,800,-131.30000000000115,-0.3496503496503546,调仓换股
000020.SZ,2022-03-03,2022-03-04,9.52,9.33,3100,-654.0767499999984,-1.995798319327726,调仓换股
000856.SZ,2022-03-03,2022-03-07,9.86,9.6,1800,-507.5599999999996,-2.636916835699795,调仓换股
603918.SH,2022-03-04,2022-03-07,9.11,8.81,2500,-799.5562499999974,-3.293084522502733,调仓换股
920237.BJ,2022-03-07,2022-03-08,24.8,26.67,500,903.3300000000004,7.540322580645165,调仓换股
920527.BJ,2022-03-07,2022-03-09,9.96,9.9,5700,-468.9675000000029,-0.6024096385542218,调仓换股
600996.SH,2022-03-08,2022-03-09,8.2,8.69,2200,1034.7640000000006,5.9756097560975645,调仓换股
920237.BJ,2022-03-09,2022-03-14,25.8,22.58,600,-1964.0960000000014,-12.480620155038768,放量阴线
300446.SZ,2022-03-09,2022-03-14,12.36,12.33,2100,-121.25924999999866,-0.24271844660193656,调仓换股
600798.SH,2022-03-14,2022-03-15,4.45,4.22,5100,-1221.4245000000021,-5.168539325842706,调仓换股
002758.SZ,2022-03-14,2022-03-16,13.89,13.69,1300,-300.5940000000014,-1.4398848092152705,调仓换股
300164.SZ,2022-03-15,2022-03-17,5.72,6.12,2700,1041.9520000000011,6.993006993006999,调仓换股
600798.SH,2022-03-17,2022-03-18,4.38,4.44,5500,275.0550000000027,1.3698630136986416,调仓换股
920526.BJ,2022-03-01,2022-03-21,6.61,7.99,3200,4358.472,20.877458396369136,调仓换股
301126.SZ,2022-03-18,2022-03-21,25.3,25.8,600,264.03999999999996,1.9762845849802373,调仓换股
000953.SZ,2022-03-16,2022-03-24,7.18,7.56,2500,907.1999999999998,5.292479108635096,调仓换股
002546.SZ,2022-03-24,2022-03-25,4.42,4.47,6900,275.6032499999987,1.1312217194570096,调仓换股
300320.SZ,2022-03-24,2022-03-28,14.85,14.01,1700,-1481.5882499999998,-5.656565656565656,调仓换股
300603.SZ,2022-03-23,2022-03-29,14.89,13.25,1100,-1838.1500000000008,-11.014103425117531,第5天未盈利 (-11.0%)
600818.SH,2022-03-28,2022-03-29,17.73,19.3,1000,1526.4000000000003,8.85504794134236,调仓换股
002246.SZ,2022-03-25,2022-03-31,12.01,11.89,1500,-220.66999999999885,-0.9991673605328828,第5天未盈利 (-1.0%)
300560.SZ,2022-03-29,2022-03-31,18.12,19.4,900,1112.0799999999977,7.0640176600441364,调仓换股
601789.SH,2022-03-30,2022-03-31,6.93,7.35,2500,1008.2499999999998,6.06060606060606,调仓换股
300074.SZ,2022-03-30,2022-04-01,4.51,4.43,4800,-431.84400000000034,-1.7738359201773852,调仓换股
300436.SZ,2022-03-31,2022-04-01,46.44,45.31,300,-371.18599999999867,-2.4332472006890513,调仓换股
300334.SZ,2022-03-31,2022-04-01,9.88,9.89,2200,-26.955500000000466,0.10121457489878326,调仓换股
002246.SZ,2022-03-31,2022-04-06,11.89,11.31,1600,-969.1920000000001,-4.878048780487805,调仓换股
600982.SH,2022-04-01,2022-04-06,5.56,5.79,3900,846.1927500000016,4.136690647482022,调仓换股
300039.SZ,2022-04-01,2022-04-06,8.33,8.98,2100,1322.2840000000008,7.803121248499403,调仓换股
300560.SZ,2022-04-06,2022-04-07,18.13,17.01,1000,-1159.0199999999975,-6.1776061776061635,调仓换股
300619.SZ,2022-04-06,2022-04-07,81.52,83.69,200,395.52400000000034,2.6619234543670287,调仓换股
601789.SH,2022-04-01,2022-04-08,6.73,6.97,2500,560.1499999999984,3.566121842496275,调仓换股
002317.SZ,2022-04-08,2022-04-11,14.77,15.04,1300,306.8959999999994,1.8280297901150953,调仓换股
002613.SZ,2022-04-06,2022-04-12,6.58,6.1,2900,-1432.3800000000012,-7.294832826747727,第5天未盈利 (-7.3%)
002864.SZ,2022-04-11,2022-04-12,54.72,50.6,300,-1271.3599999999994,-7.529239766081868,放量阴线
002864.SZ,2022-04-12,2022-04-13,50.6,45.95,300,-1427.5699999999997,-9.1897233201581,放量阴线
002864.SZ,2022-04-13,2022-04-15,45.95,50.13,300,1218.922,9.096844396082696,调仓换股
002166.SZ,2022-04-14,2022-04-15,9.48,9.2,2100,-631.6400000000025,-2.9535864978903072,调仓换股
002613.SZ,2022-04-12,2022-04-18,6.1,5.52,3400,-2014.5360000000003,-9.508196721311476,第5天未盈利 (-9.5%)
600533.SH,2022-04-14,2022-04-19,4.12,4.28,4700,706.7390000000007,3.883495145631071,调仓换股
002864.SZ,2022-04-19,2022-04-20,42.38,40.64,300,-551.3840000000006,-4.10571024067957,调仓换股
300158.SZ,2022-04-18,2022-04-22,11.17,9.42,1700,-3012.0280000000002,-15.66696508504924,第5天未盈利 (-15.7%)
002305.SZ,2022-04-20,2022-04-22,2.75,2.33,5100,-2170.765999999999,-15.272727272727272,调仓换股
920781.BJ,2022-04-22,2022-04-25,6.05,5.95,2200,-251.1799999999992,-1.6528925619834651,调仓换股
600693.SH,2022-04-22,2022-04-25,4.29,3.94,4900,-1758.6120000000005,-8.15850815850816,调仓换股
600295.SH,2022-04-25,2022-04-26,25.89,24.17,900,-1596.9442499999989,-6.643491695635376,调仓换股
600988.SH,2022-04-25,2022-04-26,17.73,17.1,1400,-935.8649999999988,-3.553299492385781,调仓换股
603229.SH,2022-04-26,2022-04-27,58.76,62.72,200,761.9120000000003,6.739278420694352,调仓换股
603266.SH,2022-04-26,2022-04-27,13.94,13.38,1400,-826.4639999999981,-4.017216642754653,放量阴线
603266.SH,2022-04-27,2022-04-28,13.38,12.48,1400,-1299.9440000000004,-6.7264573991031416,调仓换股
300940.SZ,2022-04-27,2022-04-28,34.77,28.05,400,-2715.4400000000005,-19.327006039689394,放量阴线
920471.BJ,2022-04-28,2022-04-29,15.15,15.87,3400,2326.594499999996,4.752475247524745,调仓换股
603266.SH,2022-04-29,2022-05-06,13.73,13.52,1400,-336.8560000000012,-1.529497450837588,调仓换股
300532.SZ,2022-05-13,2022-05-18,11.72,12.28,1400,744.6159999999982,4.778156996587019,调仓换股
920471.BJ,2022-05-13,2022-05-19,15.23,15.63,3400,1240.430500000001,2.626395272488512,调仓换股
603595.SH,2022-05-18,2022-05-19,32.08,33.79,700,1143.7807500000006,5.330423940149629,调仓换股
600062.SH,2022-05-17,2022-05-23,29.1,28.01,500,-578.0099999999999,-3.745704467353951,第5天未盈利 (-3.7%)
603299.SH,2022-05-19,2022-05-23,10.94,11.3,1900,635.6925000000023,3.2906764168190237,调仓换股
300533.SZ,2022-05-18,2022-05-24,25.61,25.49,800,-141.8820000000008,-0.46856696602889886,第5天未盈利 (-0.5%)
603706.SH,2022-05-19,2022-05-24,15.32,14.71,1500,-964.6462499999992,-3.9817232375979077,调仓换股
600062.SH,2022-05-23,2022-05-24,28.01,28.5,500,211.4999999999992,1.7493752231345892,调仓换股
688180.SH,2022-05-23,2022-05-24,107.0,85.6,100,-2162.1200000000003,-20.000000000000007,放量阴线
600502.SH,2022-05-24,2022-05-25,6.7,7.37,3200,2090.936,10.0,调仓换股
603357.SH,2022-05-24,2022-05-26,11.06,11.66,2000,1147.5299999999995,5.424954792043396,调仓换股
600648.SH,2022-05-25,2022-05-26,13.62,13.61,2800,-113.74299999999941,-0.07342143906020401,调仓换股
603998.SH,2022-05-26,2022-05-27,6.34,6.34,3400,-48.501000000000005,0.0,调仓换股
600084.SH,2022-05-27,2022-05-30,5.64,5.96,5200,1594.2680000000014,5.6737588652482325,调仓换股
300071.SZ,2022-05-25,2022-05-31,3.12,3.02,6600,-704.8640000000006,-3.2051282051282075,第5天未盈利 (-3.2%)
601579.SH,2022-05-26,2022-05-31,13.79,13.22,1100,-661.0839999999985,-4.133430021754885,调仓换股
002775.SZ,2022-05-31,2022-06-01,4.14,4.11,5600,-219.7859999999964,-0.7246376811594049,调仓换股
603908.SH,2022-05-30,2022-06-02,87.3,82.96,200,-906.1840000000007,-4.971363115693016,调仓换股
920599.BJ,2022-05-25,2022-06-07,7.96,7.97,4800,-38.076000000001024,0.1256281407035149,调仓换股
300071.SZ,2022-05-31,2022-06-07,3.02,3.01,7600,-127.47100000000177,-0.33112582781457717,第5天未盈利 (-0.3%)
300413.SZ,2022-06-02,2022-06-07,34.58,35.48,900,738.1529999999988,2.6026604973973355,调仓换股
600062.SH,2022-06-01,2022-06-08,24.68,22.29,500,-1222.2900000000002,-9.6839546191248,第5天未盈利 (-9.7%)
603895.SH,2022-06-07,2022-06-08,25.5,25.64,900,74.07900000000052,0.5490196078431395,调仓换股
920810.BJ,2022-06-07,2022-06-09,8.59,8.51,4200,-416.4195000000003,-0.9313154831199077,放量阴线
600062.SH,2022-06-08,2022-06-09,22.29,21.27,600,-642.5239999999997,-4.576043068640645,调仓换股
600738.SH,2022-06-08,2022-06-09,6.88,6.97,4500,334.42874999999935,1.3081395348837188,调仓换股
600283.SH,2022-06-08,2022-06-10,16.45,16.53,1200,51.32800000000222,0.48632218844985925,放量阴线
600686.SH,2022-06-09,2022-06-13,6.1,6.25,2800,380.000000000001,2.459016393442629,调仓换股
920810.BJ,2022-06-09,2022-06-14,8.51,8.88,4500,1575.0900000000045,4.347826086956533,调仓换股
300871.SZ,2022-06-13,2022-06-14,20.59,21.98,1400,1876.763000000001,6.750849927149104,调仓换股
002289.SZ,2022-06-09,2022-06-15,5.89,5.89,4900,-64.93725,0.0,调仓换股
600283.SH,2022-06-10,2022-06-15,16.53,19.01,1100,2680.9502500000003,15.003024803387783,调仓换股
600579.SH,2022-06-14,2022-06-15,6.33,6.26,5200,-437.2420000000015,-1.10584518167457,调仓换股
600962.SH,2022-06-14,2022-06-16,10.77,10.65,1500,-216.94999999999882,-1.1142061281336975,调仓换股
920139.BJ,2022-06-15,2022-06-16,16.53,17.36,2100,1660.9739999999965,5.021173623714448,调仓换股
600725.SH,2022-06-15,2022-06-17,4.25,4.21,7100,-351.2547500000003,-0.9411764705882361,调仓换股
002121.SZ,2022-06-17,2022-06-20,6.65,6.97,3000,912.9524999999983,4.812030075187961,调仓换股
000822.SZ,2022-06-15,2022-06-21,9.24,8.77,2700,-1322.277750000002,-5.086580086580093,第5天未盈利 (-5.1%)
600006.SH,2022-06-16,2022-06-22,7.69,7.61,2500,-243.05000000000018,-1.0403120936280894,第5天未盈利 (-1.0%)
000599.SZ,2022-06-16,2022-06-22,4.11,4.05,4100,-284.2100000000021,-1.4598540145985521,第5天未盈利 (-1.5%)
600233.SH,2022-06-21,2022-06-22,19.74,19.09,1600,-1108.723999999998,-3.292806484295839,调仓换股
603619.SH,2022-06-20,2022-06-24,19.76,19.39,1000,-413.780000000001,-1.8724696356275352,第5天未盈利 (-1.9%)
000819.SZ,2022-06-22,2022-06-27,13.53,13.88,2000,637.5400000000028,2.586844050258695,调仓换股
688078.SH,2022-06-24,2022-06-27,51.26,51.49,500,57.07375000000198,0.44869293796333204,调仓换股
001212.SZ,2022-06-23,2022-06-28,43.39,45.99,300,747.4060000000004,5.9921640931090145,调仓换股
603139.SH,2022-06-23,2022-06-29,20.17,19.47,1200,-892.5690000000035,-3.4705007436787443,第5天未盈利 (-3.5%)
301102.SZ,2022-06-27,2022-06-29,31.6,32.25,900,519.6937499999988,2.056962025316451,调仓换股
920792.BJ,2022-06-27,2022-06-29,7.18,7.42,3500,781.5675000000008,3.342618384401117,调仓换股
002399.SZ,2022-06-28,2022-06-30,17.17,17.58,2400,889.0679999999918,2.38788584740825,调仓换股
920471.BJ,2022-06-29,2022-06-30,19.29,19.5,3600,598.050000000003,1.0886469673405956,调仓换股
688559.SH,2022-06-29,2022-06-30,72.29,72.7,300,73.92749999999897,0.5671600497994143,调仓换股
603139.SH,2022-06-29,2022-06-30,19.47,20.2,1300,889.9150000000005,3.749357986646125,调仓换股
605068.SH,2022-06-30,2022-07-01,23.35,23.99,800,468.6159999999976,2.7408993576017,调仓换股
300871.SZ,2022-06-30,2022-07-04,22.12,24.24,1400,2891.643999999996,9.58408679927666,调仓换股
002222.SZ,2022-07-01,2022-07-05,16.57,15.96,2300,-1485.5929999999987,-3.681351840675917,调仓换股
600551.SH,2022-06-30,2022-07-06,11.31,10.32,3300,-3343.626000000001,-8.753315649867375,第5天未盈利 (-8.8%)
603997.SH,2022-06-30,2022-07-06,10.88,10.82,1900,-160.25550000000092,-0.5514705882352987,第5天未盈利 (-0.6%)
300523.SZ,2022-07-04,2022-07-06,26.6,24.78,1500,-2813.6325000000006,-6.842105263157896,调仓换股
002454.SZ,2022-07-05,2022-07-07,9.94,10.1,2000,274.5500000000003,1.6096579476861181,放量阴线
603758.SH,2022-07-06,2022-07-08,9.25,10.45,2500,2941.218749999998,12.972972972972965,调仓换股
002454.SZ,2022-07-07,2022-07-08,10.1,10.08,2200,-93.89599999999906,-0.1980198019801938,放量阴线
002355.SZ,2022-07-07,2022-07-08,6.22,6.05,2400,-442.0399999999998,-2.733118971061092,放量阴线
002674.SZ,2022-07-07,2022-07-12,11.47,10.85,2500,-1611.0312500000025,-5.405405405405414,调仓换股
002355.SZ,2022-07-08,2022-07-14,6.05,5.61,2700,-1223.2939999999985,-7.2727272727272645,第5天未盈利 (-7.3%)
603737.SH,2022-07-12,2022-07-15,121.2,109.17,200,-2455.1265,-9.925742574257427,ATR止损 (ATR=5.91)
002703.SZ,2022-07-14,2022-07-18,11.07,11.52,1700,720.8319999999989,4.065040650406497,调仓换股
603737.SH,2022-07-15,2022-07-18,109.17,107.83,200,-316.52350000000064,-1.2274434368416263,调仓换股
002991.SZ,2022-07-18,2022-07-19,63.1,63.99,400,298.4090000000002,1.410459587955627,调仓换股
688276.SH,2022-07-18,2022-07-20,56.16,59.61,400,1326.351000000001,6.143162393162398,调仓换股
920092.BJ,2022-07-19,2022-07-21,16.5,16.39,3400,-499.3834999999981,-0.6666666666666632,调仓换股
603893.SH,2022-07-20,2022-07-21,92.31,95.37,200,568.8520000000005,3.314917127071826,调仓换股
002589.SZ,2022-07-20,2022-07-21,4.47,4.67,5600,1061.1580000000008,4.474272930648774,调仓换股
002703.SZ,2022-07-20,2022-07-22,10.03,10.16,1400,148.5520000000011,1.2961116650049929,调仓换股
300568.SZ,2022-07-21,2022-07-25,29.09,29.09,1000,-65.4525,0.0,调仓换股
002501.SZ,2022-07-22,2022-07-25,2.32,2.35,11000,271.8375000000027,1.2931034482758728,调仓换股
300882.SZ,2022-07-25,2022-07-26,17.37,17.62,1400,294.497,1.4392630972941851,调仓换股
000546.SZ,2022-07-25,2022-07-26,17.8,18.55,1300,920.74125,4.213483146067416,调仓换股
300274.SZ,2022-07-26,2022-07-27,110.7,119.75,200,1756.1124999999995,8.175248419150856,调仓换股
300073.SZ,2022-07-26,2022-07-28,98.95,94.18,300,-1494.5714999999987,-4.82061647296614,调仓换股
688189.SH,2022-07-27,2022-07-28,23.35,22.91,700,-345.07400000000086,-1.8843683083511829,调仓换股
300129.SZ,2022-07-28,2022-07-29,9.11,9.4,3700,994.7450000000035,3.18331503841933,调仓换股
000899.SZ,2022-07-28,2022-08-01,12.38,14.22,1700,3073.6084999999994,14.862681744749596,调仓换股
300919.SZ,2022-07-29,2022-08-01,124.2,133.16,200,1732.0779999999986,7.214170692431557,调仓换股
920175.BJ,2022-08-01,2022-08-05,9.06,9.81,3500,2547.74625,8.278145695364238,调仓换股
688607.SH,2022-08-01,2022-08-05,28.81,29.3,600,253.8400000000012,1.7007983339118433,调仓换股
002996.SZ,2022-08-05,2022-08-08,17.91,19.7,1000,1745.599999999999,9.994416527079839,调仓换股
603997.SH,2022-08-05,2022-08-08,13.81,14.88,1500,1554.7800000000007,7.748008689355541,调仓换股
601369.SH,2022-08-08,2022-08-09,11.52,11.79,2100,511.29224999999906,2.3437499999999964,调仓换股
920826.BJ,2022-08-09,2022-08-10,10.58,10.26,4800,-1646.8080000000014,-3.0245746691871482,调仓换股
600996.SH,2022-08-08,2022-08-12,10.03,9.8,2400,-604.9199999999968,-2.2931206380857296,第5天未盈利 (-2.3%)
000678.SZ,2022-08-08,2022-08-12,7.27,6.78,2500,-1263.8999999999985,-6.740027510316359,第5天未盈利 (-6.7%)
000755.SZ,2022-08-08,2022-08-12,6.18,5.62,2700,-1547.3479999999988,-9.061488673139152,第5天未盈利 (-9.1%)
000899.SZ,2022-08-11,2022-08-12,10.26,10.05,1500,-350.1499999999986,-2.0467836257309853,调仓换股
688162.SH,2022-08-12,2022-08-15,66.43,69.53,300,883.0672499999982,4.666566310401918,调仓换股
688567.SH,2022-08-12,2022-08-15,31.98,35.2,800,2512.640000000002,10.068792995622271,调仓换股
000678.SZ,2022-08-12,2022-08-16,6.78,7.13,3000,1001.8724999999988,5.162241887905599,调仓换股
688170.SH,2022-08-12,2022-08-16,54.99,64.51,400,3749.941000000001,17.31223858883434,调仓换股
600477.SH,2022-08-15,2022-08-16,5.09,5.27,4000,672.5699999999988,3.5363457760314283,调仓换股
000899.SZ,2022-08-15,2022-08-16,10.17,10.61,1700,706.9259999999991,4.326450344149454,调仓换股
688386.SH,2022-08-16,2022-08-17,54.62,51.8,400,-1174.6200000000001,-5.162943976565361,放量阴线
300397.SZ,2022-08-16,2022-08-17,12.39,12.28,2000,-275.26000000000244,-0.8878127522195417,调仓换股
000547.SZ,2022-08-16,2022-08-17,12.72,12.79,2600,107.17849999999615,0.5503144654087933,调仓换股
688386.SH,2022-08-17,2022-08-18,51.8,55.49,400,1426.059000000002,7.123552123552133,调仓换股
301117.SZ,2022-08-17,2022-08-18,60.93,61.51,400,176.64099999999934,0.9519120301985857,调仓换股
300537.SZ,2022-08-17,2022-08-19,16.96,16.91,1200,-105.65700000000086,-0.29481132075472116,调仓换股
300110.SZ,2022-08-18,2022-08-19,4.89,4.73,5700,-972.6622499999958,-3.2719836400817846,调仓换股
920510.BJ,2022-08-16,2022-08-22,11.71,11.13,2200,-1331.0935000000004,-4.953031596925705,第5天未盈利 (-5.0%)
688235.SH,2022-08-22,2022-08-23,104.06,101.6,400,-1075.4400000000032,-2.364020757255437,调仓换股
300537.SZ,2022-08-22,2022-08-23,16.2,16.37,1200,159.71200000000204,1.0493827160493934,调仓换股
688521.SH,2022-08-18,2022-08-24,59.3,52.94,400,-2591.6459999999997,-10.72512647554806,第5天未盈利 (-10.7%)
300620.SZ,2022-08-22,2022-08-24,45.12,42.9,600,-1389.9149999999993,-4.920212765957445,调仓换股
301086.SZ,2022-08-23,2022-08-24,73.32,68.9,400,-1830.009999999995,-6.028368794326225,调仓换股
688328.SH,2022-08-23,2022-08-25,31.4,28.81,600,-1593.5720000000001,-8.2484076433121,调仓换股
920985.BJ,2022-08-24,2022-08-26,11.89,11.5,1200,-500.6000000000007,-3.28006728343146,调仓换股
300650.SZ,2022-08-25,2022-08-26,14.86,15.61,1100,785.6579999999999,5.0471063257065945,调仓换股
688160.SH,2022-08-26,2022-08-31,40.18,37.66,400,-1043.1280000000013,-6.2717770034843285,调仓换股
688596.SH,2022-08-26,2022-09-01,29.86,27.33,700,-1814.262000000001,-8.472873409243139,第5天未盈利 (-8.5%)
688226.SH,2022-08-31,2022-09-02,18.04,18.18,1000,98.64000000000055,0.7760532150776085,调仓换股
688596.SH,2022-09-01,2022-09-02,27.33,30.02,800,2097.964000000001,9.84266373948043,调仓换股
002334.SZ,2022-09-02,2022-09-07,8.99,9.61,2200,1316.4304999999981,6.896551724137923,调仓换股
688125.SH,2022-09-02,2022-09-08,69.5,63.43,300,-1864.058,-8.733812949640289,第5天未盈利 (-8.7%)
688369.SH,2022-09-07,2022-09-08,57.66,58.39,500,299.311250000002,1.2660423170308777,调仓换股
300396.SZ,2022-09-06,2022-09-09,17.56,17.09,2500,-1271.1312499999972,-2.676537585421406,调仓换股
000702.SZ,2022-09-08,2022-09-09,6.6,6.85,3200,750.6800000000001,3.787878787878788,调仓换股
688269.SH,2022-09-06,2022-09-13,128.88,125.11,200,-810.2994999999993,-2.925201738050897,第5天未盈利 (-2.9%)
688125.SH,2022-09-08,2022-09-13,63.43,64.1,200,103.35999999999893,1.0562825161595373,调仓换股
002334.SZ,2022-09-09,2022-09-13,9.06,8.91,2100,-357.42200000000076,-1.6556291390728517,调仓换股
002264.SZ,2022-09-09,2022-09-14,6.14,6.28,3900,490.89300000000225,2.2801302931596186,调仓换股
300806.SZ,2022-09-13,2022-09-14,29.95,28.78,700,-864.3284999999987,-3.9065108514190254,调仓换股
300918.SZ,2022-09-13,2022-09-14,9.82,9.7,3300,-468.0225000000033,-1.2219959266802545,调仓换股
002543.SZ,2022-09-14,2022-09-15,10.53,10.56,1600,9.208000000001817,0.28490028490029573,调仓换股
600757.SH,2022-09-13,2022-09-19,5.86,5.64,11400,-2652.666000000007,-3.754266211604106,第5天未盈利 (-3.8%)
301193.SZ,2022-09-15,2022-09-20,36.8,36.93,700,32.83525000000179,0.3532608695652244,调仓换股
600586.SH,2022-09-19,2022-09-22,10.24,10.34,2100,161.14349999999925,0.9765624999999966,调仓换股
300517.SZ,2022-09-22,2022-09-23,14.92,14.04,1400,-1276.312000000001,-5.8981233243967885,调仓换股
300876.SZ,2022-09-20,2022-09-26,29.82,26.7,600,-1909.0400000000006,-10.462776659959761,第5天未盈利 (-10.5%)
688501.SH,2022-09-23,2022-09-27,24.8,25.18,700,225.7479999999993,1.532258064516125,调仓换股
300454.SZ,2022-09-27,2022-09-28,105.8,100.68,300,-1603.9589999999969,-4.839319470699424,调仓换股
601991.SH,2022-09-26,2022-09-29,3.49,3.37,9800,-1250.3085000000012,-3.4383954154727823,调仓换股
920163.BJ,2022-09-28,2022-09-29,5.81,5.58,4500,-1091.4974999999977,-3.958691910499132,调仓换股
603955.SH,2022-09-29,2022-09-30,19.65,19.83,1200,162.45899999999966,0.9160305343511437,调仓换股
000719.SZ,2022-09-29,2022-09-30,7.59,7.37,4200,-993.6464999999989,-2.898550724637678,调仓换股
920533.BJ,2022-09-30,2022-10-10,14.66,14.76,1700,113.54299999999942,0.6821282401091381,调仓换股
920271.BJ,2022-09-30,2022-10-11,9.5,11.0,1100,1620.8000000000002,15.789473684210526,调仓换股
300721.SZ,2022-10-10,2022-10-12,47.54,46.07,500,-786.8287499999993,-3.092132940681529,调仓换股
688093.SH,2022-10-11,2022-10-13,21.44,23.56,1000,2066.9899999999975,9.888059701492525,调仓换股
601975.SH,2022-10-12,2022-10-14,4.67,5.21,4700,2482.90425,11.563169164882229,调仓换股
000929.SZ,2022-10-13,2022-10-17,9.64,9.95,2300,661.508749999997,3.215767634854758,调仓换股
920271.BJ,2022-10-14,2022-10-17,10.05,10.27,1100,214.40599999999876,2.1890547263681475,调仓换股
600303.SH,2022-10-18,2022-10-20,7.73,6.97,3900,-3025.161750000003,-9.83182406209574,放量阴线
600303.SH,2022-10-20,2022-10-21,6.97,6.62,4000,-1459.5799999999986,-5.021520803443324,调仓换股
920010.BJ,2022-10-19,2022-10-24,4.26,4.08,6200,-1172.9159999999983,-4.22535211267605,调仓换股
002715.SZ,2022-10-21,2022-10-27,22.09,20.78,1500,-2035.1324999999983,-5.930285196921678,第5天未盈利 (-5.9%)
600230.SH,2022-10-24,2022-10-27,21.0,18.11,1100,-3223.842,-13.761904761904765,ATR止损 (ATR=1.42)
002715.SZ,2022-10-27,2022-10-28,20.78,19.6,1600,-1958.5599999999993,-5.678537054860441,调仓换股
300137.SZ,2022-10-27,2022-10-28,6.08,5.82,8200,-2239.3789999999985,-4.2763157894736805,调仓换股
603083.SH,2022-10-28,2022-10-31,12.02,11.99,2600,-148.14149999999833,-0.24958402662229087,调仓换股
003002.SZ,2022-10-31,2022-11-01,18.69,19.84,1000,1105.3199999999988,6.153023006955583,调仓换股
920832.BJ,2022-10-28,2022-11-02,5.94,5.94,7300,-97.56450000000001,0.0,调仓换股
603658.SH,2022-11-01,2022-11-03,66.92,71.15,300,1220.973750000001,6.3209802749551764,调仓换股
688337.SH,2022-11-02,2022-11-03,103.8,108.58,200,907.1390000000002,4.6050096339113695,调仓换股
688085.SH,2022-11-02,2022-11-03,29.99,31.05,700,693.0962500000015,3.534511503834619,调仓换股
300559.SZ,2022-11-02,2022-11-04,9.81,9.79,2300,-96.6632500000031,-0.20387359836902497,调仓换股
002137.SZ,2022-11-03,2022-11-08,6.2,6.37,3200,498.13599999999974,2.741935483870966,调仓换股
300341.SZ,2022-11-03,2022-11-08,10.68,10.2,2300,-1156.785000000001,-4.494382022471914,调仓换股
688112.SH,2022-11-04,2022-11-10,105.98,98.8,200,-1480.5200000000013,-6.7748631817324085,第5天未盈利 (-6.8%)
688295.SH,2022-11-08,2022-11-10,47.5,46.45,600,-692.7074999999983,-2.2105263157894677,调仓换股
688016.SH,2022-11-08,2022-11-14,208.0,205.99,100,-247.34774999999908,-0.9663461538461494,第5天未盈利 (-1.0%)
920175.BJ,2022-11-10,2022-11-15,13.07,13.02,4500,-356.82750000000317,-0.3825554705432342,调仓换股
300598.SZ,2022-11-10,2022-11-15,54.74,55.08,400,86.42799999999852,0.6211180124223534,调仓换股
920576.BJ,2022-11-03,2022-11-16,18.8,17.0,500,-922.0000000000003,-9.574468085106387,放量阴线
688501.SH,2022-11-15,2022-11-16,31.52,32.64,600,627.8320000000007,3.55329949238579,调仓换股
003007.SZ,2022-11-14,2022-11-17,25.94,27.31,600,784.2279999999985,5.281418658442549,调仓换股
300575.SZ,2022-11-16,2022-11-17,22.4,22.75,1600,478.1000000000023,1.5625000000000067,调仓换股
920576.BJ,2022-11-16,2022-11-18,17.0,17.0,500,-22.0,0.0,放量阴线
301278.SZ,2022-11-17,2022-11-18,107.24,109.24,200,350.842,1.864975755315181,调仓换股
920046.BJ,2022-11-15,2022-11-21,6.04,6.13,4200,320.07149999999945,1.4900662251655605,调仓换股
920576.BJ,2022-11-18,2022-11-21,17.0,16.0,600,-624.2,-5.88235294117647,放量阴线
603505.SH,2022-11-18,2022-11-21,47.12,46.95,700,-192.94624999999624,-0.36078098471985276,调仓换股
301063.SZ,2022-11-17,2022-11-23,35.82,35.5,600,-239.92500000000018,-0.8933556672250147,第5天未盈利 (-0.9%)
301102.SZ,2022-11-21,2022-11-23,30.44,28.84,1000,-1664.8900000000012,-5.256241787122212,调仓换股
300667.SZ,2022-11-21,2022-11-23,19.83,18.82,1100,-1157.5794999999978,-5.093292990418548,调仓换股
688103.SH,2022-11-21,2022-11-24,72.55,71.88,300,-249.5190000000005,-0.9235010337698163,调仓换股
003006.SZ,2022-11-23,2022-11-24,12.4,13.06,2300,1450.4145000000003,5.322580645161292,调仓换股
300795.SZ,2022-11-23,2022-11-25,34.8,35.99,600,665.4135000000028,3.4195402298850714,调仓换股
300860.SZ,2022-11-23,2022-11-25,50.9,50.41,500,-301.711250000001,-0.9626719056974499,调仓换股
688561.SH,2022-11-24,2022-11-28,63.6,62.11,400,-651.8990000000009,-2.342767295597487,调仓换股
301286.SZ,2022-11-25,2022-11-28,24.67,24.19,1000,-534.4275000000005,-1.945683015808676,调仓换股
002999.SZ,2022-11-24,2022-11-29,10.09,9.75,1900,-688.0499999999997,-3.369672943508423,调仓换股
600613.SH,2022-11-25,2022-11-30,9.69,10.8,1700,1845.2800000000022,11.45510835913314,调仓换股
688023.SH,2022-11-29,2022-11-30,199.0,198.72,100,-72.74400000000011,-0.14070351758794028,调仓换股
301208.SZ,2022-11-29,2022-12-01,56.6,56.6,400,-50.94,0.0,调仓换股
688227.SH,2022-11-30,2022-12-01,21.55,23.39,1300,2323.58425,8.53828306264501,调仓换股
003004.SZ,2022-11-30,2022-12-02,28.76,29.55,500,360.4499999999996,2.7468706536856713,调仓换股
920476.BJ,2022-12-01,2022-12-02,15.08,16.26,1400,1600.7810000000022,7.8249336870026625,调仓换股
920839.BJ,2022-11-29,2022-12-05,6.98,7.0,5600,23.79999999999761,0.28653295128939216,调仓换股
603298.SH,2022-12-01,2022-12-05,18.45,18.9,2100,855.6974999999984,2.439024390243899,调仓换股
920469.BJ,2022-12-05,2022-12-06,7.02,8.01,2800,2721.5370000000007,14.102564102564106,调仓换股
920266.BJ,2022-12-02,2022-12-07,7.99,7.91,3000,-293.39250000000027,-1.0012515644555704,调仓换股
003004.SZ,2022-12-05,2022-12-07,29.08,29.1,600,-27.919999999998126,0.06877579092160635,调仓换股
300515.SZ,2022-12-02,2022-12-08,14.57,13.68,1900,-1749.482000000001,-6.1084420041180545,第5天未盈利 (-6.1%)
300838.SZ,2022-12-06,2022-12-08,16.9,17.13,2300,440.35225000000105,1.360946745562133,调仓换股
688221.SH,2022-12-07,2022-12-09,17.4,18.73,800,1029.0320000000015,7.643678160919551,调仓换股
300515.SZ,2022-12-08,2022-12-09,13.68,13.69,2200,-45.76550000000047,0.0730994152046768,调仓换股
920634.BJ,2022-12-08,2022-12-12,8.93,8.73,3400,-746.7844999999976,-2.2396416573348183,调仓换股
002181.SZ,2022-12-07,2022-12-13,5.96,5.39,2500,-1456.9500000000005,-9.56375838926175,第5天未盈利 (-9.6%)
301091.SZ,2022-12-09,2022-12-13,25.68,26.27,800,424.7139999999998,2.2975077881619934,调仓换股
300174.SZ,2022-12-12,2022-12-14,23.39,23.3,1000,-142.42499999999987,-0.3847798204360832,调仓换股
002181.SZ,2022-12-13,2022-12-14,5.39,5.44,3100,116.27200000000221,0.9276437847866551,调仓换股
000797.SZ,2022-12-09,2022-12-15,3.84,3.96,6600,733.1940000000008,3.1250000000000027,调仓换股
600571.SH,2022-12-13,2022-12-15,10.0,10.24,1900,412.08800000000036,2.400000000000002,调仓换股
002305.SZ,2022-12-14,2022-12-15,2.91,3.01,7500,699.2062499999973,3.4364261168384758,调仓换股
688558.SH,2022-12-14,2022-12-16,39.28,38.2,600,-699.5699999999989,-2.7494908350305454,调仓换股
688068.SH,2022-12-16,2022-12-19,78.83,75.82,200,-637.328000000001,-3.8183432703285614,调仓换股
301077.SZ,2022-12-15,2022-12-20,24.61,23.88,1300,-1018.8490000000005,-2.9662738724095914,调仓换股
603580.SH,2022-12-19,2022-12-20,15.24,16.37,2200,2404.9685000000018,7.414698162729663,调仓换股
002150.SZ,2022-12-20,2022-12-22,22.33,21.83,1100,-604.02925,-2.239140170174653,调仓换股
920641.BJ,2022-12-20,2022-12-26,10.67,10.51,2300,-422.38925000000035,-1.4995313964386143,第5天未盈利 (-1.5%)
300147.SZ,2022-12-22,2022-12-26,6.72,6.61,2700,-337.6939999999984,-1.6369047619047536,调仓换股
920641.BJ,2022-12-26,2022-12-27,10.51,10.75,2600,561.1125000000005,2.2835394862036176,调仓换股
688247.SH,2022-12-26,2022-12-29,18.75,17.82,800,-777.5119999999997,-4.959999999999998,调仓换股
301227.SZ,2022-12-29,2022-12-30,32.11,30.75,1000,-1429.1874999999995,-4.235440672687635,调仓换股
000756.SZ,2022-12-27,2023-01-03,34.21,30.95,500,-1665.9500000000005,-9.529377375036544,第5天未盈利 (-9.5%)
688286.SH,2022-12-30,2023-01-03,49.3,52.35,500,1466.106250000002,6.186612576064918,调仓换股
002508.SZ,2023-01-03,2023-01-04,27.09,28.72,1500,2348.069999999999,6.016980435585083,调仓换股
002981.SZ,2023-01-04,2023-01-06,28.04,28.49,1300,501.6667499999991,1.604850213980026,调仓换股
000756.SZ,2023-01-03,2023-01-09,30.95,29.92,500,-549.9199999999988,-3.327948303715663,第5天未盈利 (-3.3%)
600056.SH,2023-01-03,2023-01-09,17.31,16.2,1100,-1261.6399999999992,-6.4124783362218345,第5天未盈利 (-6.4%)
688247.SH,2023-01-03,2023-01-09,17.43,16.61,900,-772.8980000000001,-4.704532415375791,第5天未盈利 (-4.7%)
000756.SZ,2023-01-09,2023-01-10,29.92,29.7,600,-172.64000000000144,-0.7352941176470669,调仓换股
000529.SZ,2023-01-09,2023-01-10,8.37,8.41,2900,61.12475000000268,0.4778972520908116,调仓换股
002933.SZ,2023-01-06,2023-01-11,28.12,29.96,900,1595.331,6.543385490753911,调仓换股
002627.SZ,2023-01-09,2023-01-11,5.34,5.22,6400,-843.1680000000007,-2.247191011235957,调仓换股
300869.SZ,2023-01-10,2023-01-11,28.82,29.15,700,185.0887499999988,1.1450381679389254,调仓换股
002033.SZ,2023-01-10,2023-01-12,10.9,10.71,2300,-492.42424999999884,-1.7431192660550412,调仓换股
000029.SZ,2023-01-11,2023-01-12,12.41,12.51,1900,136.5197499999993,0.8058017727638972,调仓换股
000529.SZ,2023-01-11,2023-01-13,8.04,8.47,3100,1273.9217500000045,5.348258706467681,调仓换股
600838.SH,2023-01-12,2023-01-16,6.71,6.87,5300,766.0752500000008,2.384500745156485,调仓换股
600187.SH,2023-01-11,2023-01-17,2.93,2.86,9600,-733.7760000000028,-2.3890784982935247,第5天未盈利 (-2.4%)
600576.SH,2023-01-12,2023-01-17,6.94,7.28,4300,1391.5659999999991,4.899135446685877,调仓换股
002591.SZ,2023-01-13,2023-01-17,6.97,7.48,2500,1232.6000000000015,7.3170731707317165,调仓换股
603696.SH,2023-01-16,2023-01-18,9.98,9.75,3200,-806.2000000000014,-2.3046092184368776,调仓换股
600892.SH,2023-01-17,2023-01-18,4.79,4.99,6000,1132.6350000000011,4.175365344467644,调仓换股
600187.SH,2023-01-17,2023-01-18,2.86,2.85,11000,-180.53749999999766,-0.3496503496503422,调仓换股
000757.SZ,2023-01-18,2023-01-19,4.3,4.32,13800,141.86400000000634,0.4651162790697782,调仓换股
002518.SZ,2023-01-18,2023-01-20,58.4,58.6,500,34.075000000001424,0.3424657534246624,调仓换股
002875.SZ,2023-01-17,2023-01-30,20.54,18.06,600,-1514.6720000000003,-12.07400194741967,第5天未盈利 (-12.1%)
301268.SZ,2023-01-18,2023-01-30,58.26,61.48,500,1540.8349999999996,5.5269481634054225,调仓换股
002235.SZ,2023-01-19,2023-01-31,7.65,8.37,2000,1401.5199999999977,9.411764705882337,调仓换股
300863.SZ,2023-01-20,2023-02-01,99.16,101.15,300,528.7237500000027,2.0068576038725383,调仓换股
002875.SZ,2023-01-30,2023-02-01,18.06,17.55,700,-386.5699999999987,-2.8239202657807203,调仓换股
300911.SZ,2023-01-30,2023-02-02,49.81,47.81,600,-1264.5434999999998,-4.015257980325235,放量阴线
603816.SH,2023-01-31,2023-02-02,42.67,42.63,800,-108.73399999999931,-0.09374267635340788,调仓换股
002242.SZ,2023-02-01,2023-02-03,18.74,18.73,2600,-135.57049999999484,-0.053361792956232716,调仓换股
300911.SZ,2023-02-02,2023-02-03,47.81,48.29,600,222.80849999999816,1.0039740640033399,调仓换股
603367.SH,2023-02-02,2023-02-03,14.71,14.55,2800,-539.6650000000004,-1.0876954452753238,调仓换股
000661.SZ,2023-02-03,2023-02-06,199.45,204.8,200,977.8400000000045,2.682376535472561,调仓换股
000938.SZ,2023-02-01,2023-02-07,23.3,23.35,1900,-4.821249999998656,0.21459227467811462,调仓换股
002929.SZ,2023-02-03,2023-02-07,44.57,44.86,1000,189.06499999999915,0.6506618801884656,调仓换股
601877.SH,2023-02-03,2023-02-08,31.41,30.94,1300,-701.4994999999985,-1.4963387456224098,调仓换股
920641.BJ,2023-02-07,2023-02-08,11.6,11.06,3000,-1694.6549999999977,-4.655172413793096,放量阴线
300976.SZ,2023-02-07,2023-02-08,51.62,52.28,900,488.1330000000032,1.2785741960480506,调仓换股
688508.SH,2023-02-07,2023-02-08,79.35,76.28,300,-972.488999999998,-3.868935097668549,调仓换股
603501.SH,2023-02-08,2023-02-09,91.7,95.0,500,1543.1249999999986,3.5986913849509237,调仓换股
600763.SH,2023-02-09,2023-02-10,158.34,155.01,200,-735.7545000000024,-2.1030693444486626,调仓换股
002607.SZ,2023-02-09,2023-02-13,5.82,6.15,5800,1833.7425000000003,5.670103092783505,调仓换股
002651.SZ,2023-02-10,2023-02-13,7.97,8.11,4100,499.18524999999863,1.7565872020075244,调仓换股
920641.BJ,2023-02-08,2023-02-14,11.06,11.22,3200,431.21600000000046,1.4466546112115743,调仓换股
300049.SZ,2023-02-09,2023-02-14,27.17,27.8,1100,624.1949999999988,2.318733897681262,调仓换股
301112.SZ,2023-02-13,2023-02-14,37.62,37.98,800,219.63599999999957,0.9569377990430608,调仓换股
688083.SH,2023-02-14,2023-02-15,213.23,219.08,100,535.7070000000023,2.743516390751781,调仓换股
603261.SH,2023-02-14,2023-02-15,39.93,40.48,1000,458.9199999999971,1.377410468319552,调仓换股
002472.SZ,2023-02-13,2023-02-16,29.28,27.76,1200,-1898.9519999999993,-5.191256830601091,调仓换股
600971.SH,2023-02-14,2023-02-16,8.26,8.09,8600,-1618.5414999999994,-2.0581113801452777,调仓换股
688176.SH,2023-02-15,2023-02-17,15.71,14.33,1800,-2542.036500000001,-8.78421387651178,调仓换股
603663.SH,2023-02-17,2023-02-20,15.78,16.0,2900,533.6000000000018,1.394169835234478,调仓换股
605133.SH,2023-02-15,2023-02-21,38.52,38.31,600,-177.7185000000005,-0.5451713395638651,第5天未盈利 (-0.5%)
688319.SH,2023-02-20,2023-02-21,19.05,20.13,1500,1552.0612499999977,5.669291338582668,调仓换股
688526.SH,2023-02-20,2023-02-21,29.42,29.79,1200,363.56699999999694,1.2576478585995834,调仓换股
002334.SZ,2023-02-20,2023-02-21,11.29,11.34,2900,71.00650000000206,0.4428697962799001,调仓换股
688125.SH,2023-02-21,2023-02-22,53.17,54.12,600,496.9379999999975,1.7867218356215833,调仓换股
603050.SH,2023-02-21,2023-02-23,21.9,21.85,1600,-158.65999999999545,-0.22831050228309205,调仓换股
002824.SZ,2023-02-22,2023-02-23,38.46,40.68,900,1915.622999999999,5.7722308892355665,调仓换股
688365.SH,2023-02-21,2023-02-24,12.24,12.47,1700,343.3022500000007,1.8790849673202648,调仓换股
300520.SZ,2023-02-23,2023-02-24,22.87,23.13,1000,207.95749999999802,1.136860515959764,调仓换股
300895.SZ,2023-02-21,2023-02-27,39.47,36.93,500,-1311.9299999999994,-6.435267291613882,第5天未盈利 (-6.4%)
300433.SZ,2023-02-23,2023-02-27,12.88,12.56,3900,-1358.214000000001,-2.484472049689443,调仓换股
688182.SH,2023-02-27,2023-03-01,17.6,18.91,1600,2027.9239999999984,7.4431818181818095,调仓换股
300183.SZ,2023-02-27,2023-03-01,16.52,17.13,2900,1657.2267499999987,3.692493946731232,调仓换股
301040.SZ,2023-02-28,2023-03-02,25.4,26.6,1300,1482.1950000000038,4.72440944881891,调仓换股
300716.SZ,2023-03-01,2023-03-02,20.01,20.2,1000,144.54999999999774,0.949525237381298,调仓换股
301093.SZ,2023-03-02,2023-03-03,33.57,33.56,1300,-111.16299999999741,-0.029788501638361664,调仓换股
300539.SZ,2023-02-28,2023-03-06,14.34,14.05,2300,-739.7087499999982,-2.0223152022315145,第5天未盈利 (-2.0%)
002971.SZ,2023-03-01,2023-03-06,23.59,24.28,1500,953.0550000000019,2.924968206867322,调仓换股
603298.SH,2023-03-02,2023-03-06,20.78,20.58,1900,-467.9795000000054,-0.9624639076034786,调仓换股
300539.SZ,2023-03-06,2023-03-07,14.05,13.45,2700,-1701.7087500000039,-4.2704626334519675,调仓换股
300930.SZ,2023-03-06,2023-03-07,29.69,28.58,1300,-1526.596500000004,-3.738632536207487,调仓换股
301062.SZ,2023-03-06,2023-03-07,10.06,9.74,3500,-1196.7025000000008,-3.1809145129224676,调仓换股
603040.SH,2023-03-03,2023-03-09,23.33,22.0,1200,-1655.399999999998,-5.700814402057429,第5天未盈利 (-5.7%)
002215.SZ,2023-03-07,2023-03-10,7.0,7.1,6200,520.9549999999979,1.4285714285714235,调仓换股
920808.BJ,2023-03-10,2023-03-13,37.39,38.48,800,802.735999999997,2.9152179727199687,调仓换股
001323.SZ,2023-03-09,2023-03-14,42.28,40.15,800,-1776.2700000000018,-5.0378429517502425,调仓换股
920663.BJ,2022-03-29,2023-03-15,17.99,11.73,700,-4403.421999999999,-34.7971095052807,ATR止损 (ATR=2.20)
603042.SH,2023-03-14,2023-03-16,13.54,14.0,2200,942.7000000000019,3.3973412112260037,调仓换股
920770.BJ,2023-03-13,2023-03-17,6.74,6.25,3600,-1814.6250000000007,-7.270029673590507,第5天未盈利 (-7.3%)
603611.SH,2023-03-16,2023-03-20,20.32,20.36,2000,-11.62000000000171,0.1968503937007832,调仓换股
000425.SZ,2023-03-15,2023-03-21,6.87,6.71,7400,-1295.7215000000012,-2.328966521106261,第5天未盈利 (-2.3%)
920770.BJ,2023-03-17,2023-03-21,6.25,6.47,3900,801.225749999999,3.519999999999996,调仓换股
688227.SH,2023-03-21,2023-03-22,31.02,32.29,700,838.1432499999997,4.094132817537072,调仓换股
601619.SH,2023-03-21,2023-03-22,4.26,4.31,14100,568.2652499999975,1.1737089201877893,调仓换股
002796.SZ,2023-03-22,2023-03-23,12.61,12.88,1800,433.8360000000024,2.1411578112609146,调仓换股
300252.SZ,2023-03-22,2023-03-23,10.8,11.26,2100,912.7964999999981,4.25925925925925,调仓换股
688566.SH,2023-03-20,2023-03-24,29.15,28.86,1100,-390.4284999999991,-0.9948542024013693,第5天未盈利 (-1.0%)
688117.SH,2023-03-23,2023-03-24,33.89,34.03,1000,63.43250000000057,0.4131012097964018,调仓换股
603277.SH,2023-03-22,2023-03-27,20.41,19.73,2200,-1593.6634999999992,-3.33170014698677,调仓换股
301333.SZ,2023-03-23,2023-03-27,115.05,114.57,200,-147.5565000000008,-0.4172099087353359,调仓换股
600211.SH,2023-03-22,2023-03-28,52.18,50.8,600,-896.5800000000016,-2.644691452663861,第5天未盈利 (-2.6%)
920509.BJ,2023-03-27,2023-03-28,15.3,15.43,3700,352.5452499999963,0.8496732026143726,调仓换股
000890.SZ,2023-03-27,2023-03-28,5.23,5.54,4800,1428.167999999998,5.927342256214141,调仓换股
688425.SH,2023-03-28,2023-03-29,5.35,5.3,9000,-557.3249999999985,-0.9345794392523332,调仓换股
603871.SH,2023-03-28,2023-03-30,26.04,26.04,1300,-76.167,0.0,调仓换股
688480.SH,2023-03-28,2023-03-31,31.41,30.44,900,-934.6409999999989,-3.088188475007956,调仓换股
300980.SZ,2023-03-30,2023-03-31,20.45,20.89,1800,707.3955000000024,2.151589242053796,调仓换股
688619.SH,2023-03-29,2023-04-03,17.03,17.7,1300,819.2274999999976,3.9342337052260605,调仓换股
000028.SZ,2023-03-30,2023-04-03,43.58,44.35,900,603.1912500000029,1.7668655346489288,调仓换股
300785.SZ,2023-03-30,2023-04-03,48.36,52.11,300,1088.734,7.754342431761787,调仓换股
600449.SH,2023-03-31,2023-04-04,16.31,16.4,1700,90.26999999999978,0.5518087063151432,调仓换股
600475.SH,2023-03-31,2023-04-04,11.54,11.28,2300,-656.3739999999995,-2.253032928942806,调仓换股
600398.SH,2023-04-03,2023-04-04,6.15,6.21,7800,359.01449999999693,0.9756097560975545,调仓换股
688338.SH,2023-04-03,2023-04-04,48.41,49.76,700,866.6280000000011,2.78868002478827,调仓换股
002035.SZ,2023-04-04,2023-04-06,6.8,6.75,5500,-358.53124999999903,-0.7352941176470562,调仓换股
300785.SZ,2023-04-04,2023-04-07,48.3,49.65,400,495.28000000000054,2.7950310559006244,调仓换股
300781.SZ,2023-04-04,2023-04-07,29.7,28.53,800,-987.3539999999985,-3.9393939393939337,调仓换股
301108.SZ,2023-04-04,2023-04-07,38.95,39.06,1400,30.96099999999921,0.2824133504492925,调仓换股
301110.SZ,2023-04-03,2023-04-10,62.39,52.92,300,-2877.752,-15.17871453758615,第5天未盈利 (-15.2%)
601339.SH,2023-04-07,2023-04-10,6.7,6.8,7500,635.2499999999974,1.4925373134328304,调仓换股
002803.SZ,2023-04-06,2023-04-11,19.64,19.04,1000,-643.0800000000013,-3.054989816700618,调仓换股
920033.BJ,2023-04-07,2023-04-11,28.63,27.8,1300,-1160.314999999998,-2.8990569332867566,调仓换股
002229.SZ,2023-04-07,2023-04-12,14.38,13.8,1300,-794.8800000000002,-4.033379694019472,调仓换股
301110.SZ,2023-04-10,2023-04-12,52.92,55.23,300,654.8619999999986,4.365079365079356,调仓换股
000070.SZ,2023-04-11,2023-04-12,9.65,9.91,2800,665.5669999999993,2.6943005181347126,调仓换股
688207.SH,2023-04-11,2023-04-13,42.23,42.08,400,-98.66399999999942,-0.3551977267345456,调仓换股
605339.SH,2023-04-12,2023-04-13,23.93,23.73,2000,-506.78499999999855,-0.8357709987463405,调仓换股
301236.SZ,2023-04-12,2023-04-13,47.6,47.13,400,-230.70399999999955,-0.9873949579831908,调仓换股
920305.BJ,2023-04-10,2023-04-14,13.78,13.59,1300,-287.3339999999994,-1.3788098693759034,第5天未盈利 (-1.4%)
601311.SH,2023-04-12,2023-04-14,9.31,9.22,6200,-686.6189999999991,-0.9667024704618674,调仓换股
000070.SZ,2023-04-13,2023-04-14,9.54,9.53,2700,-84.89474999999942,-0.10482180293500826,调仓换股
300538.SZ,2023-04-13,2023-04-14,15.42,15.96,1300,655.3170000000011,3.501945525291835,调仓换股
300474.SZ,2023-04-13,2023-04-17,108.0,107.05,100,-121.41000000000028,-0.8796296296296323,调仓换股
002832.SZ,2023-04-14,2023-04-17,31.3,31.93,1400,781.4204999999986,2.0127795527156516,调仓换股
002747.SZ,2023-04-14,2023-04-17,25.88,26.03,1600,146.2920000000034,0.5795981452859433,调仓换股
002153.SZ,2023-04-14,2023-04-18,21.85,21.39,900,-457.50200000000075,-2.1052631578947407,调仓换股
300248.SZ,2023-04-17,2023-04-18,11.85,12.18,1800,544.6710000000002,2.784810126582279,调仓换股
300383.SZ,2023-04-17,2023-04-18,12.45,12.59,1900,212.17775000000108,1.1244979919678761,调仓换股
920305.BJ,2023-04-14,2023-04-19,13.59,14.14,1500,777.2775000000009,4.047093451066966,调仓换股
300857.SZ,2023-04-18,2023-04-19,24.76,25.05,1200,280.364999999999,1.1712439418416767,调仓换股
688036.SH,2023-04-18,2023-04-19,106.81,104.6,100,-246.9200000000008,-2.069094654058616,调仓换股
603059.SH,2023-04-17,2023-04-20,25.31,24.66,1700,-1199.3244999999974,-2.5681548794942657,调仓换股
300253.SZ,2023-04-18,2023-04-20,12.86,13.02,1700,222.1985000000002,1.2441679626749624,调仓换股
300369.SZ,2023-04-19,2023-04-20,14.99,15.54,1400,721.0489999999986,3.6691127418278784,调仓换股
002681.SZ,2023-04-19,2023-04-20,5.47,5.73,4000,988.4300000000028,4.7531992687385864,调仓换股
688049.SH,2023-04-19,2023-04-21,40.34,37.26,600,-1898.3010000000031,-7.6351016360932205,调仓换股
000048.SZ,2023-04-20,2023-04-21,23.38,23.18,1800,-453.8789999999987,-0.8554319931565411,调仓换股
300275.SZ,2023-04-20,2023-04-21,22.5,21.07,1000,-1477.4074999999996,-6.355555555555554,调仓换股
300453.SZ,2023-04-20,2023-04-21,10.05,10.05,6100,-137.93625000000003,0.0,调仓换股
002777.SZ,2023-04-20,2023-04-24,36.52,33.55,500,-1523.5500000000031,-8.132530120481944,调仓换股
002681.SZ,2023-04-21,2023-04-24,5.16,5.14,4300,-135.729500000002,-0.3875968992248151,调仓换股
300458.SZ,2023-04-21,2023-04-25,28.17,27.71,700,-365.79400000000055,-1.6329428470003577,调仓换股
688213.SH,2023-04-24,2023-04-26,55.4,49.31,300,-1861.5859999999986,-10.992779783393496,调仓换股
688661.SH,2023-04-24,2023-04-27,91.81,82.0,200,-1999.8000000000006,-10.68511055440584,调仓换股
688244.SH,2023-04-26,2023-04-28,96.0,102.73,100,647.4540000000004,7.0104166666666705,调仓换股
000818.SZ,2023-04-27,2023-04-28,37.65,40.38,900,2375.2305000000033,7.250996015936266,调仓换股
300469.SZ,2023-04-25,2023-05-04,21.4,22.1,1200,780.3300000000035,3.271028037383191,调仓换股
688062.SH,2023-04-28,2023-05-04,23.31,24.27,1400,1267.549500000001,4.118404118404122,调仓换股
601138.SH,2023-04-28,2023-05-05,16.12,14.77,1200,-1660.4480000000017,-8.374689826302738,调仓换股
688596.SH,2023-05-04,2023-05-05,39.7,39.56,500,-114.56000000000029,-0.35264483627204174,调仓换股
002908.SZ,2023-05-04,2023-05-05,20.28,20.91,1100,641.2477499999989,3.10650887573964,调仓换股
688475.SH,2023-04-28,2023-05-08,47.4,46.74,400,-306.3919999999987,-1.392405063291132,调仓换股
600326.SH,2023-05-05,2023-05-08,6.44,6.54,3200,272.91199999999884,1.5527950310558951,调仓换股
300394.SZ,2023-05-05,2023-05-08,52.4,52.2,200,-65.87999999999914,-0.38167938931296896,调仓换股
000021.SZ,2023-05-05,2023-05-08,16.6,16.71,1100,79.23799999999937,0.662650602409635,调仓换股
688315.SH,2023-04-28,2023-05-09,35.49,32.4,700,-2214.030000000002,-8.706677937447177,第5天未盈利 (-8.7%)
688121.SH,2023-05-08,2023-05-09,36.71,37.27,600,285.6855000000013,1.5254698992100306,调仓换股
688336.SH,2023-05-08,2023-05-09,17.88,17.5,1500,-629.0624999999985,-2.1252796420581603,调仓换股
000921.SZ,2023-05-08,2023-05-10,23.95,24.49,1500,727.3462499999987,2.2546972860125227,调仓换股
300972.SZ,2023-05-09,2023-05-10,36.63,37.95,500,617.0500000000001,3.603603603603604,调仓换股
605009.SH,2023-05-09,2023-05-10,50.22,50.1,600,-139.63499999999846,-0.23894862604539516,调仓换股
688488.SH,2023-05-08,2023-05-11,13.31,12.25,1800,-1957.6125000000009,-7.963936889556727,调仓换股
002668.SZ,2023-05-10,2023-05-11,7.06,7.13,6000,323.7450000000017,0.9915014164305991,调仓换股
002852.SZ,2023-05-09,2023-05-12,14.01,13.81,2500,-577.6812499999983,-1.427551748750887,调仓换股
688121.SH,2023-05-11,2023-05-12,35.0,34.82,700,-180.8414999999998,-0.5142857142857135,调仓换股
688041.SH,2023-05-11,2023-05-15,75.95,76.5,100,34.69999999999972,0.7241606319947297,调仓换股
688580.SH,2023-05-15,2023-05-16,68.78,69.93,400,397.0630000000023,1.6719976737423752,调仓换股
688569.SH,2023-05-12,2023-05-17,36.52,37.7,500,547.2999999999998,3.231106243154435,调仓换股
600248.SH,2023-05-12,2023-05-17,5.8,5.68,4300,-570.9540000000004,-2.0689655172413812,调仓换股
000521.SZ,2023-05-16,2023-05-17,6.91,6.91,4600,-71.5185,0.0,调仓换股
688095.SH,2023-05-17,2023-05-18,142.16,151.48,100,896.7039999999993,6.555993247045578,调仓换股
601326.SH,2023-05-18,2023-05-19,3.7,3.6,8200,-886.4200000000006,-2.702702702702705,调仓换股
601019.SH,2023-05-17,2023-05-22,9.98,9.84,2400,-389.13600000000133,-1.4028056112224505,调仓换股
000885.SZ,2023-05-19,2023-05-22,13.4,13.42,3300,-33.64350000000141,0.1492537313432804,调仓换股
600757.SH,2023-05-17,2023-05-23,9.66,9.24,2300,-1013.8169999999998,-4.347826086956521,第5天未盈利 (-4.3%)
600035.SH,2023-05-22,2023-05-23,4.12,4.08,12000,-590.1600000000005,-0.9708737864077678,调仓换股
600757.SH,2023-05-23,2023-05-24,9.24,9.31,2500,122.6312500000007,0.7575757575757607,调仓换股
600033.SH,2023-05-23,2023-05-24,3.13,3.08,19600,-1115.8279999999963,-1.5974440894568633,调仓换股
600686.SH,2023-05-22,2023-05-25,7.67,7.5,3800,-710.1249999999998,-2.2164276401564527,调仓换股
000885.SZ,2023-05-24,2023-05-25,13.12,13.25,3600,360.67500000000285,0.9908536585365915,调仓换股
600833.SH,2023-05-25,2023-05-26,12.49,12.56,2800,116.87200000000078,0.5604483586869519,调仓换股
301231.SZ,2023-05-25,2023-05-29,34.36,36.59,400,857.7280000000017,6.490104772991863,调仓换股
301239.SZ,2023-05-24,2023-05-30,128.41,116.82,200,-2370.569000000001,-9.025776808659765,第5天未盈利 (-9.0%)
600858.SH,2023-05-26,2023-05-30,5.79,5.69,8100,-913.7002499999971,-1.7271157167530162,调仓换股
920924.BJ,2023-05-29,2023-05-30,6.07,6.18,5400,518.912999999997,1.8121911037891174,调仓换股
920225.BJ,2023-05-30,2023-06-01,9.6,9.52,3400,-344.8280000000002,-0.8333333333333341,调仓换股
920925.BJ,2023-05-30,2023-06-02,19.6,20.0,1300,461.4999999999982,2.0408163265306047,调仓换股
300540.SZ,2023-05-30,2023-06-05,23.06,23.58,1500,700.4174999999993,2.2549869904596687,调仓换股
920006.BJ,2023-06-01,2023-06-05,13.63,14.36,900,626.1519999999988,5.355832721936894,调仓换股
300573.SZ,2023-06-02,2023-06-06,182.95,181.86,100,-150.3719999999975,-0.5957911997813474,调仓换股
301199.SZ,2023-06-05,2023-06-06,29.32,30.27,900,793.7032499999992,3.240109140518415,调仓换股
603933.SH,2023-06-06,2023-06-07,20.22,19.68,1100,-642.7079999999992,-2.6706231454005893,放量阴线
920876.BJ,2023-06-05,2023-06-08,8.05,7.6,4300,-2008.5300000000047,-5.590062111801255,调仓换股
920300.BJ,2023-06-06,2023-06-12,8.31,7.32,2400,-2416.136000000001,-11.913357400722022,第5天未盈利 (-11.9%)
688566.SH,2023-06-09,2023-06-12,34.17,34.31,800,50.24200000000045,0.40971612525607426,调仓换股
301368.SZ,2023-06-09,2023-06-12,57.0,56.91,200,-45.76400000000068,-0.15789473684211125,调仓换股
603933.SH,2023-06-07,2023-06-13,19.68,20.26,1000,534.4150000000018,2.947154471544725,调仓换股
300624.SZ,2023-06-12,2023-06-13,128.28,131.88,100,328.62399999999946,2.8063610851262815,调仓换股
920475.BJ,2023-06-08,2023-06-14,7.49,6.89,3900,-2400.4597500000023,-8.010680907877177,第5天未盈利 (-8.0%)
300030.SZ,2023-06-13,2023-06-14,7.48,7.44,5200,-295.0480000000002,-0.5347593582887704,调仓换股
688528.SH,2023-06-13,2023-06-14,10.8,10.61,4900,-1047.9752500000063,-1.7592592592592708,调仓换股
301368.SZ,2023-06-14,2023-06-15,54.96,58.32,300,968.0079999999998,6.113537117903929,调仓换股
920300.BJ,2023-06-12,2023-06-16,7.32,7.26,2400,-183.8480000000012,-0.8196721311475478,第5天未盈利 (-0.8%)
300753.SZ,2023-06-12,2023-06-16,19.2,19.06,1100,-201.17350000000064,-0.7291666666666696,第5天未盈利 (-0.7%)
300128.SZ,2023-06-14,2023-06-16,4.13,4.05,10500,-935.6812500000008,-1.9370460048426168,调仓换股
920300.BJ,2023-06-16,2023-06-19,7.26,7.15,2700,-340.6099999999985,-1.5151515151515074,调仓换股
300948.SZ,2023-06-16,2023-06-19,14.48,14.25,2400,-628.9500000000011,-1.5883977900552515,调仓换股
300510.SZ,2023-06-14,2023-06-20,6.92,7.12,3200,588.7360000000006,2.890173410404627,调仓换股
301103.SZ,2023-06-15,2023-06-20,43.25,42.72,700,-438.2840000000008,-1.2254335260115634,调仓换股
688659.SH,2023-06-19,2023-06-20,14.96,15.18,1300,241.53199999999853,1.47058823529411,调仓换股
003011.SZ,2023-06-16,2023-06-21,30.06,30.6,1300,612.4950000000035,1.7964071856287516,调仓换股
601921.SH,2023-06-19,2023-06-21,9.71,9.1,2300,-1450.092500000003,-6.28218331616891,调仓换股
300025.SZ,2023-06-20,2023-06-21,13.57,14.23,1800,1130.3685000000003,4.863669859985262,调仓换股
603099.SH,2023-06-21,2023-06-26,11.31,12.44,3100,3416.230999999997,9.991158267020326,调仓换股
000014.SZ,2023-06-21,2023-06-27,11.21,11.67,2700,1171.1047499999975,4.103479036574479,调仓换股
601801.SH,2023-06-26,2023-06-28,9.08,9.31,1900,396.62200000000075,2.5330396475770973,调仓换股
000526.SZ,2023-06-21,2023-06-29,26.6,25.98,800,-542.7640000000008,-2.3308270676691762,第5天未盈利 (-2.3%)
603933.SH,2023-06-28,2023-06-29,18.44,18.64,1200,189.67199999999914,1.0845986984815579,调仓换股
300678.SZ,2023-06-29,2023-06-30,49.1,49.99,200,153.00400000000013,1.8126272912423635,调仓换股
605588.SH,2023-06-27,2023-07-03,48.11,46.87,400,-538.4960000000009,-2.5774267304094827,第5天未盈利 (-2.6%)
603685.SH,2023-06-30,2023-07-03,15.1,15.34,2000,410.9700000000004,1.5894039735099352,调仓换股
605588.SH,2023-07-03,2023-07-04,46.87,47.4,400,169.08000000000044,1.1307872839769602,调仓换股
300901.SZ,2023-06-29,2023-07-06,12.38,12.39,1600,-28.648000000000344,0.08077544426494172,调仓换股
688313.SH,2023-07-03,2023-07-06,17.16,16.83,1200,-441.4410000000022,-1.923076923076934,调仓换股
300051.SZ,2023-07-03,2023-07-06,12.21,11.92,2100,-665.322000000002,-2.3751023751023825,调仓换股
300731.SZ,2023-07-03,2023-07-07,20.3,19.69,1500,-981.453749999999,-3.0049261083743817,第5天未盈利 (-3.0%)
603081.SH,2023-07-04,2023-07-07,17.14,16.47,2100,-1484.8207500000037,-3.908984830805144,调仓换股
603076.SH,2023-07-06,2023-07-07,46.05,45.5,900,-587.1374999999975,-1.1943539630835986,调仓换股
002553.SZ,2023-07-07,2023-07-10,14.72,14.38,1200,-447.51199999999983,-2.309782608695651,调仓换股
601865.SH,2023-07-07,2023-07-10,35.94,36.9,1100,964.6725000000008,2.6711185308848107,调仓换股
688393.SH,2023-07-10,2023-07-11,26.03,25.43,800,-525.7740000000011,-2.305032654629279,调仓换股
688448.SH,2023-07-07,2023-07-12,32.04,31.26,1100,-935.3684999999973,-2.434456928838944,调仓换股
002387.SZ,2023-07-10,2023-07-12,8.42,8.2,4800,-1144.560000000003,-2.6128266033254235,调仓换股
603767.SH,2023-07-11,2023-07-12,12.85,13.66,1800,1402.677000000001,6.303501945525296,调仓换股
600835.SH,2023-07-11,2023-07-12,15.27,15.02,2300,-652.7285,-1.6371971185330716,调仓换股
600482.SH,2023-07-11,2023-07-13,22.14,22.35,1400,223.59750000000122,0.9485094850948548,调仓换股
600592.SH,2023-07-12,2023-07-13,9.97,10.0,3900,29.2499999999975,0.3009027081243667,调仓换股
603767.SH,2023-07-13,2023-07-14,12.61,13.16,1700,884.6630000000014,4.361617763679625,调仓换股
688448.SH,2023-07-13,2023-07-14,31.18,31.61,1000,358.8774999999997,1.379089159717767,调仓换股
300228.SZ,2023-07-13,2023-07-14,6.26,6.32,7600,347.9280000000038,0.9584664536741293,调仓换股
002031.SZ,2023-07-12,2023-07-17,3.99,4.02,6500,136.20749999999586,0.7518796992481042,调仓换股
300490.SZ,2023-07-14,2023-07-17,16.5,16.33,1900,-392.8107500000032,-1.0303030303030405,调仓换股
600862.SH,2023-07-14,2023-07-17,24.29,24.23,2200,-251.93849999999722,-0.24701523260600547,调仓换股
002698.SZ,2023-07-17,2023-07-18,18.1,18.08,2500,-151.7000000000078,-0.11049723756907805,调仓换股
920663.BJ,2023-07-13,2023-07-19,14.74,13.55,1200,-1465.5199999999993,-8.073270013568518,第5天未盈利 (-8.1%)
300254.SZ,2023-07-14,2023-07-19,7.41,7.32,5000,-532.3499999999993,-1.2145748987854232,调仓换股
920663.BJ,2023-07-19,2023-07-20,13.55,13.13,1400,-629.7639999999998,-3.0996309963099624,调仓换股
300669.SZ,2023-07-20,2023-07-21,15.21,15.2,2800,-123.76000000000438,-0.0657462195923837,调仓换股
300489.SZ,2023-07-18,2023-07-24,23.07,22.09,1100,-1132.6727500000004,-4.247941048981363,第5天未盈利 (-4.2%)
002428.SZ,2023-07-19,2023-07-24,14.63,14.12,1800,-975.186000000003,-3.485987696514023,调仓换股
002976.SZ,2023-07-21,2023-07-25,31.77,32.73,800,709.0859999999979,3.0217186024551377,调仓换股
300342.SZ,2023-07-24,2023-07-26,12.0,11.36,2300,-1530.7880000000011,-5.3333333333333375,调仓换股
301186.SZ,2023-07-25,2023-07-27,39.36,37.49,600,-1172.6114999999982,-4.751016260162595,调仓换股
300128.SZ,2023-07-25,2023-07-27,4.89,4.82,4100,-331.5239999999975,-1.431492842535775,调仓换股
002590.SZ,2023-07-25,2023-07-27,11.85,11.62,1900,-486.67550000000074,-1.9409282700421977,调仓换股
002893.SZ,2023-07-24,2023-07-28,13.38,12.62,1800,-1419.1110000000026,-5.680119581464884,第5天未盈利 (-5.7%)
300619.SZ,2023-07-27,2023-07-28,63.96,64.78,900,606.8205000000002,1.2820512820512826,调仓换股
603767.SH,2023-07-27,2023-07-28,12.3,12.04,1200,-345.89600000000183,-2.113821138211395,调仓换股
601231.SH,2023-07-28,2023-07-31,14.84,14.45,2800,-1183.0350000000017,-2.628032345013481,调仓换股
605589.SH,2023-07-26,2023-08-01,24.32,23.27,1300,-1433.064750000001,-4.317434210526319,第5天未盈利 (-4.3%)
002893.SZ,2023-07-28,2023-08-01,12.62,13.35,1900,1329.928750000001,5.784469096671953,调仓换股
603099.SH,2023-07-27,2023-08-02,13.78,13.49,2200,-704.7754999999981,-2.104499274310589,第5天未盈利 (-2.1%)
688333.SH,2023-07-28,2023-08-02,120.96,121.88,200,129.15400000000034,0.760582010582012,调仓换股
603699.SH,2023-07-31,2023-08-02,14.81,14.93,2500,216.01874999999808,0.8102633355840595,调仓换股
605589.SH,2023-08-01,2023-08-02,23.27,23.32,1300,-3.210999999999075,0.21486892995273188,调仓换股
002316.SZ,2023-08-02,2023-08-03,5.45,5.64,3200,566.9039999999984,3.4862385321100824,调仓换股
301345.SZ,2023-08-02,2023-08-03,49.37,49.45,800,-25.009999999995685,0.16204172574439013,调仓换股
603099.SH,2023-08-02,2023-08-04,13.49,13.52,2400,-1.0080000000015374,0.22238695329873506,调仓换股
300899.SZ,2023-08-03,2023-08-04,24.29,24.29,1400,-76.5135,0.0,调仓换股
300506.SZ,2023-08-03,2023-08-04,6.47,6.55,4800,313.26000000000033,1.2364760432766626,调仓换股
603429.SH,2023-08-01,2023-08-07,10.24,10.21,5100,-270.15974999999673,-0.2929687499999938,第5天未盈利 (-0.3%)
688190.SH,2023-08-02,2023-08-07,77.58,77.81,500,27.463750000001994,0.2964681618974014,调仓换股
002899.SZ,2023-08-04,2023-08-08,15.23,15.21,3400,-184.35649999999856,-0.13131976362442266,调仓换股
603429.SH,2023-08-07,2023-08-08,10.21,10.36,5600,709.4639999999921,1.4691478942213376,调仓换股
300746.SZ,2023-08-07,2023-08-08,11.03,11.11,1900,104.50475000000012,0.7252946509519499,调仓换股
603348.SH,2023-08-04,2023-08-09,50.04,48.12,500,-1014.1350000000009,-3.836930455635495,调仓换股
600738.SH,2023-08-08,2023-08-09,5.58,5.51,9100,-749.8172500000026,-1.2544802867383564,调仓换股
300601.SZ,2023-08-08,2023-08-09,28.0,29.44,1400,1923.264000000002,5.142857142857148,调仓换股
002470.SZ,2023-08-04,2023-08-10,2.31,2.3,13100,-198.792500000003,-0.4329004329004429,第5天未盈利 (-0.4%)
605128.SH,2023-08-08,2023-08-10,45.33,43.42,800,-1606.1559999999974,-4.213545113611287,调仓换股
300844.SZ,2023-08-09,2023-08-10,46.47,48.32,400,696.3440000000006,3.981063051431034,调仓换股
300375.SZ,2023-08-10,2023-08-11,4.32,4.24,6200,-555.1480000000005,-1.8518518518518534,调仓换股
002158.SZ,2023-08-10,2023-08-11,24.5,24.15,2300,-929.9762500000032,-1.4285714285714344,调仓换股
603002.SH,2023-08-10,2023-08-11,5.58,5.48,7300,-820.0089999999974,-1.7921146953404954,调仓换股
920405.BJ,2023-08-10,2023-08-14,9.8,9.7,5400,-657.8550000000077,-1.0204081632653206,调仓换股
600307.SH,2023-08-10,2023-08-14,1.7,1.7,26000,-99.45,0.0,调仓换股
600215.SH,2023-08-11,2023-08-14,9.61,9.75,4000,472.2500000000023,1.456815816857446,调仓换股
002853.SZ,2023-08-14,2023-08-15,18.05,17.9,2200,-418.6050000000047,-0.8310249307479343,调仓换股
600239.SH,2023-08-14,2023-08-16,2.81,2.94,8300,1024.095499999999,4.62633451957295,调仓换股
002984.SZ,2023-08-16,2023-08-17,33.18,34.5,1300,1615.0875000000005,3.9783001808318272,调仓换股
300740.SZ,2023-08-14,2023-08-18,20.27,19.98,1900,-636.4144999999984,-1.4306857424765622,第5天未盈利 (-1.4%)
000700.SZ,2023-08-15,2023-08-18,6.9,6.65,4700,-1245.3237500000002,-3.6231884057971016,调仓换股
002310.SZ,2023-08-17,2023-08-18,2.35,2.47,9100,1041.4267500000008,5.106382978723409,调仓换股
603383.SH,2023-08-18,2023-08-23,65.68,62.55,400,-1308.295000000004,-4.765529841656531,调仓换股
600684.SH,2023-08-18,2023-08-24,4.07,4.08,7800,6.395999999998335,0.24570024570024046,调仓换股
300740.SZ,2023-08-18,2023-08-24,19.98,19.24,2000,-1566.580000000004,-3.703703703703714,第5天未盈利 (-3.7%)
000752.SZ,2023-08-24,2023-08-25,8.23,7.82,3700,-1582.1015000000004,-4.981773997569868,调仓换股
002515.SZ,2023-08-25,2023-08-29,4.9,5.05,12100,1677.5137499999937,3.061224489795907,调仓换股
600280.SH,2023-08-23,2023-08-30,4.21,4.37,4100,615.1660000000005,3.8004750593824266,调仓换股
603665.SH,2023-08-29,2023-08-30,27.27,27.39,1600,93.39600000000162,0.44004400440044367,调仓换股
920504.BJ,2023-08-24,2023-08-31,10.02,10.43,1400,539.7960000000003,4.09181636726547,调仓换股
601995.SH,2023-08-31,2023-09-05,39.0,38.4,800,-549.1200000000011,-1.538461538461542,调仓换股
300377.SZ,2023-08-31,2023-09-05,9.15,8.88,2700,-782.9459999999989,-2.950819672131143,调仓换股
605069.SH,2023-09-04,2023-09-05,12.25,13.48,1700,2039.439000000001,10.040816326530615,调仓换股
601059.SH,2023-08-31,2023-09-06,19.33,18.17,900,-1081.705999999997,-6.001034661148457,第5天未盈利 (-6.0%)
600684.SH,2023-09-05,2023-09-06,4.1,4.18,5200,367.09400000000034,1.9512195121951237,调仓换股
601059.SH,2023-09-06,2023-09-07,18.17,18.71,1100,547.692749999999,2.9719317556411617,调仓换股
603106.SH,2023-09-06,2023-09-07,7.75,7.94,2500,430.3000000000009,2.4516129032258114,调仓换股
301299.SZ,2023-09-04,2023-09-08,83.2,76.93,100,-647.3859999999995,-7.536057692307688,第5天未盈利 (-7.5%)
300561.SZ,2023-09-05,2023-09-08,13.6,13.19,1300,-572.2940000000003,-3.0147058823529425,调仓换股
301148.SZ,2023-09-05,2023-09-11,27.81,26.01,500,-931.0099999999986,-6.472491909385103,第5天未盈利 (-6.5%)
301281.SZ,2023-09-08,2023-09-12,39.69,41.23,400,578.0159999999997,3.880070546737212,调仓换股
301148.SZ,2023-09-11,2023-09-12,26.01,26.08,600,5.703999999998045,0.26912725874662335,调仓换股
301136.SZ,2023-09-11,2023-09-12,15.49,15.57,1400,62.954500000000095,0.5164622336991612,调仓换股
000897.SZ,2023-09-08,2023-09-13,2.56,2.48,11400,-975.6120000000009,-3.1250000000000027,调仓换股
600684.SH,2023-09-11,2023-09-13,4.0,3.91,5700,-563.1457499999992,-2.2499999999999964,调仓换股
605069.SH,2023-09-12,2023-09-13,10.81,11.55,1400,998.6600000000003,6.845513413506015,调仓换股
301061.SZ,2023-09-12,2023-09-14,41.46,41.95,800,316.4900000000016,1.1818620356970622,调仓换股
920504.BJ,2023-09-12,2023-09-14,10.03,9.91,1900,-270.65799999999854,-1.1964107676969016,调仓换股
920419.BJ,2023-09-13,2023-09-15,8.02,7.96,4900,-381.7589999999981,-0.748129675810469,调仓换股
000560.SZ,2023-09-14,2023-09-15,2.92,2.91,9600,-158.85599999999795,-0.34246575342465024,调仓换股
920879.BJ,2023-09-15,2023-09-18,7.06,7.18,8000,830.7600000000009,1.6997167138810214,调仓换股
002209.SZ,2023-09-15,2023-09-18,9.62,9.8,5600,884.5200000000084,1.8711018711018867,调仓换股
301218.SZ,2023-09-18,2023-09-19,41.79,40.54,300,-404.32399999999996,-2.9911462072266093,调仓换股
002833.SZ,2023-09-14,2023-09-20,19.09,18.8,2400,-797.5199999999979,-1.5191199580932382,第5天未盈利 (-1.5%)
300762.SZ,2023-09-18,2023-09-20,15.13,14.87,1900,-557.569250000003,-1.7184401850627993,调仓换股
920429.BJ,2023-09-19,2023-09-21,7.47,7.34,6000,-879.0899999999992,-1.7402945113788475,调仓换股
300172.SZ,2023-09-20,2023-09-21,6.56,6.51,2800,-181.4559999999995,-0.7621951219512169,调仓换股
301004.SZ,2023-09-20,2023-09-22,45.1,44.34,1000,-859.764999999998,-1.6851441241685101,调仓换股
688138.SH,2023-09-21,2023-09-22,20.68,21.07,1300,445.3702500000007,1.885880077369442,调仓换股
920429.BJ,2023-09-22,2023-09-25,7.4,7.39,6200,-165.09050000000417,-0.13513513513514425,调仓换股
300172.SZ,2023-09-22,2023-09-25,6.63,6.72,2800,209.3679999999996,1.3574660633484141,调仓换股
688259.SH,2023-09-22,2023-09-25,86.03,90.51,100,424.8980000000004,5.207485760781127,调仓换股
000830.SZ,2023-09-21,2023-09-26,11.32,11.16,5200,-962.5720000000008,-1.413427561837457,调仓换股
920735.BJ,2023-09-25,2023-09-27,28.24,27.79,1300,-666.285749999999,-1.5934844192634536,调仓换股
601808.SH,2023-09-26,2023-09-27,16.21,16.39,4800,686.9879999999986,1.1104256631708802,调仓换股
600293.SH,2023-09-22,2023-09-28,3.25,3.2,10700,-612.039999999998,-1.538461538461533,第5天未盈利 (-1.5%)
601001.SH,2023-09-27,2023-10-09,11.1,11.32,4200,817.0260000000028,1.9819819819819877,调仓换股
601666.SH,2023-09-28,2023-10-09,10.31,10.41,4300,329.28324999999853,0.9699321047526638,调仓换股
920682.BJ,2023-10-09,2023-10-10,5.68,5.67,9900,-225.2992499999979,-0.17605633802816525,调仓换股
920599.BJ,2023-10-09,2023-10-10,9.11,8.76,4500,-1663.6949999999986,-3.841931942919865,调仓换股
920651.BJ,2023-09-27,2023-10-11,14.0,12.77,1500,-1888.3100000000006,-8.785714285714288,第5天未盈利 (-8.8%)
601666.SH,2023-10-10,2023-10-11,10.08,10.09,4500,-57.16125000000096,0.09920634920634709,调仓换股
601001.SH,2023-10-11,2023-10-12,10.97,10.96,4200,-145.57199999999912,-0.09115770282588684,调仓换股
003015.SZ,2023-10-10,2023-10-13,11.35,11.28,2000,-190.76000000000056,-0.6167400881057294,调仓换股
920651.BJ,2023-10-11,2023-10-13,12.77,12.3,1800,-895.8149999999979,-3.680501174628026,调仓换股
000983.SZ,2023-10-12,2023-10-13,9.63,9.78,4900,627.175499999993,1.5576323987538792,调仓换股
600615.SH,2023-10-12,2023-10-16,9.49,9.6,2500,220.99999999999858,1.1591148577449888,调仓换股
920249.BJ,2023-10-12,2023-10-17,4.54,4.34,4000,-839.7200000000007,-4.405286343612339,调仓换股
300461.SZ,2023-10-16,2023-10-17,21.83,22.21,1300,429.0357500000033,1.7407237746220914,调仓换股
002184.SZ,2023-10-13,2023-10-18,15.08,14.32,2400,-1901.3279999999995,-5.0397877984084865,调仓换股
301333.SZ,2023-10-17,2023-10-18,66.62,64.82,400,-778.3380000000045,-2.7018913239267657,调仓换股
300461.SZ,2023-10-18,2023-10-19,21.39,21.64,1400,281.834,1.168770453482936,调仓换股
600603.SH,2023-10-18,2023-10-20,6.56,6.57,6400,-30.607999999995684,0.1524390243902542,调仓换股
603626.SH,2023-10-19,2023-10-20,7.29,7.11,6200,-1215.1844999999985,-2.4691358024691317,调仓换股
300809.SZ,2023-10-17,2023-10-23,25.22,23.56,900,-1541.709,-6.582077716098335,第5天未盈利 (-6.6%)
300926.SZ,2023-10-20,2023-10-24,29.73,30.61,800,648.9019999999991,2.9599730911537137,调仓换股
000426.SZ,2023-10-23,2023-10-24,9.3,9.38,5400,318.0330000000004,0.8602150537634415,调仓换股
002708.SZ,2023-10-24,2023-10-25,7.71,7.93,2800,566.0409999999994,2.853437094682228,调仓换股
000801.SZ,2023-10-24,2023-10-25,7.96,8.76,3600,2809.0439999999994,10.050251256281404,调仓换股
920978.BJ,2023-10-20,2023-10-26,7.66,7.74,4000,250.3400000000003,1.044386422976502,调仓换股
300122.SZ,2023-10-25,2023-10-26,55.4,56.53,700,701.9652500000018,2.0397111913357446,调仓换股
603108.SH,2023-10-25,2023-10-26,15.33,16.29,1300,1200.3517499999991,6.262230919765161,调仓换股
300351.SZ,2023-10-26,2023-10-27,20.24,19.59,900,-625.2619999999987,-3.2114624505928786,调仓换股
688079.SH,2023-10-26,2023-10-27,10.77,10.95,3000,466.08749999999907,1.6713091922005545,调仓换股
300301.SZ,2023-10-26,2023-10-30,1.73,1.82,11400,979.3170000000008,5.202312138728328,调仓换股
603496.SH,2023-10-27,2023-10-30,31.68,33.23,500,736.7699999999986,4.892676767676759,调仓换股
002845.SZ,2023-10-27,2023-10-30,17.19,18.12,1800,1600.6139999999996,5.410122164048863,调仓换股
002270.SZ,2023-10-27,2023-10-30,12.5,12.7,3700,634.2724999999974,1.5999999999999945,调仓换股
603269.SH,2023-10-27,2023-10-31,14.48,14.58,2000,134.3899999999993,0.6906077348066274,调仓换股
300225.SZ,2023-10-30,2023-11-01,10.42,10.64,3600,705.8160000000023,2.1113243761996223,调仓换股
600439.SH,2023-11-01,2023-11-02,2.75,2.74,12500,-202.06249999999733,-0.3636363636363559,调仓换股
300134.SZ,2023-11-01,2023-11-02,10.83,10.58,1800,-493.08799999999997,-2.3084025854108954,调仓换股
300164.SZ,2023-11-01,2023-11-02,5.14,5.2,4700,227.01000000000232,1.1673151750972859,调仓换股
603496.SH,2023-10-31,2023-11-06,30.53,28.18,500,-1208.1800000000005,-7.697346871929255,第5天未盈利 (-7.7%)
301131.SZ,2023-11-03,2023-11-06,49.03,51.04,300,567.3759999999994,4.099530899449313,调仓换股
688166.SH,2023-11-01,2023-11-07,37.69,35.85,400,-769.6799999999986,-4.881931546829389,第5天未盈利 (-4.9%)
605128.SH,2023-11-02,2023-11-07,53.9,55.3,600,765.3449999999992,2.5974025974025947,调仓换股
603496.SH,2023-11-06,2023-11-07,28.18,29.99,500,870.0099999999993,6.422995031937539,调仓换股
300351.SZ,2023-11-03,2023-11-08,17.3,18.41,800,853.5439999999996,6.416184971098263,调仓换股
002682.SZ,2023-11-06,2023-11-08,6.14,6.95,3600,2859.7050000000017,13.192182410423461,调仓换股
688166.SH,2023-11-07,2023-11-10,35.85,33.19,500,-1368.1900000000019,-7.419804741980485,调仓换股
301151.SZ,2023-11-07,2023-11-10,23.49,21.85,900,-1520.3299999999972,-6.9816943380161645,调仓换股
001319.SZ,2023-11-09,2023-11-10,28.6,28.78,700,80.6714999999998,0.6293706293706284,调仓换股
300123.SZ,2023-11-09,2023-11-13,8.35,8.58,3500,737.4325000000015,2.754491017964077,调仓换股
603110.SH,2023-11-10,2023-11-13,29.68,29.69,700,-39.76174999999891,0.03369272237197292,调仓换股
002682.SZ,2023-11-09,2023-11-14,6.26,6.15,3000,-371.8999999999983,-1.7571884984025468,调仓换股
688382.SH,2023-11-13,2023-11-14,15.91,16.19,1700,414.0732500000019,1.7598994343180459,调仓换股
002870.SZ,2023-11-13,2023-11-14,35.53,35.47,1100,-153.7882500000025,-0.16887137630172327,调仓换股
300100.SZ,2023-11-13,2023-11-14,10.01,10.18,2400,353.0279999999998,1.6983016983016976,调仓换股
688687.SH,2023-11-13,2023-11-15,29.58,29.99,1000,342.5225000000001,1.3860716700473297,调仓换股
002294.SZ,2023-11-14,2023-11-15,31.71,32.14,1500,536.5274999999995,1.3560391043834743,调仓换股
300661.SZ,2023-11-14,2023-11-15,89.0,89.65,400,179.31500000000227,0.7303370786516917,调仓换股
002991.SZ,2023-11-14,2023-11-16,74.76,74.6,700,-229.49500000000754,-0.21401819154629587,调仓换股
603158.SH,2023-11-14,2023-11-16,10.04,10.06,1700,-5.203999999997706,0.1992031872510095,调仓换股
603317.SH,2023-11-15,2023-11-17,14.55,14.37,3700,-785.6302500000055,-1.237113402061866,调仓换股
600645.SH,2023-11-16,2023-11-20,20.19,20.36,2500,310.4749999999954,0.8420009905893915,调仓换股
300661.SZ,2023-11-16,2023-11-20,87.97,86.71,400,-582.039000000002,-1.4323064681141358,调仓换股
688192.SH,2023-11-17,2023-11-20,44.04,44.2,700,42.38500000000257,0.3633060853769385,调仓换股
688606.SH,2023-11-15,2023-11-21,72.48,71.58,400,-424.4220000000023,-1.2417218543046435,第5天未盈利 (-1.2%)
603390.SH,2023-11-15,2023-11-21,11.11,11.63,1900,938.2817500000026,4.680468046804693,调仓换股
688131.SH,2023-11-20,2023-11-22,62.94,61.27,500,-903.9287499999973,-2.653320622815371,调仓换股
688606.SH,2023-11-21,2023-11-22,71.58,71.72,500,-10.684999999999718,0.19558535903883845,调仓换股
600733.SH,2023-11-20,2023-11-23,6.87,6.46,3400,-1443.4190000000003,-5.967976710334791,调仓换股
300088.SZ,2023-11-20,2023-11-23,7.2,7.16,5900,-331.0490000000002,-0.555555555555556,调仓换股
603629.SH,2023-11-23,2023-11-24,30.85,31.28,500,178.71999999999986,1.3938411669367898,调仓换股
300606.SZ,2023-11-23,2023-11-24,34.27,33.45,500,-448.45000000000016,-2.3927633498686904,调仓换股
300709.SZ,2023-11-21,2023-11-27,34.45,32.37,600,-1291.8440000000032,-6.037735849056619,第5天未盈利 (-6.0%)
300554.SZ,2023-11-23,2023-11-27,29.06,30.41,500,639.5900000000006,4.645560908465249,调仓换股
301297.SZ,2023-11-23,2023-11-27,30.82,30.28,600,-365.3359999999995,-1.7521090201168044,调仓换股
300709.SZ,2023-11-27,2023-11-28,32.37,32.79,800,276.97800000000143,1.297497683039857,调仓换股
601901.SH,2023-11-27,2023-11-29,8.67,8.54,3500,-522.2525000000028,-1.4994232987312661,调仓换股
300951.SZ,2023-11-27,2023-11-30,68.5,64.83,200,-764.9320000000004,-5.357664233576645,调仓换股
688118.SH,2023-11-28,2023-11-30,34.61,34.13,600,-334.07549999999816,-1.3868824039294911,调仓换股
300242.SZ,2023-11-30,2023-12-01,4.54,4.77,4900,1074.4107499999977,5.066079295154175,调仓换股
002178.SZ,2023-11-29,2023-12-04,5.59,5.78,4500,796.4775000000017,3.3989266547406154,调仓换股
002103.SZ,2023-11-30,2023-12-04,7.33,7.65,3500,1059.7562500000008,4.365620736698503,调仓换股
920522.BJ,2023-12-04,2023-12-05,18.79,19.96,1000,1125.0800000000017,6.226716338477923,调仓换股
300242.SZ,2023-12-04,2023-12-05,4.75,4.59,5200,-885.7030000000008,-3.3684210526315814,调仓换股
002103.SZ,2023-12-05,2023-12-06,7.41,7.66,3600,837.954,3.3738191632928474,调仓换股
300707.SZ,2023-12-01,2023-12-07,18.8,18.0,900,-757.4000000000008,-4.255319148936174,第5天未盈利 (-4.3%)
300629.SZ,2023-12-05,2023-12-07,22.46,21.73,1400,-1090.4495000000006,-3.2502226179875353,调仓换股
300042.SZ,2023-12-07,2023-12-08,37.09,38.0,700,577.1499999999976,2.4534915071447734,调仓换股
002992.SZ,2023-12-07,2023-12-08,75.52,76.39,300,209.43675000000135,1.152012711864413,调仓换股
000625.SZ,2023-12-08,2023-12-11,18.34,18.99,1700,1032.3632499999976,3.5441657579062085,调仓换股
300629.SZ,2023-12-08,2023-12-11,21.24,21.67,1400,533.7395000000046,2.0244821092278875,调仓换股
300044.SZ,2023-12-06,2023-12-12,6.56,6.4,3200,-558.0799999999977,-2.4390243902438913,第5天未盈利 (-2.4%)
300056.SZ,2023-12-11,2023-12-12,7.83,8.18,4200,1392.6989999999985,4.469987228607914,调仓换股
920171.BJ,2023-12-11,2023-12-12,9.68,10.12,1200,498.7119999999994,4.5454545454545405,调仓换股
002150.SZ,2023-12-12,2023-12-13,14.05,13.81,3100,-840.3247500000008,-1.7081850533807845,调仓换股
000518.SZ,2023-12-12,2023-12-13,3.5,3.57,7300,452.36274999999887,1.9999999999999956,调仓换股
002992.SZ,2023-12-12,2023-12-13,76.22,75.6,300,-237.03000000000137,-0.8134347940173243,调仓换股
002849.SZ,2023-12-12,2023-12-13,18.56,17.98,1300,-806.5914999999977,-3.124999999999991,调仓换股
603867.SH,2023-12-12,2023-12-14,31.85,31.19,1500,-1095.2662500000004,-2.0722135007849296,调仓换股
300351.SZ,2023-12-13,2023-12-15,20.3,19.4,1100,-1038.0150000000024,-4.433497536945823,调仓换股
000829.SZ,2023-12-13,2023-12-15,10.64,10.4,2400,-632.1600000000005,-2.2556390977443628,调仓换股
002766.SZ,2023-12-14,2023-12-18,5.82,5.79,4700,-202.22925000000114,-0.5154639175257775,调仓换股
000625.SZ,2023-12-15,2023-12-18,18.18,18.04,1700,-307.00300000000095,-0.7700770077007731,调仓换股
300042.SZ,2023-12-18,2023-12-19,35.96,36.32,700,194.7959999999996,1.0011123470522787,调仓换股
603516.SH,2023-12-18,2023-12-19,21.87,21.97,1300,65.73774999999722,0.45724737082760797,调仓换股
688155.SH,2023-12-19,2023-12-20,55.4,55.11,500,-206.99874999999957,-0.5234657039711177,调仓换股
300294.SZ,2023-12-15,2023-12-21,34.05,32.93,1900,-2268.775749999995,-3.289280469897203,第5天未盈利 (-3.3%)
000903.SZ,2023-12-19,2023-12-21,3.07,3.04,8300,-305.77199999999834,-0.9771986970683976,调仓换股
688192.SH,2023-12-20,2023-12-22,45.57,43.96,700,-1196.2369999999994,-3.533026113671274,调仓换股
300705.SZ,2023-12-21,2023-12-25,33.98,34.54,1000,482.2850000000023,1.6480282519128968,调仓换股
688578.SH,2023-12-21,2023-12-25,41.96,41.44,900,-551.9160000000029,-1.2392755004766518,调仓换股
688047.SH,2023-12-22,2023-12-25,113.88,112.55,200,-316.64749999999964,-1.1678960309097282,调仓换股
603707.SH,2023-12-25,2023-12-26,14.92,14.63,3400,-1097.919499999997,-1.9436997319034797,调仓换股
688228.SH,2023-12-25,2023-12-26,64.55,64.1,300,-178.46000000000083,-0.6971340046475645,调仓换股
601156.SH,2023-12-25,2023-12-27,14.58,15.0,3200,1235.9999999999998,2.880658436213991,调仓换股
688578.SH,2023-12-26,2023-12-27,40.66,41.41,900,591.14475,1.8445646827348747,调仓换股
688047.SH,2023-12-26,2023-12-27,108.2,109.7,200,250.635,1.3863216266173752,调仓换股
300394.SZ,2023-12-27,2023-12-28,89.6,91.53,300,517.2172500000022,2.1540178571428648,调仓换股
002755.SZ,2023-12-28,2023-12-29,10.42,10.82,3600,1352.3580000000013,3.838771593090214,调仓换股
920489.BJ,2023-12-28,2023-12-29,7.42,7.82,2400,917.4640000000009,5.39083557951483,调仓换股
920010.BJ,2023-12-27,2024-01-02,5.69,6.16,2900,1322.2719999999993,8.260105448154652,调仓换股
920198.BJ,2023-12-28,2024-01-02,10.42,11.8,1200,1622.6800000000007,13.243761996161235,调仓换股
920351.BJ,2023-12-29,2024-01-02,9.2,10.06,1600,1338.8080000000018,9.347826086956536,调仓换股
603721.SH,2023-12-27,2024-01-03,27.9,26.89,500,-536.8899999999991,-3.620071684587807,第5天未盈利 (-3.6%)
688047.SH,2024-01-03,2024-01-04,108.88,108.11,200,-202.6494999999992,-0.7072005878030824,调仓换股
603662.SH,2024-01-02,2024-01-05,34.1,32.29,800,-1506.1220000000021,-5.307917888563056,调仓换股
603721.SH,2024-01-03,2024-01-05,26.89,25.95,500,-500.95000000000067,-3.4957233172183013,调仓换股
688097.SH,2024-01-03,2024-01-05,30.3,29.97,800,-317.9460000000015,-1.0891089108910952,调仓换股
002937.SZ,2024-01-04,2024-01-08,24.98,24.15,1500,-1326.5062500000026,-3.322658126501208,调仓换股
688577.SH,2024-01-03,2024-01-09,85.67,80.92,300,-1479.621,-5.5445313411929495,第5天未盈利 (-5.5%)
300421.SZ,2024-01-05,2024-01-09,11.8,12.06,2800,652.0219999999994,2.2033898305084727,调仓换股
920855.BJ,2024-01-09,2024-01-10,11.18,11.54,1400,466.6879999999992,3.220035778175308,调仓换股
920642.BJ,2024-01-08,2024-01-11,11.9,11.66,1100,-294.65200000000027,-2.0168067226890773,调仓换股
920896.BJ,2024-01-09,2024-01-12,10.14,8.93,1300,-1601.218000000001,-11.932938856015788,调仓换股
920781.BJ,2024-01-11,2024-01-12,6.19,5.48,3000,-2167.88,-11.47011308562197,调仓换股
920576.BJ,2024-01-10,2024-01-15,23.09,19.75,700,-2370.6499999999996,-14.465136422693806,调仓换股
920339.BJ,2024-01-12,2024-01-16,5.67,5.71,3800,103.17950000000013,0.7054673721340394,调仓换股
920832.BJ,2024-01-15,2024-01-16,4.75,5.07,3400,1048.5240000000008,6.736842105263163,调仓换股
920396.BJ,2024-01-16,2024-01-17,12.35,12.13,900,-224.83399999999898,-1.7813765182186143,调仓换股
920471.BJ,2024-01-12,2024-01-18,10.24,9.94,1200,-388.85600000000085,-2.929687500000007,第5天未盈利 (-2.9%)
605118.SH,2024-01-16,2024-01-18,20.67,19.86,1000,-854.7200000000023,-3.9187227866473258,调仓换股
600348.SH,2024-01-17,2024-01-19,9.71,9.48,5600,-1407.4480000000021,-2.3686920700309,调仓换股
920471.BJ,2024-01-18,2024-01-19,9.94,11.13,1300,1513.0620000000015,11.971830985915506,调仓换股
920149.BJ,2024-01-18,2024-01-19,7.32,7.61,1800,489.60400000000016,3.9617486338797816,调仓换股
605198.SH,2024-01-19,2024-01-22,22.77,21.51,1900,-2485.955249999997,-5.533596837944656,调仓换股
605118.SH,2024-01-19,2024-01-22,19.38,18.76,1100,-728.4309999999971,-3.1991744066047345,调仓换股
605305.SH,2024-01-22,2024-01-23,32.07,32.93,1200,943.0889999999994,2.6816339257873385,调仓换股
002989.SZ,2024-01-22,2024-01-24,16.12,16.44,2300,650.9230000000007,1.985111662531019,调仓换股
920826.BJ,2024-01-22,2024-01-24,9.86,10.25,1300,475.35000000000076,3.9553752535497018,调仓换股
605296.SH,2024-01-23,2024-01-24,27.53,28.01,900,375.2797500000004,1.7435524881946982,调仓换股
300833.SZ,2024-01-24,2024-01-26,103.28,108.57,300,1513.715249999998,5.121998450813315,调仓换股
920061.BJ,2024-01-25,2024-01-29,20.94,22.45,600,874.0599999999988,7.211079274116513,调仓换股
920299.BJ,2024-01-26,2024-01-29,7.55,6.71,1700,-1455.8139999999996,-11.125827814569535,调仓换股
920627.BJ,2024-01-25,2024-01-30,14.52,12.99,800,-1249.7839999999997,-10.537190082644624,调仓换股
920357.BJ,2024-01-29,2024-01-30,17.39,18.49,500,526.509999999999,6.325474410580781,调仓换股
920199.BJ,2024-01-26,2024-01-31,20.15,17.62,600,-1544.1439999999984,-12.555831265508674,调仓换股
920058.BJ,2024-01-29,2024-01-31,21.63,21.21,500,-236.20999999999907,-1.9417475728155256,调仓换股
301004.SZ,2024-01-26,2024-02-01,57.12,53.77,300,-1042.2619999999984,-5.864845938375341,第5天未盈利 (-5.9%)
688685.SH,2024-01-31,2024-02-01,27.02,27.32,700,166.75200000000052,1.1102886750555172,调仓换股
000020.SZ,2024-02-01,2024-02-02,13.67,15.04,1100,1468.911999999999,10.021945866861735,浮盈10.0%后跌破BBI
603661.SH,2024-01-31,2024-02-05,41.77,36.66,600,-3115.491000000004,-12.233660521905689,调仓换股
301004.SZ,2024-02-01,2024-02-05,53.77,50.27,300,-1085.1619999999998,-6.50920587688302,调仓换股
000020.SZ,2024-02-02,2024-02-05,15.04,14.58,1000,-494.15999999999906,-3.058510638297866,放量阴线
000020.SZ,2024-02-05,2024-02-06,14.58,13.12,1000,-1491.2400000000007,-10.013717421124834,调仓换股
920357.BJ,2024-02-05,2024-02-06,18.38,19.59,600,697.4920000000004,6.583242655059853,调仓换股
920526.BJ,2024-02-05,2024-02-06,24.3,25.64,400,510.48800000000006,5.514403292181069,调仓换股
600119.SH,2024-02-06,2024-02-07,7.69,6.92,2300,-1807.832000000001,-10.013003901170357,放量阴线
300374.SZ,2024-02-08,2024-02-19,13.37,14.95,800,1235.08,11.817501869857892,浮盈11.8%后跌破BBI
920247.BJ,2024-02-07,2024-02-20,22.0,23.44,400,552.2480000000005,6.545454545454551,调仓换股
000581.SZ,2024-02-28,2024-02-29,16.57,17.25,2900,1859.443749999999,4.103802051901024,调仓换股
601601.SH,2024-02-29,2024-03-01,25.62,25.27,1900,-773.0292500000028,-1.3661202185792405,调仓换股
600036.SH,2024-03-04,2024-03-05,31.52,32.18,2300,1351.4685000000004,2.093908629441625,调仓换股
601577.SH,2024-03-04,2024-03-05,7.56,7.71,7300,968.3632500000025,1.9841269841269888,调仓换股
601336.SH,2024-03-07,2024-03-08,31.36,31.44,1300,12.038000000002398,0.2551020408163324,调仓换股
600378.SH,2024-03-06,2024-03-11,30.5,31.12,1000,549.980000000001,2.0327868852459052,调仓换股
600640.SH,2024-03-06,2024-03-13,14.47,15.27,1500,1148.4637499999985,5.528680027643393,调仓换股
000921.SZ,2024-03-12,2024-03-13,28.55,28.56,1100,-59.68600000000219,0.035026269702269734,调仓换股
300374.SZ,2024-03-07,2024-03-14,15.57,16.26,800,520.984000000001,4.431599229287099,调仓换股
002423.SZ,2024-03-08,2024-03-14,8.14,8.02,3100,-427.93950000000314,-1.4742014742014864,第5天未盈利 (-1.5%)
600088.SH,2024-03-11,2024-03-15,22.47,21.18,800,-1070.8879999999992,-5.740987983978635,第5天未盈利 (-5.7%)
603298.SH,2024-03-13,2024-03-18,27.56,27.51,1200,-134.27699999999658,-0.18142235123366168,调仓换股
002423.SZ,2024-03-14,2024-03-18,8.02,8.15,3500,390.81875000000275,1.6209476309227029,调仓换股
002049.SZ,2024-03-14,2024-03-18,68.72,70.95,400,828.1450000000016,3.2450523864959315,调仓换股
600088.SH,2024-03-15,2024-03-18,21.18,22.15,800,735.559999999999,4.579792256846076,调仓换股
601595.SH,2024-03-15,2024-03-18,29.66,30.23,600,300.7240000000002,1.9217801753202974,调仓换股
002039.SZ,2024-03-19,2024-03-21,15.7,15.61,3400,-425.4164999999996,-0.5732484076433112,调仓换股
600141.SH,2024-03-20,2024-03-21,18.58,18.63,2200,17.781500000001557,0.2691065662002191,调仓换股
600089.SH,2024-03-20,2024-03-22,15.76,15.58,3900,-838.7144999999989,-1.1421319796954297,调仓换股
000100.SZ,2024-03-21,2024-03-22,4.56,4.48,9700,-873.7759999999921,-1.7543859649122628,调仓换股
300209.SZ,2024-03-19,2024-03-25,3.04,2.92,6400,-810.3760000000007,-3.947368421052635,第5天未盈利 (-3.9%)
301030.SZ,2024-03-21,2024-03-25,55.6,55.2,400,-209.67999999999947,-0.7194244604316521,调仓换股
002180.SZ,2024-03-21,2024-03-26,24.25,23.54,1100,-839.2615000000009,-2.9278350515463956,调仓换股
688248.SH,2024-03-25,2024-03-26,29.02,28.69,1000,-394.5524999999983,-1.137146795313571,调仓换股
688100.SH,2024-03-25,2024-03-27,34.61,34.34,1000,-347.264999999996,-0.7801213522103324,调仓换股
300474.SZ,2024-03-26,2024-03-27,75.34,73.0,200,-502.2000000000007,-3.105919830103535,调仓换股
688248.SH,2024-03-27,2024-03-28,27.3,27.77,1000,407.5174999999989,1.7216117216117173,调仓换股
300466.SZ,2024-03-26,2024-03-29,8.88,8.76,1900,-266.2880000000019,-1.3513513513513624,调仓换股
300181.SZ,2024-03-28,2024-03-29,12.36,12.91,3200,1667.0480000000025,4.449838187702271,调仓换股
601900.SH,2024-03-29,2024-04-01,15.2,15.92,1500,1026.2700000000007,4.736842105263162,调仓换股
300502.SZ,2024-03-29,2024-04-01,67.0,70.93,200,752.6280000000013,5.865671641791055,调仓换股
002902.SZ,2024-03-27,2024-04-02,28.6,27.38,600,-769.8560000000015,-4.265734265734274,第5天未盈利 (-4.3%)
688787.SH,2024-03-29,2024-04-02,72.63,76.0,200,638.6000000000008,4.6399559410711895,调仓换股
605056.SH,2024-04-01,2024-04-02,14.07,13.84,1400,-365.7520000000005,-1.634683724235966,调仓换股
002432.SZ,2024-04-02,2024-04-03,42.62,41.6,600,-668.1599999999977,-2.393242609103698,调仓换股
600006.SH,2024-03-29,2024-04-08,7.88,7.58,2800,-887.7539999999997,-3.807106598984769,第5天未盈利 (-3.8%)
001896.SZ,2024-04-01,2024-04-08,4.81,5.06,4400,1049.9060000000002,5.197505197505198,调仓换股
002902.SZ,2024-04-02,2024-04-08,27.38,26.22,600,-732.464,-4.236669101533967,调仓换股
300913.SZ,2024-04-02,2024-04-10,37.64,32.98,400,-1895.3840000000014,-12.380446333687576,第5天未盈利 (-12.4%)
600006.SH,2024-04-08,2024-04-10,7.58,7.2,3300,-1307.4599999999996,-5.0131926121372015,调仓换股
300133.SZ,2024-04-03,2024-04-11,7.89,7.75,1900,-300.4499999999994,-1.7743979721165992,第5天未盈利 (-1.8%)
600577.SH,2024-04-10,2024-04-11,4.55,4.57,6800,66.0790000000031,0.4395604395604497,调仓换股
300738.SZ,2024-04-10,2024-04-12,10.9,11.15,1700,382.09000000000003,2.2935779816513757,调仓换股
603006.SH,2024-04-11,2024-04-12,12.8,12.22,1500,-911.6600000000002,-4.531250000000001,放量阴线
688522.SH,2024-04-12,2024-04-15,49.68,52.71,300,872.3740000000004,6.0990338164251225,调仓换股
688070.SH,2024-04-15,2024-04-16,39.86,36.6,300,-1004.9599999999995,-8.17862518815855,调仓换股
300290.SZ,2024-04-15,2024-04-16,7.83,7.26,1500,-881.7800000000004,-7.279693486590041,调仓换股
920438.BJ,2024-04-11,2024-04-17,20.55,19.5,700,-767.3000000000004,-5.109489051094894,第5天未盈利 (-5.1%)
002111.SZ,2024-04-12,2024-04-17,10.07,10.1,3400,24.734999999997825,0.29791459781528656,调仓换股
603499.SH,2024-04-15,2024-04-17,20.52,18.4,700,-1514.760000000001,-10.331384015594548,放量阴线
603499.SH,2024-04-17,2024-04-18,18.4,18.93,700,339.49800000000084,2.880434782608702,调仓换股
002167.SZ,2024-04-17,2024-04-18,6.83,7.51,2500,1657.4499999999991,9.956076134699849,调仓换股
603843.SH,2024-04-17,2024-04-18,2.83,2.95,5400,611.1400000000007,4.240282685512371,调仓换股
920123.BJ,2024-04-17,2024-04-18,10.84,10.71,1500,-232.12999999999852,-1.199261992619917,调仓换股
002246.SZ,2024-04-18,2024-04-19,7.56,8.32,3000,2223.840000000002,10.052910052910063,调仓换股
300453.SZ,2024-04-18,2024-04-22,7.23,7.19,4900,-275.26975000000016,-0.5532503457814666,调仓换股
002581.SZ,2024-04-18,2024-04-22,12.34,12.44,2400,172.82399999999916,0.8103727714748756,调仓换股
002059.SZ,2024-04-19,2024-04-22,5.33,5.5,4100,646.2624999999997,3.189493433395871,调仓换股
920438.BJ,2024-04-17,2024-04-23,19.5,16.63,700,-2037.2820000000008,-14.717948717948723,第5天未盈利 (-14.7%)
920931.BJ,2024-04-18,2024-04-24,7.92,8.25,1300,402.55000000000007,4.166666666666668,调仓换股
002716.SZ,2024-04-23,2024-04-24,3.17,3.41,6500,1510.1287500000014,7.57097791798108,调仓换股
000603.SZ,2024-04-22,2024-04-26,13.38,13.48,1600,111.47199999999943,0.7473841554559016,调仓换股
920931.BJ,2024-04-25,2024-04-29,8.03,8.15,1500,150.5500000000015,1.4943960149439728,调仓换股
688187.SH,2024-04-26,2024-04-29,50.0,48.03,700,-1454.6472499999993,-3.9399999999999977,放量阴线
603619.SH,2024-04-24,2024-04-30,26.58,25.55,1000,-1087.4874999999975,-3.875094055680954,第5天未盈利 (-3.9%)
600566.SH,2024-04-25,2024-04-30,40.29,41.14,900,681.6915000000014,2.1097046413502145,调仓换股
603657.SH,2024-04-29,2024-04-30,15.52,14.62,1000,-934.2400000000004,-5.798969072164951,放量阴线
603855.SH,2024-04-29,2024-05-06,21.13,21.28,1600,163.3920000000034,0.7098911500236732,调仓换股
300073.SZ,2024-04-30,2024-05-06,44.21,45.1,400,314.9200000000002,2.0131192038000467,调仓换股
920415.BJ,2024-05-06,2024-05-07,8.13,8.38,1400,321.53599999999994,3.0750307503075027,调仓换股
601998.SH,2024-05-06,2024-05-07,6.88,6.95,6700,364.2287500000019,1.0174418604651203,调仓换股
000506.SZ,2024-04-24,2024-05-08,5.05,4.15,3000,-2729.899999999998,-17.821782178217813,ATR止损 (ATR=0.44)
603657.SH,2024-04-30,2024-05-08,14.62,16.37,1000,1712.260000000002,11.969904240766088,调仓换股
002835.SZ,2024-04-30,2024-05-08,18.17,19.64,1100,1568.3909999999985,8.09025866813428,调仓换股
600295.SH,2024-05-07,2024-05-08,11.76,12.01,3700,825.01675,2.1258503401360542,调仓换股
300073.SZ,2024-05-07,2024-05-09,43.95,46.68,400,1049.6559999999986,6.211604095563132,调仓换股
601975.SH,2024-05-08,2024-05-09,3.67,3.93,10300,2586.922250000003,7.084468664850142,调仓换股
603018.SH,2024-05-08,2024-05-09,9.52,10.28,2800,2063.2359999999994,7.983193277310923,调仓换股
300989.SZ,2024-05-08,2024-05-10,18.52,19.15,800,468.3599999999992,3.4017278617710534,调仓换股
920245.BJ,2024-05-09,2024-05-10,11.38,11.25,1800,-279.5625000000014,-1.142355008787353,调仓换股
300711.SZ,2024-05-10,2024-05-13,18.9,19.42,700,331.8120000000022,2.751322751322768,调仓换股
300845.SZ,2024-05-10,2024-05-13,15.0,15.24,1200,246.4240000000002,1.6000000000000014,调仓换股
002264.SZ,2024-05-10,2024-05-13,5.65,6.17,5500,2783.646249999998,9.20353982300884,调仓换股
920415.BJ,2024-05-08,2024-05-14,7.76,7.34,1500,-657.0199999999999,-5.412371134020618,第5天未盈利 (-5.4%)
920924.BJ,2024-05-10,2024-05-14,11.7,11.64,1900,-163.76099999999758,-0.5128205128205019,调仓换股
300419.SZ,2024-05-14,2024-05-15,6.12,6.14,2100,11.211999999999106,0.32679738562090804,调仓换股
300476.SZ,2024-05-14,2024-05-15,27.41,28.76,800,1028.232000000001,4.92520977745349,调仓换股
603308.SH,2024-05-13,2024-05-16,14.46,14.48,2000,-25.160000000000856,0.13831258644536357,调仓换股
688027.SH,2024-05-13,2024-05-17,185.1,183.96,100,-155.79199999999867,-0.6158833063209003,第5天未盈利 (-0.6%)
600872.SH,2024-05-13,2024-05-17,28.45,28.12,1500,-589.9049999999974,-1.1599297012302225,第5天未盈利 (-1.2%)
000555.SZ,2024-05-16,2024-05-17,12.74,12.85,2700,218.9362499999985,0.8634222919937161,调仓换股
920237.BJ,2024-05-16,2024-05-17,14.86,15.32,1600,680.8480000000013,3.095558546433384,调仓换股
301077.SZ,2024-05-16,2024-05-17,18.49,20.44,1100,2094.4110000000032,10.546241211465674,调仓换股
688027.SH,2024-05-17,2024-05-20,183.96,192.09,100,769.5819999999997,4.419439008480102,调仓换股
600367.SH,2024-05-17,2024-05-20,12.28,12.7,2100,821.9925,3.420195439739413,调仓换股
300396.SZ,2024-05-17,2024-05-20,25.28,25.5,1400,227.67499999999842,0.8702531645569574,调仓换股
301206.SZ,2024-05-17,2024-05-21,29.13,29.04,800,-124.27199999999988,-0.30895983522142073,调仓换股
301055.SZ,2024-05-20,2024-05-21,13.26,13.19,2300,-229.25825000000063,-0.5279034690799418,调仓换股
300848.SZ,2024-05-20,2024-05-21,21.62,22.07,1400,560.4794999999989,2.081406105457906,调仓换股
920523.BJ,2024-05-17,2024-05-22,14.36,14.8,2300,935.410000000003,3.064066852367697,调仓换股
688200.SH,2024-05-20,2024-05-22,107.99,107.03,200,-240.16349999999875,-0.8889712010371272,调仓换股
603239.SH,2024-05-21,2024-05-22,15.79,15.73,2900,-276.63824999999633,-0.3799873337555334,调仓换股
603195.SH,2024-05-21,2024-05-23,123.4,124.72,400,415.75199999999734,1.069692058346834,调仓换股
000921.SZ,2024-05-21,2024-05-23,40.05,39.21,800,-742.5779999999971,-2.097378277153549,调仓换股
002399.SZ,2024-05-22,2024-05-23,9.99,9.85,4200,-681.0825000000024,-1.4014014014014071,调仓换股
300529.SZ,2024-05-22,2024-05-27,28.54,28.14,1400,-648.6409999999979,-1.4015416958654472,调仓换股
300673.SZ,2024-05-23,2024-05-27,14.24,14.3,2600,72.3450000000013,0.42134831460674504,调仓换股
301358.SZ,2024-05-22,2024-05-28,38.07,35.54,800,-2087.9720000000007,-6.645652744943528,第5天未盈利 (-6.6%)
301260.SZ,2024-05-27,2024-05-28,15.77,15.4,2000,-809.2999999999984,-2.346227013316419,调仓换股
002727.SZ,2024-05-28,2024-05-29,21.49,21.28,2600,-670.4879999999929,-0.9771986970683914,调仓换股
000529.SZ,2024-05-27,2024-05-30,7.14,6.72,4000,-1740.48,-5.88235294117647,调仓换股
300719.SZ,2024-05-29,2024-05-31,19.9,19.57,800,-300.31199999999865,-1.6582914572864236,调仓换股
600889.SH,2024-05-28,2024-06-03,5.85,5.04,2700,-2219.2159999999994,-13.846153846153841,第5天未盈利 (-13.8%)
603823.SH,2024-05-30,2024-06-03,11.05,10.88,1500,-292.6399999999999,-1.5384615384615377,调仓换股
300737.SZ,2024-05-31,2024-06-04,5.21,5.38,4800,757.8959999999997,3.2629558541266785,调仓换股
600889.SH,2024-06-03,2024-06-04,5.04,5.16,3100,335.0080000000004,2.3809523809523827,调仓换股
000620.SZ,2024-06-03,2024-06-04,1.99,2.19,14000,2731.015,10.050251256281404,调仓换股
300159.SZ,2024-06-04,2024-06-05,2.24,2.27,6500,160.48999999999873,1.3392857142857053,调仓换股
000514.SZ,2024-06-04,2024-06-05,3.7,3.49,5900,-1285.3297499999996,-5.6756756756756745,调仓换股
603823.SH,2024-06-05,2024-06-06,10.62,10.1,1800,-977.3599999999991,-4.896421845574384,调仓换股
300162.SZ,2024-06-04,2024-06-07,7.51,7.59,2200,137.60400000000016,1.0652463382157134,调仓换股
300320.SZ,2024-06-05,2024-06-07,8.6,8.65,3700,112.98875000000263,0.5813953488372177,调仓换股
301389.SZ,2024-06-06,2024-06-11,15.13,15.74,1100,631.3719999999994,4.031725049570386,调仓换股
000809.SZ,2024-06-07,2024-06-11,2.07,2.14,14100,919.108500000004,3.381642512077309,调仓换股
600744.SH,2024-06-11,2024-06-12,3.53,3.56,6800,149.53200000000172,0.8498583569405169,调仓换股
002120.SZ,2024-06-11,2024-06-13,8.52,7.92,5900,-3645.1379999999976,-7.0422535211267565,ATR止损 (ATR=0.29)
920931.BJ,2024-06-07,2024-06-14,8.31,8.36,2500,77.97499999999732,0.60168471720817,调仓换股
000520.SZ,2024-06-12,2024-06-17,2.94,2.64,6300,-1928.263999999999,-10.204081632653056,调仓换股
300761.SZ,2024-06-13,2024-06-17,23.86,24.03,1600,185.4920000000027,0.7124895222129158,调仓换股
002749.SZ,2024-06-14,2024-06-17,17.44,17.52,2300,93.33399999999608,0.45871559633026543,调仓换股
000422.SZ,2024-06-17,2024-06-18,12.24,12.58,2500,779.2374999999996,2.777777777777777,调仓换股
002749.SZ,2024-06-18,2024-06-20,16.88,16.11,2400,-1934.993999999999,-4.561611374407581,调仓换股
603836.SH,2024-06-19,2024-06-21,14.63,13.91,2100,-1577.7247500000014,-4.92139439507861,调仓换股
603678.SH,2024-06-21,2024-06-24,23.3,23.49,1600,219.43599999999634,0.8154506437768142,调仓换股
300040.SZ,2024-06-19,2024-06-25,6.26,5.72,2500,-1383.6,-8.626198083067093,第5天未盈利 (-8.6%)
001301.SZ,2024-06-20,2024-06-26,44.8,45.22,700,222.7785000000012,0.9375000000000038,调仓换股
605090.SH,2024-06-24,2024-06-26,28.8,28.97,1500,157.2262499999972,0.5902777777777714,调仓换股
300563.SZ,2024-06-25,2024-06-28,23.64,25.45,700,1226.369999999999,7.656514382402701,调仓换股
300320.SZ,2024-06-26,2024-06-28,8.5,8.16,3800,-1361.7679999999996,-3.9999999999999982,调仓换股
003026.SZ,2024-06-26,2024-06-28,30.08,28.87,700,-892.4702499999979,-4.022606382978715,调仓换股
300502.SZ,2024-06-28,2024-07-01,105.55,110.33,300,1359.5272500000005,4.528659403126482,调仓换股
300346.SZ,2024-06-28,2024-07-01,28.59,28.75,1000,95.31250000000014,0.5596362364463104,调仓换股
688206.SH,2024-06-28,2024-07-01,14.85,14.37,1500,-768.4987500000005,-3.232323232323235,调仓换股
002922.SZ,2024-07-01,2024-07-02,19.67,18.82,1100,-981.5795000000016,-4.3213014743263924,放量阴线
688689.SH,2024-07-01,2024-07-03,20.72,21.07,1100,332.8517500000016,1.6891891891891961,调仓换股
688508.SH,2024-07-01,2024-07-03,36.2,35.97,600,-186.55950000000237,-0.6353591160221104,调仓换股
688429.SH,2024-07-01,2024-07-04,16.55,16.0,1300,-761.8000000000009,-3.3232628398791584,调仓换股
688288.SH,2024-07-01,2024-07-05,15.3,14.32,900,-912.7760000000004,-6.405228758169937,第5天未盈利 (-6.4%)
000839.SZ,2024-07-02,2024-07-08,2.73,2.48,10600,-2709.148,-9.157509157509157,第5天未盈利 (-9.2%)
688312.SH,2024-07-05,2024-07-08,20.84,21.36,800,376.8239999999996,2.4952015355086354,调仓换股
688076.SH,2024-07-04,2024-07-09,70.72,72.12,400,495.0920000000023,1.979638009049782,调仓换股
000839.SZ,2024-07-08,2024-07-10,2.48,2.48,12200,-68.076,0.0,调仓换股
301314.SZ,2024-07-08,2024-07-10,33.89,34.21,400,95.63200000000012,0.9442313366774868,调仓换股
301129.SZ,2024-07-09,2024-07-10,20.72,20.46,700,-215.6439999999986,-1.2548262548262454,调仓换股
688076.SH,2024-07-10,2024-07-15,69.14,68.9,400,-158.00999999999797,-0.3471217818918063,调仓换股
600992.SH,2024-07-10,2024-07-16,15.83,14.92,1600,-1509.7120000000004,-5.7485786481364505,第5天未盈利 (-5.7%)
300461.SZ,2024-07-10,2024-07-16,16.61,17.33,700,474.73799999999926,4.33473810957254,调仓换股
600992.SH,2024-07-16,2024-07-17,14.92,15.04,1600,137.85599999999877,0.8042895442359197,调仓换股
300579.SZ,2024-07-15,2024-07-18,21.33,20.65,900,-654.1699999999998,-3.1879981247069846,调仓换股
600236.SH,2024-07-16,2024-07-22,7.83,7.48,5800,-2127.6139999999978,-4.469987228607914,第5天未盈利 (-4.5%)
301326.SZ,2024-07-19,2024-07-23,30.27,29.58,500,-379.58000000000067,-2.279484638255703,调仓换股
002600.SZ,2024-07-19,2024-07-25,6.78,6.26,3500,-1869.2975000000017,-7.669616519174048,第5天未盈利 (-7.7%)
000049.SZ,2024-07-22,2024-07-25,25.24,23.9,1000,-1393.7749999999999,-5.309033280507132,调仓换股
600711.SH,2024-07-25,2024-07-26,4.57,4.7,5900,704.6074999999993,2.84463894967177,调仓换股
002916.SZ,2024-07-23,2024-07-29,114.65,111.42,300,-1044.208500000001,-2.8172699520279143,第5天未盈利 (-2.8%)
603030.SH,2024-07-26,2024-07-29,1.82,1.86,15200,544.3880000000005,2.1978021978021998,调仓换股
688608.SH,2024-07-29,2024-07-30,161.54,166.5,200,917.0750000000016,3.0704469481243084,调仓换股
603893.SH,2024-07-29,2024-07-30,59.94,60.56,600,290.2440000000027,1.0343677010343753,调仓换股
002916.SZ,2024-07-30,2024-07-31,110.09,110.67,300,99.2977499999995,0.5268416749931859,调仓换股
688183.SH,2024-07-25,2024-08-01,23.0,23.83,800,620.8719999999987,3.608695652173906,调仓换股
920509.BJ,2024-07-31,2024-08-01,7.65,7.7,2700,88.22249999999954,0.6535947712418277,调仓换股
920267.BJ,2024-07-31,2024-08-01,12.29,12.08,1800,-426.9239999999984,-1.7087062652562985,调仓换股
600711.SH,2024-08-01,2024-08-02,4.52,4.29,6100,-1461.8802499999974,-5.08849557522123,调仓换股
920407.BJ,2024-08-01,2024-08-02,9.37,9.14,2000,-501.5599999999972,-2.454642475987179,调仓换股
920223.BJ,2024-07-30,2024-08-05,4.86,4.15,2800,-2016.2399999999998,-14.609053497942384,第5天未盈利 (-14.6%)
920553.BJ,2024-07-31,2024-08-06,4.47,4.16,3600,-1150.9519999999989,-6.935123042505585,第5天未盈利 (-6.9%)
920223.BJ,2024-08-05,2024-08-06,4.15,4.77,3100,1887.4259999999974,14.93975903614456,调仓换股
300960.SZ,2024-08-01,2024-08-07,21.9,19.48,700,-1726.2719999999986,-11.050228310502275,第5天未盈利 (-11.1%)
920014.BJ,2024-08-06,2024-08-07,7.63,7.69,6500,277.53375000000324,0.7863695937090498,调仓换股
300960.SZ,2024-08-07,2024-08-08,19.48,18.93,800,-475.2880000000006,-2.823408624229983,调仓换股
600834.SH,2024-08-08,2024-08-09,7.43,7.36,2800,-242.3679999999983,-0.9421265141318895,调仓换股
301226.SZ,2024-08-06,2024-08-12,21.02,19.78,800,-1028.6479999999988,-5.8991436726926665,第5天未盈利 (-5.9%)
300923.SZ,2024-08-07,2024-08-12,20.16,19.21,800,-795.7359999999995,-4.712301587301583,调仓换股
002232.SZ,2024-08-09,2024-08-12,18.45,19.96,900,1318.0720000000015,8.184281842818438,调仓换股
301226.SZ,2024-08-12,2024-08-13,19.78,20.08,1000,254.81999999999718,1.516683518705749,调仓换股
300281.SZ,2024-08-12,2024-08-14,4.92,4.95,3400,63.340000000000856,0.6097560975609807,调仓换股
603390.SH,2024-08-13,2024-08-14,8.75,9.07,2100,628.9060000000005,3.65714285714286,调仓换股
300053.SZ,2024-08-14,2024-08-15,10.89,10.9,2100,-30.50250000000045,0.09182736455463532,调仓换股
002685.SZ,2024-08-12,2024-08-16,3.17,2.94,5400,-1278.752,-7.2555205047318605,第5天未盈利 (-7.3%)
600280.SH,2024-08-16,2024-08-19,2.57,2.5,6600,-499.9999999999989,-2.723735408560305,调仓换股
000953.SZ,2024-08-14,2024-08-20,3.75,3.2,4600,-2564.4399999999987,-14.66666666666666,第5天未盈利 (-14.7%)
603390.SH,2024-08-15,2024-08-20,8.82,8.32,2200,-1141.6080000000002,-5.668934240362812,调仓换股
002685.SZ,2024-08-16,2024-08-20,2.94,2.91,5900,-216.33799999999886,-1.0204081632652995,调仓换股
300149.SZ,2024-08-16,2024-08-21,5.0,4.61,3000,-1202.659999999999,-7.799999999999993,调仓换股
000679.SZ,2024-08-19,2024-08-22,2.93,2.83,5600,-596.6960000000004,-3.4129692832764533,调仓换股
000953.SZ,2024-08-20,2024-08-22,3.2,3.37,4500,729.6699999999997,5.312499999999998,调仓换股
300615.SZ,2024-08-21,2024-08-23,10.38,9.99,1600,-660.968000000001,-3.7572254335260165,调仓换股
000404.SZ,2024-08-22,2024-08-23,5.73,5.87,8500,1077.7362499999972,2.4432809773123854,调仓换股
300152.SZ,2024-08-23,2024-08-26,1.71,1.74,14000,365.1900000000004,1.7543859649122824,调仓换股
002232.SZ,2024-08-22,2024-08-27,17.02,16.09,800,-774.7439999999997,-5.464159811985898,调仓换股
603863.SH,2024-08-23,2024-08-28,23.72,24.14,1100,402.25350000000185,1.7706576728499228,调仓换股
002779.SZ,2024-08-27,2024-08-28,31.52,30.56,1100,-1131.6360000000009,-3.04568527918782,调仓换股
300256.SZ,2024-08-26,2024-08-29,2.63,2.52,5200,-603.2079999999994,-4.182509505703417,调仓换股
300027.SZ,2024-08-28,2024-08-30,1.96,2.22,7400,1886.1440000000016,13.265306122448992,调仓换股
600650.SH,2024-08-30,2024-09-02,10.77,10.56,1400,-328.5679999999987,-1.9498607242339747,调仓换股
920392.BJ,2024-08-28,2024-09-03,10.16,10.87,3000,2056.627499999997,6.988188976377943,调仓换股
300061.SZ,2024-08-29,2024-09-04,5.76,5.5,2200,-601.1999999999996,-4.513888888888886,第5天未盈利 (-4.5%)
688613.SH,2024-09-03,2024-09-05,14.09,14.88,2000,1513.0400000000018,5.606813342796316,调仓换股
300061.SZ,2024-09-04,2024-09-05,5.5,5.72,2500,516.3999999999995,3.999999999999995,调仓换股
600326.SH,2024-09-02,2024-09-06,5.38,5.31,3200,-262.9840000000009,-1.301115241635693,第5天未盈利 (-1.3%)
300531.SZ,2024-09-05,2024-09-06,12.18,11.35,1500,-1284.0500000000002,-6.814449917898195,调仓换股
300986.SZ,2024-09-05,2024-09-09,7.36,7.22,3900,-609.3555000000023,-1.902173913043486,调仓换股
002307.SZ,2024-09-06,2024-09-09,2.92,2.93,11400,38.84550000000263,0.34246575342466545,调仓换股
300531.SZ,2024-09-09,2024-09-10,10.88,11.06,1600,247.60799999999952,1.6544117647058796,调仓换股
300985.SZ,2024-09-09,2024-09-10,16.2,16.5,1500,394.3125000000011,1.8518518518518563,调仓换股
300472.SZ,2024-09-06,2024-09-11,5.35,5.64,3700,1026.0470000000003,5.4205607476635524,调仓换股
601898.SH,2024-09-10,2024-09-11,12.73,12.62,3300,-456.703500000004,-0.8641005498821775,调仓换股
301128.SZ,2024-09-11,2024-09-12,41.73,40.77,600,-631.0394999999962,-2.3005032350826595,调仓换股
600165.SH,2024-09-11,2024-09-13,2.26,2.12,11600,-1679.3319999999965,-6.194690265486712,调仓换股
300972.SZ,2024-09-12,2024-09-18,31.11,29.54,1000,-1636.4650000000001,-5.04660880745741,调仓换股
300256.SZ,2024-09-11,2024-09-19,2.41,2.26,6100,-947.572000000002,-6.224066390041508,第5天未盈利 (-6.2%)
002520.SZ,2024-09-19,2024-09-20,4.24,4.01,4500,-1076.090000000002,-5.424528301886802,放量阴线
605218.SH,2024-09-13,2024-09-23,17.71,17.61,900,-126.69800000000129,-0.5646527385657901,第5天未盈利 (-0.6%)
002388.SZ,2024-09-18,2024-09-25,3.81,3.98,3800,610.7519999999997,4.461942257217846,调仓换股
002520.SZ,2024-09-20,2024-09-25,4.01,4.12,4600,463.0960000000015,2.743142144638412,调仓换股
000908.SZ,2024-09-23,2024-09-25,3.94,3.76,5900,-1111.914000000001,-4.56852791878173,放量阴线
605218.SH,2024-09-24,2024-09-25,18.07,18.31,1000,198.37999999999843,1.3281682346430461,调仓换股
000536.SZ,2024-09-25,2024-09-27,2.85,3.02,6000,978.7599999999995,5.964912280701752,调仓换股
000908.SZ,2024-09-25,2024-09-30,3.76,3.41,5700,-2038.8739999999977,-9.308510638297864,放量阴线
000908.SZ,2024-09-30,2024-10-10,3.41,3.57,5900,896.6082499999982,4.6920821114369415,调仓换股
002480.SZ,2024-10-10,2024-10-14,4.16,4.47,7400,2219.5744999999974,7.451923076923067,调仓换股
600543.SH,2024-10-11,2024-10-14,5.82,5.91,2700,206.08599999999961,1.546391752577317,调仓换股
688429.SH,2024-10-14,2024-10-15,16.79,16.8,1100,-30.95999999999828,0.05955926146516715,调仓换股
000965.SZ,2024-10-11,2024-10-16,3.07,3.33,6400,1616.0480000000016,8.469055374592841,调仓换股
600376.SH,2024-10-14,2024-10-16,2.75,2.91,7200,1104.8580000000009,5.818181818181823,调仓换股
600358.SH,2024-10-15,2024-10-16,3.27,3.29,5300,66.1260000000001,0.6116207951070342,调仓换股
688399.SH,2024-10-11,2024-10-17,81.28,77.45,300,-1201.2787499999993,-4.712106299212596,第5天未盈利 (-4.7%)
002638.SZ,2024-10-11,2024-10-17,1.89,1.89,14400,-61.236000000000004,0.0,调仓换股
002162.SZ,2024-10-17,2024-10-18,3.19,3.27,8600,624.7255000000007,2.5078369905956137,调仓换股
603288.SH,2024-10-17,2024-10-18,42.24,43.09,700,527.133250000001,2.0123106060606095,调仓换股
300080.SZ,2024-10-16,2024-10-21,3.87,4.22,4100,1395.3959999999988,9.043927648578801,调仓换股
688391.SH,2024-10-18,2024-10-21,34.79,35.23,600,216.43949999999865,1.264731244610514,调仓换股
301210.SZ,2024-10-18,2024-10-21,32.85,33.57,600,386.6804999999993,2.1917808219178045,调仓换股
600881.SH,2024-10-16,2024-10-22,1.59,1.66,11700,775.1559999999981,4.40251572327043,调仓换股
002486.SZ,2024-10-21,2024-10-22,1.97,2.01,15500,549.9012499999972,2.0304568527918687,调仓换股
603326.SH,2024-10-21,2024-10-22,6.1,6.23,4600,533.5195000000036,2.1311475409836196,调仓换股
600643.SH,2024-10-16,2024-10-23,5.45,5.49,4700,129.94325000000018,0.733944954128441,调仓换股
688198.SH,2024-10-22,2024-10-23,126.8,127.2,100,9.560000000000569,0.31545741324921583,调仓换股
002219.SZ,2024-10-22,2024-10-24,2.52,2.54,8900,127.13650000000018,0.7936507936507943,调仓换股
002741.SZ,2024-10-21,2024-10-25,13.46,13.78,2000,577.989999999997,2.377414561664179,调仓换股
603093.SH,2024-10-22,2024-10-25,12.2,12.34,2100,235.69350000000122,1.1475409836065622,调仓换股
688188.SH,2024-10-23,2024-10-28,200.11,195.09,100,-546.018000000001,-2.508620258857633,调仓换股
600239.SH,2024-10-23,2024-10-28,2.68,2.98,7300,2141.0534999999986,11.194029850746261,调仓换股
301032.SZ,2024-10-24,2024-10-28,9.59,11.41,1900,3409.2222500000003,18.978102189781026,调仓换股
600039.SH,2024-10-25,2024-10-29,7.47,7.47,3100,-52.10325,0.0,调仓换股
002649.SZ,2024-10-28,2024-10-30,11.92,12.39,2400,1061.0940000000014,3.9429530201342335,调仓换股
000514.SZ,2024-10-28,2024-10-30,4.77,4.65,4300,-560.9899999999966,-2.5157232704402355,调仓换股
301357.SZ,2024-10-29,2024-10-30,37.94,39.07,400,415.74400000000105,2.978386926726417,调仓换股
300245.SZ,2024-10-25,2024-10-31,11.2,11.51,1200,339.37600000000054,2.7678571428571477,调仓换股
688685.SH,2024-10-28,2024-10-31,36.76,35.07,700,-1238.2352499999984,-4.597388465723606,调仓换股
601211.SH,2024-10-30,2024-10-31,18.66,18.92,2000,434.8600000000032,1.3933547695605657,调仓换股
600039.SH,2024-10-30,2024-10-31,7.27,7.65,3300,1197.1987500000027,5.226960110041277,调仓换股
001367.SZ,2024-10-30,2024-11-01,30.42,29.27,1000,-1215.8575000000021,-3.7804076265614794,调仓换股
688113.SH,2024-10-31,2024-11-01,31.28,30.2,900,-1033.1550000000016,-3.452685421994891,调仓换股
300818.SZ,2024-10-31,2024-11-01,27.71,28.19,800,333.2580000000003,1.7322266329844835,调仓换股
688198.SH,2024-10-31,2024-11-01,119.65,119.25,200,-133.66250000000113,-0.33430839949854213,调仓换股
688576.SH,2024-10-31,2024-11-04,61.1,61.82,500,290.45249999999936,1.1783960720130915,调仓换股
301197.SZ,2024-11-01,2024-11-04,15.07,15.42,1300,409.89649999999955,2.3224950232249477,调仓换股
688690.SH,2024-11-01,2024-11-04,19.69,20.02,1100,313.45049999999816,1.6759776536312763,调仓换股
920092.BJ,2024-11-01,2024-11-04,32.61,34.45,300,526.330000000001,5.642440969027916,调仓换股
300853.SZ,2024-11-01,2024-11-04,16.9,17.83,1000,889.3399999999997,5.502958579881655,调仓换股
688126.SH,2024-11-04,2024-11-05,21.7,22.54,1100,868.2135,3.8709677419354835,调仓换股
688151.SH,2024-11-04,2024-11-05,16.25,16.75,2000,924.625,3.076923076923077,调仓换股
603058.SH,2024-11-04,2024-11-06,9.41,9.91,3200,1528.648,5.313496280552603,调仓换股
300489.SZ,2024-11-05,2024-11-06,83.58,84.48,100,68.10400000000055,1.076812634601586,调仓换股
002973.SZ,2024-11-04,2024-11-07,10.51,10.69,2700,421.0582499999992,1.7126546146527093,调仓换股
000935.SZ,2024-11-05,2024-11-07,17.38,17.48,1300,78.87100000000184,0.5753739930955203,调仓换股
603269.SH,2024-11-06,2024-11-07,9.33,9.63,2700,751.4977500000019,3.2154340836012936,调仓换股
600463.SH,2024-11-06,2024-11-07,13.42,13.54,1300,115.79599999999897,0.8941877794336752,调仓换股
002488.SZ,2024-11-04,2024-11-08,10.81,11.16,1900,617.2909999999994,3.2377428307123,调仓换股
600198.SH,2024-11-07,2024-11-11,11.93,12.85,1400,1247.02,7.711651299245599,调仓换股
002272.SZ,2024-11-07,2024-11-11,11.59,12.18,1200,673.7679999999998,5.090595340811043,调仓换股
000677.SZ,2024-11-08,2024-11-11,5.28,5.55,3100,797.5899999999986,5.113636363636355,调仓换股
605069.SH,2024-11-11,2024-11-12,8.87,8.68,2800,-586.6839999999986,-2.142051860202926,调仓换股
603038.SH,2024-11-07,2024-11-13,21.68,21.39,500,-171.38999999999956,-1.33763837638376,第5天未盈利 (-1.3%)
000917.SZ,2024-11-12,2024-11-13,8.58,8.77,2600,442.6954999999987,2.2144522144522085,调仓换股
603656.SH,2024-11-07,2024-11-14,20.5,20.39,900,-140.7019999999995,-0.5365853658536558,调仓换股
600439.SH,2024-11-11,2024-11-14,4.36,4.0,4200,-1550.6000000000013,-8.256880733944962,调仓换股
000958.SZ,2024-11-11,2024-11-14,8.32,8.22,2400,-284.45599999999916,-1.2019230769230727,调仓换股
603038.SH,2024-11-13,2024-11-14,21.39,21.4,600,-24.680000000001193,0.04675081813930814,调仓换股
601996.SH,2024-11-13,2024-11-15,2.36,2.22,10500,-1522.4474999999966,-5.932203389830495,调仓换股
603098.SH,2024-11-14,2024-11-15,10.8,10.7,2300,-285.3725000000033,-0.925925925925939,调仓换股
300443.SZ,2024-11-15,2024-11-18,23.0,23.7,1000,646.6749999999993,3.0434782608695623,调仓换股
002453.SZ,2024-11-14,2024-11-19,6.24,5.79,3500,-1620.596250000001,-7.2115384615384635,调仓换股
603201.SH,2024-11-18,2024-11-19,17.87,18.26,1500,523.372500000001,2.182428651371016,调仓换股
603708.SH,2024-11-15,2024-11-20,10.17,10.18,2800,-36.1340000000006,0.09832841691248562,调仓换股
688622.SH,2024-11-19,2024-11-20,39.0,42.01,500,1457.7387499999988,7.717948717948713,调仓换股
301211.SZ,2024-11-19,2024-11-21,20.37,20.61,1000,193.6274999999984,1.1782032400589024,调仓换股
603336.SH,2024-11-20,2024-11-21,4.67,4.65,4800,-146.21999999999795,-0.4282655246252586,调仓换股
002673.SZ,2024-11-20,2024-11-21,9.02,9.71,3200,2138.088000000004,7.649667405764982,调仓换股
002568.SZ,2024-11-20,2024-11-22,23.94,22.39,1100,-1760.4152500000005,-6.4745196324143715,调仓换股
300973.SZ,2024-11-21,2024-11-22,35.82,33.7,800,-1756.659999999998,-5.91848129536571,调仓换股
688222.SH,2024-11-21,2024-11-22,12.68,12.07,1600,-1019.6239999999991,-4.810725552050469,调仓换股
300815.SZ,2024-11-20,2024-11-25,16.3,15.54,1600,-1271.9440000000025,-4.662576687116574,调仓换股
688283.SH,2024-11-22,2024-11-25,27.11,27.23,800,46.98600000000081,0.44264109184803024,调仓换股
600745.SH,2024-11-21,2024-11-26,42.1,38.77,600,-2050.339499999999,-7.909738717339663,调仓换股
688089.SH,2024-11-25,2024-11-26,21.04,21.57,900,433.174000000001,2.519011406844112,调仓换股
688429.SH,2024-11-25,2024-11-26,22.89,22.45,500,-247.4500000000006,-1.9222367846221111,调仓换股
601698.SH,2024-11-26,2024-11-27,20.17,22.19,1100,2167.0797499999994,10.014873574615763,调仓换股
600629.SH,2024-11-26,2024-11-27,7.45,7.65,2400,438.2800000000004,2.684563758389264,调仓换股
688429.SH,2024-11-27,2024-11-28,21.86,22.73,600,489.7240000000006,3.9798719121683486,调仓换股
003038.SZ,2024-11-26,2024-11-29,18.39,19.13,1300,906.0447499999979,4.0239260467645375,调仓换股
301356.SZ,2024-11-27,2024-11-29,17.84,18.63,1700,1271.7402499999985,4.4282511210762285,调仓换股
002657.SZ,2024-11-28,2024-12-02,20.17,22.03,800,1447.7519999999995,9.221616261774908,调仓换股
600246.SH,2024-11-29,2024-12-02,9.47,9.75,1600,411.79999999999893,2.9567053854276595,调仓换股
000880.SZ,2024-11-29,2024-12-02,12.08,12.43,1800,579.6584999999993,2.8973509933774806,调仓换股
603004.SH,2024-11-29,2024-12-03,22.51,23.57,900,906.2707499999989,4.709018214127049,调仓换股
600182.SH,2024-12-02,2024-12-03,16.52,17.35,2000,1581.9250000000036,5.024213075060544,调仓换股
600800.SH,2024-12-02,2024-12-03,3.85,3.81,4500,-219.2900000000002,-1.0389610389610398,放量阴线
600800.SH,2024-12-03,2024-12-04,3.81,3.98,4900,788.9959999999998,4.461942257217846,调仓换股
000590.SZ,2024-12-02,2024-12-05,7.98,8.06,2400,148.31200000000018,1.0025062656641612,调仓换股
603527.SH,2024-12-03,2024-12-05,10.5,10.78,2100,537.0644999999986,2.6666666666666607,调仓换股
002759.SZ,2024-12-05,2024-12-06,10.36,11.22,1900,1586.0345000000023,8.301158301158313,调仓换股
000695.SZ,2024-11-29,2024-12-09,12.05,12.23,1300,197.20199999999963,1.4937759336099559,调仓换股
000801.SZ,2024-12-03,2024-12-09,16.58,15.6,900,-915.0799999999987,-5.910735826296736,第5天未盈利 (-5.9%)
600470.SH,2024-12-04,2024-12-09,6.06,6.5,3300,1403.7375000000013,7.260726072607268,调仓换股
605196.SH,2024-12-05,2024-12-09,11.42,12.22,2400,1854.0120000000018,7.005253940455347,调仓换股
002816.SZ,2024-12-06,2024-12-09,20.28,21.46,900,1018.3719999999997,5.8185404339250475,调仓换股
000801.SZ,2024-12-09,2024-12-10,15.6,16.22,1200,700.0719999999992,3.974358974358969,调仓换股
920262.BJ,2024-12-09,2024-12-10,23.49,24.37,400,327.50400000000104,3.7462750106428375,调仓换股
920227.BJ,2024-12-09,2024-12-10,48.13,50.0,200,348.9999999999995,3.8853106170787397,调仓换股
920508.BJ,2024-12-09,2024-12-10,34.41,34.23,300,-79.53799999999993,-0.5231037489101997,调仓换股
920717.BJ,2024-12-09,2024-12-11,10.81,10.24,1300,-772.6240000000004,-5.27289546716004,调仓换股
920564.BJ,2024-12-10,2024-12-11,19.66,18.88,600,-495.65600000000063,-3.9674465920651123,调仓换股
600327.SH,2024-12-10,2024-12-11,6.58,6.68,2600,220.2639999999991,1.5197568389057698,调仓换股
920855.BJ,2024-12-10,2024-12-12,21.02,21.06,600,-6.272000000000514,0.1902949571836306,调仓换股
920834.BJ,2024-12-10,2024-12-12,9.4,9.23,1600,-306.53599999999994,-1.8085106382978715,调仓换股
920832.BJ,2024-12-11,2024-12-12,7.28,7.46,2500,407.69999999999936,2.4725274725274686,调仓换股
920132.BJ,2024-12-11,2024-12-12,14.84,15.81,800,745.7040000000004,6.536388140161729,调仓换股
920689.BJ,2024-12-11,2024-12-13,19.91,20.2,700,169.7199999999994,1.456554495228524,调仓换股
920651.BJ,2024-12-12,2024-12-13,25.13,25.9,500,354.0999999999998,3.0640668523676866,调仓换股
920663.BJ,2024-12-12,2024-12-13,17.48,17.17,800,-280.47199999999896,-1.7734553775743633,调仓换股
920207.BJ,2024-12-12,2024-12-16,21.93,20.74,500,-620.7400000000007,-5.426356589147293,调仓换股
920519.BJ,2024-12-12,2024-12-16,12.17,12.34,1200,169.38399999999993,1.3968775677896461,调仓换股
920367.BJ,2024-12-16,2024-12-17,17.52,16.49,600,-642.7880000000007,-5.878995433789961,调仓换股
002131.SZ,2024-12-13,2024-12-18,4.11,3.83,4500,-1299.470000000001,-6.812652068126527,调仓换股
002526.SZ,2024-12-16,2024-12-18,4.25,4.42,4600,736.2529999999997,3.9999999999999982,调仓换股
603021.SH,2024-12-17,2024-12-19,5.41,5.26,3400,-550.7680000000012,-2.772643253234757,调仓换股
920533.BJ,2024-12-18,2024-12-19,27.64,28.9,400,475.8799999999992,4.558610709117214,调仓换股
688221.SH,2024-12-18,2024-12-19,9.04,9.88,3300,2698.641000000006,9.292035398230107,调仓换股
603030.SH,2024-12-19,2024-12-20,3.12,3.14,7100,91.83850000000012,0.6410256410256416,调仓换股
002681.SZ,2024-12-19,2024-12-20,7.49,7.59,2400,198.56799999999913,1.33511348464619,调仓换股
603088.SH,2024-12-19,2024-12-25,9.76,9.15,2100,-1324.4299999999987,-6.249999999999995,第5天未盈利 (-6.2%)
605179.SH,2024-12-20,2024-12-25,22.21,22.96,700,487.856,3.376857271499324,调仓换股
002523.SZ,2024-12-20,2024-12-26,3.76,3.32,4900,-2193.5359999999996,-11.702127659574467,第5天未盈利 (-11.7%)
002426.SZ,2024-12-24,2024-12-26,3.01,2.9,5200,-607.1599999999994,-3.654485049833883,调仓换股
000619.SZ,2024-12-24,2024-12-26,6.3,6.36,2600,117.9280000000013,0.9523809523809603,调仓换股
688175.SH,2024-12-25,2024-12-26,17.85,18.29,1000,398.4199999999977,2.4649859943977463,调仓换股
920855.BJ,2024-12-26,2024-12-27,16.33,17.42,700,733.6120000000025,6.674831598285386,调仓换股
002392.SZ,2024-12-26,2024-12-30,4.7,4.85,6500,904.0687499999966,3.1914893617021165,调仓换股
002523.SZ,2024-12-26,2024-12-30,3.32,3.3,4900,-135.3400000000001,-0.6024096385542175,调仓换股
688622.SH,2024-12-26,2024-12-30,60.76,61.16,200,50.53599999999972,0.6583278472679371,调仓换股
688175.SH,2024-12-27,2024-12-30,18.02,17.78,1000,-280.55999999999847,-1.3318534961154187,调仓换股
002291.SZ,2024-12-25,2024-12-31,6.88,6.31,2100,-1228.5020000000006,-8.284883720930235,第5天未盈利 (-8.3%)
000530.SZ,2024-12-30,2024-12-31,5.91,6.01,3200,276.5359999999989,1.6920473773265592,调仓换股
300785.SZ,2024-12-30,2025-01-02,34.9,34.59,400,-156.6719999999981,-0.8882521489971209,调仓换股
920174.BJ,2024-12-30,2025-01-03,29.02,28.54,400,-219.83200000000016,-1.6540317022742952,调仓换股
300805.SZ,2024-12-30,2025-01-06,11.85,10.26,1000,-1615.5199999999998,-13.41772151898734,第5天未盈利 (-13.4%)
300809.SZ,2025-01-02,2025-01-06,30.74,27.3,700,-2451.2199999999984,-11.19063109954456,调仓换股
688709.SH,2025-01-03,2025-01-06,27.21,27.0,500,-137.00000000000043,-0.7717750826901906,调仓换股
688220.SH,2025-01-06,2025-01-07,49.03,51.92,400,1109.2720000000002,5.894350397715685,调仓换股
001313.SZ,2025-01-06,2025-01-07,8.0,8.56,2600,1405.9240000000011,7.000000000000006,调仓换股
688716.SH,2025-01-06,2025-01-09,32.6,36.77,400,1633.5840000000005,12.79141104294479,调仓换股
600973.SH,2025-01-07,2025-01-10,4.93,4.52,3300,-1387.8320000000003,-8.31643002028398,调仓换股
600803.SH,2025-01-09,2025-01-10,19.68,19.82,2600,248.0530000000015,0.7113821138211411,调仓换股
600579.SH,2025-01-07,2025-01-13,9.78,7.89,1400,-2673.091999999999,-19.325153374233125,第5天未盈利 (-19.3%)
600694.SH,2025-01-10,2025-01-13,22.97,22.94,1000,-81.61499999999758,-0.13060513713538346,调仓换股
003010.SZ,2025-01-13,2025-01-14,24.55,25.93,700,924.6979999999994,5.62118126272912,调仓换股
301536.SZ,2025-01-13,2025-01-15,69.48,73.09,200,687.7639999999998,5.1957397812320085,调仓换股
603500.SH,2025-01-14,2025-01-15,7.2,6.97,2400,-590.4560000000009,-3.1944444444444504,调仓换股
605158.SH,2025-01-10,2025-01-16,10.45,9.99,2000,-964.9599999999982,-4.401913875598078,第5天未盈利 (-4.4%)
301536.SZ,2025-01-16,2025-01-17,69.77,73.67,200,745.5320000000011,5.589795040848511,调仓换股
688068.SH,2025-01-17,2025-01-21,67.4,70.99,200,684.6039999999979,5.326409495548945,调仓换股
920725.BJ,2025-01-17,2025-01-22,36.53,35.29,300,-398.17400000000055,-3.3944702983848947,调仓换股
300715.SZ,2025-01-20,2025-01-22,8.34,9.03,2000,1338.8799999999992,8.273381294964024,调仓换股
000573.SZ,2025-01-20,2025-01-23,4.45,5.12,4200,2765.6159999999995,15.056179775280897,调仓换股
002225.SZ,2025-01-22,2025-01-24,5.28,5.25,5000,-209.06250000000125,-0.5681818181818229,调仓换股
001313.SZ,2025-01-23,2025-01-27,8.66,8.69,3100,32.387249999998005,0.3464203233256277,调仓换股
600714.SH,2025-01-23,2025-02-05,10.15,10.38,1800,371.63200000000074,2.2660098522167527,调仓换股
600808.SH,2025-01-24,2025-02-05,3.29,3.26,9000,-336.01500000000215,-0.9118541033434726,调仓换股
300561.SZ,2025-01-27,2025-02-05,49.58,52.46,200,550.0160000000005,5.808793868495366,调仓换股
603777.SH,2025-01-24,2025-02-07,16.34,15.51,800,-693.816,-5.079559363525092,第5天未盈利 (-5.1%)
600530.SH,2025-01-24,2025-02-07,4.5,4.5,3900,-40.1,0.0,调仓换股
688800.SH,2025-02-06,2025-02-07,61.59,65.3,200,710.8799999999989,6.023705146939428,调仓换股
300792.SZ,2025-02-06,2025-02-10,28.43,28.77,600,164.4759999999999,1.1959198030249731,调仓换股
603063.SH,2025-02-05,2025-02-11,28.44,30.41,600,1140.5079999999991,6.926863572433188,调仓换股
603777.SH,2025-02-07,2025-02-11,15.51,16.15,900,541.9299999999989,4.126370083816885,调仓换股
605080.SH,2025-02-07,2025-02-11,28.26,30.1,900,1595.0475,6.510969568294408,调仓换股
002488.SZ,2025-02-10,2025-02-11,10.96,11.14,3400,526.7789999999991,1.6423357664233549,调仓换股
000573.SZ,2025-02-07,2025-02-13,4.35,4.17,3100,-588.8539999999991,-4.137931034482753,第5天未盈利 (-4.1%)
002730.SZ,2025-02-12,2025-02-13,21.9,22.55,700,418.4300000000014,2.9680365296803752,调仓换股
301383.SZ,2025-02-13,2025-02-14,56.7,53.2,300,-1086.92,-6.172839506172839,调仓换股
300436.SZ,2025-02-13,2025-02-14,31.48,31.84,800,230.68799999999956,1.1435832274459956,调仓换股
000573.SZ,2025-02-13,2025-02-17,4.17,4.15,4100,-121.02999999999825,-0.47961630695442625,调仓换股
600933.SH,2025-02-13,2025-02-17,17.43,17.75,1700,476.1062500000004,1.8359150889271387,调仓换股
603667.SH,2025-02-14,2025-02-17,39.8,41.92,400,809.4640000000018,5.326633165829158,调仓换股
688099.SH,2025-02-14,2025-02-17,82.1,82.12,300,-49.43099999999693,0.024360535931802964,调仓换股
300926.SZ,2025-02-13,2025-02-18,24.33,24.4,1500,22.650000000000418,0.2877106452938771,调仓换股
688696.SH,2025-02-17,2025-02-18,112.13,118.2,200,1160.810000000001,5.413359493445115,调仓换股
001282.SZ,2025-02-17,2025-02-19,24.73,25.5,1100,783.8874999999996,3.113627173473512,调仓换股
300458.SZ,2025-02-17,2025-02-19,48.69,50.9,400,838.1900000000003,4.5389196960361495,调仓换股
002730.SZ,2025-02-18,2025-02-19,19.06,19.85,700,520.210000000002,4.144805876180497,调仓换股
301299.SZ,2025-02-18,2025-02-20,75.22,78.51,200,621.5960000000013,4.373836745546406,调仓换股
688220.SH,2025-02-17,2025-02-21,71.68,84.08,200,2441.3679999999986,17.299107142857128,调仓换股
301299.SZ,2025-02-20,2025-02-21,78.51,79.98,200,257.0079999999998,1.8723729461215117,调仓换股
600191.SH,2025-02-19,2025-02-24,7.89,7.54,2700,-990.805499999999,-4.435994930291503,调仓换股
920146.BJ,2025-02-21,2025-02-24,9.38,9.14,2000,-521.5600000000004,-2.558635394456292,调仓换股
603390.SH,2025-02-21,2025-02-24,11.19,11.03,2100,-388.1167500000003,-1.4298480786416456,调仓换股
605398.SH,2025-02-19,2025-02-25,39.99,38.01,400,-827.4080000000015,-4.951237809452373,第5天未盈利 (-5.0%)
688178.SH,2025-02-19,2025-02-25,15.64,15.36,2100,-660.5760000000023,-1.790281329923281,第5天未盈利 (-1.8%)
605398.SH,2025-02-25,2025-02-26,38.01,39.7,500,800.3000000000023,4.4461983688503155,调仓换股
688178.SH,2025-02-25,2025-02-26,15.36,15.82,2300,976.131500000002,2.9947916666666723,调仓换股
000785.SZ,2025-02-24,2025-02-27,4.35,4.75,4500,1751.9062500000016,9.195402298850585,调仓换股
920953.BJ,2025-02-26,2025-02-27,54.41,57.0,200,490.2000000000007,4.760154383385413,调仓换股
601116.SH,2025-02-26,2025-02-27,11.91,12.5,2000,1123.7499999999998,4.953820319059613,调仓换股
688078.SH,2025-02-24,2025-02-28,37.92,33.95,600,-2427.832499999999,-10.469409282700418,第5天未盈利 (-10.5%)
688369.SH,2025-02-24,2025-02-28,28.68,26.08,500,-1331.0800000000006,-9.065550906555096,第5天未盈利 (-9.1%)
300674.SZ,2025-02-27,2025-03-03,26.75,26.81,700,-0.5340000000008942,0.22429906542055597,调仓换股
920556.BJ,2025-02-27,2025-03-03,11.38,10.65,1200,-906.5600000000004,-6.414762741652025,调仓换股
002044.SZ,2025-02-27,2025-03-04,6.3,6.68,3400,1240.8979999999995,6.031746031746031,调仓换股
300249.SZ,2025-03-03,2025-03-04,16.99,18.23,1000,1198.540000000002,7.298410829899954,调仓换股
300790.SZ,2025-03-03,2025-03-04,25.8,26.19,800,264.85800000000046,1.5116279069767464,调仓换股
600165.SH,2025-03-04,2025-03-05,3.46,3.53,8400,521.2829999999985,2.0231213872832323,调仓换股
603119.SH,2025-03-04,2025-03-05,31.68,33.5,700,1221.2375000000002,5.744949494949496,调仓换股
600602.SH,2025-03-04,2025-03-06,22.3,24.69,900,2101.0027500000006,10.71748878923767,调仓换股
600143.SH,2025-03-05,2025-03-06,12.26,12.87,2400,1394.5019999999988,4.975530179445347,调仓换股
688071.SH,2025-03-05,2025-03-06,39.68,42.81,400,1212.7520000000009,7.888104838709683,调仓换股
605300.SH,2025-03-06,2025-03-07,14.81,14.5,1400,-479.6750000000007,-2.0931802835921705,调仓换股
603665.SH,2025-03-05,2025-03-10,17.11,17.06,1400,-123.739000000001,-0.2922267679719504,调仓换股
300853.SZ,2025-03-06,2025-03-10,30.25,31.05,500,363.9500000000004,2.644628099173556,调仓换股
301087.SZ,2025-03-07,2025-03-10,37.17,37.52,1100,292.1380000000016,0.941619585687386,调仓换股
301058.SZ,2025-03-05,2025-03-11,12.48,12.16,2700,-937.8720000000008,-2.5641025641025665,第5天未盈利 (-2.6%)
688272.SH,2025-03-06,2025-03-11,31.28,30.15,700,-838.4862500000019,-3.612531969309471,调仓换股
301508.SZ,2025-03-10,2025-03-11,35.33,35.36,1100,-54.515999999998755,0.0849136711010505,调仓换股
920152.BJ,2025-03-11,2025-03-12,20.28,21.82,700,1042.4519999999993,7.593688362919128,调仓换股
002298.SZ,2025-03-11,2025-03-12,6.17,6.33,3500,510.15125000000046,2.5931928687196133,调仓换股
301058.SZ,2025-03-11,2025-03-12,12.16,12.07,3100,-363.1882499999996,-0.7401315789473673,调仓换股
600173.SH,2025-03-10,2025-03-13,5.91,5.86,5500,-347.5174999999991,-0.8460236886632796,调仓换股
301238.SZ,2025-03-10,2025-03-13,21.1,20.11,900,-932.1980000000019,-4.6919431279620945,调仓换股
688323.SH,2025-03-12,2025-03-13,16.45,16.05,1600,-697.7799999999976,-2.4316109422492316,调仓换股
300031.SZ,2025-03-12,2025-03-17,31.43,30.9,500,-300.90000000000055,-1.686286986955142,调仓换股
920284.BJ,2025-03-14,2025-03-17,25.74,26.49,500,343.51,2.913752913752914,调仓换股
688776.SH,2025-03-14,2025-03-17,63.46,66.67,400,1223.9970000000008,5.058304443744092,调仓换股
002575.SZ,2025-03-12,2025-03-18,10.55,10.44,1700,-227.49600000000203,-1.0426540284360304,第5天未盈利 (-1.0%)
301022.SZ,2025-03-13,2025-03-18,27.2,28.78,900,1363.7205000000015,5.808823529411772,调仓换股
002044.SZ,2025-03-17,2025-03-19,6.34,6.28,4100,-303.9329999999984,-0.946372239747628,调仓换股
002326.SZ,2025-03-17,2025-03-20,11.48,11.2,2500,-763.0000000000028,-2.439024390243912,调仓换股
301382.SZ,2025-03-18,2025-03-20,52.27,48.12,200,-854.2480000000012,-7.939544671895936,调仓换股
300211.SZ,2025-03-18,2025-03-20,12.09,11.61,1500,-759.8300000000006,-3.970223325062038,调仓换股
300253.SZ,2025-03-17,2025-03-21,11.9,11.18,1700,-1267.0120000000013,-6.050420168067232,第5天未盈利 (-6.1%)
301608.SZ,2025-03-19,2025-03-21,95.47,87.7,200,-1594.079999999999,-8.138682308578607,调仓换股
920976.BJ,2025-03-20,2025-03-21,26.66,25.18,600,-923.2160000000001,-5.551387846961742,调仓换股
301339.SZ,2025-03-20,2025-03-21,22.85,22.23,1500,-1005.0262500000015,-2.7133479212253873,调仓换股
688333.SH,2025-03-20,2025-03-21,75.39,72.95,200,-522.1799999999995,-3.236503515055044,调仓换股
603300.SH,2025-03-21,2025-03-24,10.7,11.0,1900,522.9750000000014,2.8037383177570163,调仓换股
600588.SH,2025-03-21,2025-03-24,15.81,15.63,1600,-344.2679999999995,-1.1385199240986699,调仓换股
300253.SZ,2025-03-21,2025-03-24,11.18,11.06,2100,-304.2584999999983,-1.073345259391764,调仓换股
688369.SH,2025-03-24,2025-03-25,33.05,34.39,500,630.6100000000016,4.05446293494706,调仓换股
300938.SZ,2025-03-25,2025-03-26,34.46,34.59,500,25.410000000001276,0.37724898432966497,调仓换股
000665.SZ,2025-03-24,2025-03-27,5.31,5.06,3800,-993.4559999999999,-4.708097928436912,调仓换股
600539.SH,2025-03-24,2025-03-28,11.65,10.85,1900,-1566.3837500000013,-6.866952789699576,第5天未盈利 (-6.9%)
600589.SH,2025-03-26,2025-03-28,6.92,7.01,2100,154.5579999999997,1.3005780346820788,调仓换股
301379.SZ,2025-03-27,2025-03-31,29.18,28.76,800,-387.7679999999985,-1.4393420150788148,调仓换股
600539.SH,2025-03-28,2025-03-31,10.85,10.68,2200,-426.8659999999998,-1.5668202764976953,调仓换股
688680.SH,2025-03-28,2025-04-01,40.52,39.9,500,-354.90000000000225,-1.5301085883514425,调仓换股
002406.SZ,2025-03-31,2025-04-01,7.66,7.62,2800,-160.0060000000001,-0.522193211488251,调仓换股
300695.SZ,2025-03-31,2025-04-02,69.75,68.81,300,-328.4467499999994,-1.347670250896054,调仓换股
603767.SH,2025-04-01,2025-04-02,14.6,15.04,1200,486.9039999999994,3.013698630136983,调仓换股
605069.SH,2025-04-01,2025-04-07,9.02,7.98,1900,-2011.3239999999985,-11.529933481152984,调仓换股
002204.SZ,2025-04-02,2025-04-07,6.11,5.37,4000,-3008.330000000001,-12.111292962356796,调仓换股
600289.SH,2025-04-02,2025-04-08,6.93,5.94,3700,-3712.4504999999976,-14.285714285714276,ATR止损 (ATR=0.40)
002553.SZ,2025-04-07,2025-04-08,17.1,15.93,800,-966.4880000000014,-6.842105263157904,调仓换股
600539.SH,2025-04-07,2025-04-08,9.68,8.72,2300,-2253.125999999998,-9.917355371900817,调仓换股
600289.SH,2025-04-08,2025-04-09,5.94,5.64,4000,-1250.7600000000027,-5.050505050505063,放量阴线
002204.SZ,2025-04-08,2025-04-09,5.43,5.78,4000,1347.9800000000023,6.445672191528555,调仓换股
603011.SH,2025-04-08,2025-04-09,10.08,9.6,1600,-803.7200000000007,-4.761904761904765,放量阴线
600360.SH,2025-04-09,2025-04-10,6.38,6.33,4300,-276.24274999999926,-0.7836990595611257,调仓换股
600289.SH,2025-04-09,2025-04-11,5.64,6.22,3800,2150.8190000000004,10.283687943262414,浮盈10.3%后跌破BBI
002923.SZ,2025-04-10,2025-04-11,14.62,14.02,1100,-695.8439999999997,-4.103967168262652,放量阴线
603011.SH,2025-04-09,2025-04-14,9.6,11.08,1600,2327.544000000001,15.416666666666673,调仓换股
603011.SH,2025-04-16,2025-04-17,9.86,10.24,1600,570.2320000000012,3.853955375253558,调仓换股
603678.SH,2025-04-17,2025-04-21,36.3,37.01,600,376.0365000000005,1.9559228650137765,调仓换股
000403.SZ,2025-04-18,2025-04-21,22.5,22.85,1700,507.5987500000024,1.555555555555562,调仓换股
920729.BJ,2025-04-17,2025-04-22,9.92,10.21,1500,399.37000000000137,2.923387096774203,调仓换股
301156.SZ,2025-04-17,2025-04-23,21.89,20.48,600,-875.5760000000001,-6.441297396071266,第5天未盈利 (-6.4%)
600292.SH,2025-04-21,2025-04-23,12.91,12.29,1800,-1165.774500000002,-4.802478698683199,调仓换股
002688.SZ,2025-04-17,2025-04-24,6.18,6.55,3300,1172.3662500000005,5.987055016181231,调仓换股
603169.SH,2025-04-21,2025-04-25,7.66,7.09,2300,-1348.6140000000007,-7.4412532637075754,第5天未盈利 (-7.4%)
920422.BJ,2025-04-22,2025-04-25,15.11,14.27,700,-612.978,-5.559232296492389,调仓换股
920729.BJ,2025-04-24,2025-04-25,9.39,8.94,1600,-753.6080000000017,-4.792332268370618,调仓换股
301156.SZ,2025-04-23,2025-04-28,20.48,19.67,700,-599.5379999999991,-3.955078124999994,调仓换股
920675.BJ,2025-04-25,2025-04-28,10.83,10.55,1800,-546.9799999999989,-2.585410895660197,调仓换股
920509.BJ,2025-04-25,2025-04-28,25.34,23.79,500,-803.7900000000003,-6.116811365430152,调仓换股
920371.BJ,2025-04-23,2025-04-29,12.34,10.48,900,-1697.8639999999996,-15.072933549432735,第5天未盈利 (-15.1%)
603169.SH,2025-04-25,2025-04-29,7.09,6.69,2700,-1121.1259999999988,-5.641748942172066,调仓换股
688625.SH,2025-04-28,2025-04-30,47.58,49.4,500,854.4250000000001,3.8251366120218586,调仓换股
920371.BJ,2025-04-29,2025-04-30,10.48,10.63,1100,136.61400000000037,1.4312977099236674,调仓换股
301156.SZ,2025-04-29,2025-04-30,19.7,19.3,1000,-443.5999999999986,-2.030456852791871,调仓换股
002287.SZ,2025-04-30,2025-05-07,23.78,24.19,1900,675.5877500000003,1.7241379310344835,调仓换股
603128.SH,2025-04-30,2025-05-08,6.12,6.31,4300,755.9507499999978,3.1045751633986844,调仓换股
601086.SH,2025-05-06,2025-05-08,10.44,11.95,1300,1926.9299999999996,14.46360153256705,调仓换股
600961.SH,2025-04-30,2025-05-09,10.02,10.18,3000,411.2850000000004,1.5968063872255505,调仓换股
920066.BJ,2025-05-08,2025-05-09,45.35,44.28,400,-468.4240000000001,-2.359426681367145,调仓换股
003003.SZ,2025-05-06,2025-05-12,11.9,11.77,1400,-219.9560000000011,-1.0924369747899225,第5天未盈利 (-1.1%)
688799.SH,2025-05-08,2025-05-12,42.41,41.49,500,-506.67624999999725,-2.169299693468509,调仓换股
002258.SZ,2025-05-09,2025-05-12,10.03,10.24,3500,654.3600000000029,2.0937188434696,调仓换股
300773.SZ,2025-05-07,2025-05-13,21.34,22.2,800,647.4799999999996,4.029990627928769,调仓换股
603676.SH,2025-05-12,2025-05-13,10.13,10.68,3100,1630.5069999999967,5.4294175715695845,调仓换股
601086.SH,2025-05-12,2025-05-13,11.28,11.78,1300,614.3720000000001,4.432624113475177,调仓换股
002365.SZ,2025-05-09,2025-05-14,10.61,12.41,1400,2480.2520000000013,16.965127238454297,调仓换股
003003.SZ,2025-05-12,2025-05-14,11.77,12.3,1900,954.4175000000022,4.5029736618521765,调仓换股
300858.SZ,2025-05-13,2025-05-15,14.06,14.79,2000,1393.4449999999974,5.19203413940255,调仓换股
600507.SH,2025-05-13,2025-05-15,4.35,4.37,13600,138.27800000000622,0.4597701149425394,调仓换股
601188.SH,2025-05-13,2025-05-15,3.6,3.65,7300,305.04874999999873,1.388888888888884,调仓换股
301162.SZ,2025-05-15,2025-05-16,58.71,49.33,400,-3796.464000000001,-15.976835292113783,ATR止损 (ATR=3.92)
300353.SZ,2025-05-15,2025-05-16,20.45,22.0,900,1350.4000000000008,7.579462102689491,调仓换股
603067.SH,2025-05-14,2025-05-19,21.4,22.15,1200,840.1949999999999,3.504672897196262,调仓换股
600715.SH,2025-05-15,2025-05-19,2.27,2.32,16200,725.4359999999972,2.2026431718061596,调仓换股
301000.SZ,2025-05-14,2025-05-20,51.69,48.9,300,-871.3399999999997,-5.397562391178176,第5天未盈利 (-5.4%)
002624.SZ,2025-05-16,2025-05-20,12.54,13.09,2900,1509.587750000002,4.385964912280707,调仓换股
688049.SH,2025-05-16,2025-05-20,49.41,48.53,500,-494.5962499999977,-1.7810159886662527,调仓换股
301008.SZ,2025-05-19,2025-05-20,26.58,27.43,600,472.0840000000008,3.1978931527464316,调仓换股
300048.SZ,2025-05-20,2025-05-21,5.48,5.43,7100,-441.7442500000051,-0.9124087591241006,调仓换股
301000.SZ,2025-05-20,2025-05-22,48.9,47.98,400,-411.3840000000007,-1.8813905930470383,调仓换股
300922.SZ,2025-05-20,2025-05-22,21.89,21.4,1100,-591.9650000000021,-2.2384650525354135,调仓换股
301196.SZ,2025-05-19,2025-05-23,64.11,59.47,300,-1432.682,-7.237560442988614,第5天未盈利 (-7.2%)
300095.SZ,2025-05-21,2025-05-23,8.44,8.38,2100,-166.19599999999735,-0.7109004739336342,调仓换股
003033.SZ,2025-05-20,2025-05-26,49.89,47.28,500,-1358.19,-5.23150932050511,第5天未盈利 (-5.2%)
002977.SZ,2025-05-22,2025-05-27,38.75,38.83,600,-4.420500000001027,0.2064516129032214,调仓换股
300911.SZ,2025-05-26,2025-05-27,49.29,49.11,500,-145.24874999999986,-0.3651856360316489,调仓换股
603605.SH,2025-05-22,2025-05-28,93.2,91.9,400,-602.7099999999989,-1.3948497854077222,第5天未盈利 (-1.4%)
002943.SZ,2025-05-27,2025-05-28,25.95,25.8,1200,-249.65999999999832,-0.5780346820809193,调仓换股
301317.SZ,2025-05-28,2025-05-29,32.68,33.28,600,315.0640000000008,1.8359853121175076,调仓换股
920571.BJ,2025-05-28,2025-05-30,10.12,10.07,1300,-96.18199999999862,-0.4940711462450488,调仓换股
688171.SH,2025-05-29,2025-05-30,29.06,29.16,500,15.840000000000712,0.34411562284928227,调仓换股
920169.BJ,2025-05-29,2025-05-30,29.45,29.12,400,-160.2959999999993,-1.1205432937181605,调仓换股
300648.SZ,2025-05-27,2025-06-03,33.71,32.07,800,-1369.7260000000003,-4.865025215069714,第5天未盈利 (-4.9%)
920419.BJ,2025-05-29,2025-06-03,24.76,25.4,600,348.51999999999816,2.584814216478178,调仓换股
301367.SZ,2025-06-03,2025-06-04,84.06,82.91,300,-400.9642500000017,-1.3680704258862784,调仓换股
002284.SZ,2025-06-03,2025-06-04,11.26,11.29,2800,12.87299999999821,0.26642984014209026,调仓换股
301317.SZ,2025-06-03,2025-06-04,32.09,32.61,600,267.86799999999766,1.6204425054533997,调仓换股
688345.SH,2025-06-03,2025-06-04,22.19,22.41,1500,254.36624999999827,0.9914375844975163,调仓换股
688383.SH,2025-06-04,2025-06-05,51.88,53.18,500,590.1724999999985,2.5057825751734715,调仓换股
001212.SZ,2025-06-04,2025-06-05,49.44,46.69,200,-573.6759999999999,-5.562297734627832,调仓换股
600770.SH,2025-05-30,2025-06-06,5.46,5.44,4300,-138.63199999999816,-0.3663003663003585,第5天未盈利 (-0.4%)
688395.SH,2025-06-04,2025-06-06,23.16,22.91,1100,-331.70225000000005,-1.079447322970639,调仓换股
301181.SZ,2025-06-04,2025-06-06,25.25,25.13,1300,-229.50525000000133,-0.4752475247524792,调仓换股
301076.SZ,2025-06-05,2025-06-06,36.28,35.48,400,-353.3840000000017,-2.2050716648291186,调仓换股
002895.SZ,2025-06-05,2025-06-06,24.25,24.25,2200,-120.0375,0.0,调仓换股
600770.SH,2025-06-06,2025-06-09,5.44,5.56,5000,537.4499999999962,2.205882352941162,调仓换股
002727.SZ,2025-06-06,2025-06-09,16.17,16.86,1600,1043.3039999999964,4.267161410018538,调仓换股
600059.SH,2025-06-06,2025-06-09,9.89,10.88,3700,3572.4240000000013,10.01011122345804,调仓换股
603332.SH,2025-06-06,2025-06-10,14.87,18.0,1000,3089.000000000001,21.04909213180902,调仓换股
301138.SZ,2025-06-06,2025-06-10,35.71,39.01,600,1927.3364999999983,9.24110893307196,调仓换股
605266.SH,2025-06-09,2025-06-10,22.23,22.08,2100,-419.32800000000447,-0.6747638326585791,调仓换股
688280.SH,2025-06-10,2025-06-11,7.17,7.3,2800,318.0099999999997,1.8131101813110166,调仓换股
600770.SH,2025-06-10,2025-06-11,5.38,5.42,4700,130.68350000000018,0.7434944237918222,调仓换股
603839.SH,2025-06-09,2025-06-12,7.43,7.4,2700,-125.95999999999827,-0.403768506056519,调仓换股
002664.SZ,2025-06-10,2025-06-12,19.44,19.95,1100,511.62374999999776,2.6234567901234462,调仓换股
605266.SH,2025-06-11,2025-06-12,21.93,22.5,2300,1194.5625000000007,2.599179206566349,调仓换股
300121.SZ,2025-06-11,2025-06-12,13.51,13.46,2000,-160.5699999999979,-0.3700962250184969,调仓换股
688455.SH,2025-06-09,2025-06-13,15.15,14.12,1300,-1380.7120000000014,-6.798679867986807,第5天未盈利 (-6.8%)
603089.SH,2025-06-12,2025-06-13,11.86,11.19,2300,-1598.90825,-5.649241146711635,调仓换股
603506.SH,2025-06-12,2025-06-13,12.21,12.09,1700,-250.2442500000017,-0.9828009828009909,调仓换股
688319.SH,2025-06-12,2025-06-16,16.77,16.57,2000,-474.5649999999986,-1.1926058437686302,调仓换股
300854.SZ,2025-06-13,2025-06-16,16.53,18.49,1500,2877.5962499999955,11.857229280096776,调仓换股
688206.SH,2025-06-12,2025-06-17,26.1,26.2,1000,41.049999999997866,0.38314176245209913,调仓换股
002988.SZ,2025-06-16,2025-06-17,36.65,38.05,800,1051.5099999999989,3.8199181446111834,调仓换股
688621.SH,2025-06-16,2025-06-17,49.75,47.52,400,-935.0159999999988,-4.482412060301502,调仓换股
300643.SZ,2025-06-16,2025-06-18,22.0,21.75,1300,-388.61875,-1.1363636363636365,调仓换股
603520.SH,2025-06-16,2025-06-18,9.93,9.64,4500,-1402.6049999999964,-2.9204431017119754,调仓换股
000566.SZ,2025-06-17,2025-06-19,5.99,5.71,3300,-966.6860000000007,-4.674457429048418,调仓换股
301112.SZ,2025-06-18,2025-06-19,37.48,36.18,500,-691.1799999999987,-3.4685165421558093,调仓换股
920047.BJ,2025-06-17,2025-06-20,20.78,19.2,700,-1137.8800000000015,-7.603464870067381,调仓换股
600882.SH,2025-06-17,2025-06-20,30.16,29.37,1100,-941.6907499999991,-2.619363395225461,调仓换股
002546.SZ,2025-06-20,2025-06-23,5.22,5.26,7000,197.15500000000026,0.7662835249042153,调仓换股
002298.SZ,2025-06-18,2025-06-24,6.53,6.43,3500,-400.6362500000019,-1.5313935681470219,第5天未盈利 (-1.5%)
301606.SZ,2025-06-20,2025-06-24,49.45,50.47,600,543.8654999999975,2.06268958543983,调仓换股
001222.SZ,2025-06-23,2025-06-25,19.89,20.1,1200,197.730000000001,1.0558069381598836,调仓换股
603093.SH,2025-06-23,2025-06-25,17.28,19.75,800,1939.3999999999992,14.293981481481474,调仓换股
000426.SZ,2025-06-24,2025-06-25,15.25,15.3,2600,40.49500000000185,0.32786885245902103,调仓换股
002716.SZ,2025-06-24,2025-06-25,3.79,3.81,9400,107.4185000000002,0.5277044854881272,调仓换股
688377.SH,2025-06-25,2025-06-26,23.01,23.61,1700,929.6917499999963,2.6075619295958186,调仓换股
688205.SH,2025-06-25,2025-06-27,60.45,62.99,200,477.8039999999998,4.201819685690652,调仓换股
600557.SH,2025-06-25,2025-06-27,14.78,14.88,2300,152.99600000000328,0.6765899864682099,调仓换股
688077.SH,2025-06-26,2025-06-27,28.75,30.44,600,972.4720000000008,5.878260869565222,调仓换股
600980.SH,2025-06-23,2025-06-30,22.25,24.32,1000,2015.2800000000007,9.303370786516856,调仓换股
605376.SH,2025-06-27,2025-06-30,37.92,38.33,900,291.3817499999969,1.081223628691974,调仓换股
002826.SZ,2025-06-25,2025-07-01,21.05,19.03,900,-1857.2539999999995,-9.596199524940616,第5天未盈利 (-9.6%)
002199.SZ,2025-06-30,2025-07-01,8.29,8.7,3500,1366.4875000000004,4.945717732207481,调仓换股
002250.SZ,2025-06-27,2025-07-02,11.05,10.77,1400,-427.15600000000154,-2.5339366515837205,调仓换股
600722.SH,2025-06-27,2025-07-03,6.28,6.26,3300,-112.48050000000153,-0.3184713375796252,第5天未盈利 (-0.3%)
300511.SZ,2025-06-30,2025-07-03,6.76,6.61,3400,-560.5664999999983,-2.218934911242596,调仓换股
002826.SZ,2025-07-01,2025-07-07,19.03,18.6,1000,-472.19999999999976,-2.2595901208617954,第5天未盈利 (-2.3%)
002207.SZ,2025-07-01,2025-07-07,8.21,7.69,2100,-1129.2980000000007,-6.333739342265535,第5天未盈利 (-6.3%)
600722.SH,2025-07-03,2025-07-07,6.26,6.22,3800,-205.18100000000013,-0.6389776357827481,调仓换股
300959.SZ,2025-07-02,2025-07-08,43.7,43.83,600,18.829499999997267,0.2974828375285937,调仓换股
002199.SZ,2025-07-03,2025-07-08,8.24,8.58,3400,1090.3629999999996,4.126213592233007,调仓换股
920454.BJ,2025-07-07,2025-07-08,19.6,20.1,900,408.82000000000005,2.551020408163265,调仓换股
002207.SZ,2025-07-07,2025-07-09,7.69,7.62,2500,-218.10000000000073,-0.910273081924581,调仓换股
002826.SZ,2025-07-07,2025-07-09,18.6,18.4,1100,-265.54000000000315,-1.0752688172043163,调仓换股
301148.SZ,2025-07-08,2025-07-10,24.75,24.96,1000,153.84000000000083,0.8484848484848518,调仓换股
603226.SH,2025-07-09,2025-07-10,12.33,12.55,2200,421.8775000000014,1.7842660178426655,调仓换股
301421.SZ,2025-07-08,2025-07-11,71.89,72.11,300,17.325749999999655,0.3060230908332158,调仓换股
688591.SH,2025-07-09,2025-07-11,46.21,46.38,700,45.95150000000118,0.36788573901753235,调仓换股
688151.SH,2025-07-10,2025-07-11,24.0,24.87,800,651.2080000000009,3.625000000000004,调仓换股
300801.SZ,2025-07-08,2025-07-14,24.2,24.58,900,292.22549999999904,1.5702479338842934,调仓换股
688638.SH,2025-07-10,2025-07-14,36.92,37.15,600,87.84749999999815,0.6229685807150511,调仓换股
002626.SZ,2025-07-11,2025-07-14,19.81,19.95,2300,218.75875000000133,0.7067137809187308,调仓换股
301326.SZ,2025-07-11,2025-07-14,71.55,72.31,400,238.92100000000207,1.0621942697414466,调仓换股
600960.SH,2025-07-11,2025-07-14,4.76,4.89,5000,594.9874999999994,2.7310924369747878,调仓换股
301205.SZ,2025-07-14,2025-07-15,89.62,93.05,200,643.7799999999985,3.8272706985047895,调仓换股
600416.SH,2025-07-14,2025-07-15,12.99,13.05,2600,79.6575000000013,0.46189376443418395,调仓换股
300324.SZ,2025-07-14,2025-07-16,4.64,4.58,6400,-449.9519999999975,-1.2931034482758537,调仓换股
300767.SZ,2025-07-15,2025-07-16,12.53,12.6,2600,108.29000000000076,0.5586592178770973,调仓换股
000026.SZ,2025-07-14,2025-07-17,16.46,17.61,1400,1554.5284999999978,6.98663426488456,调仓换股
600643.SH,2025-07-14,2025-07-17,6.5,6.36,3300,-509.22299999999893,-2.153846153846149,调仓换股
002549.SZ,2025-07-15,2025-07-17,11.15,11.35,2200,383.8174999999984,1.793721973094164,调仓换股
600416.SH,2025-07-16,2025-07-17,12.93,13.16,2800,561.0920000000012,1.7788089713843807,调仓换股
300645.SZ,2025-07-16,2025-07-18,19.3,20.35,1000,1004.2125000000007,5.440414507772024,调仓换股
301197.SZ,2025-07-17,2025-07-18,21.02,20.54,800,-421.8640000000004,-2.2835394862036176,调仓换股
000737.SZ,2025-07-17,2025-07-18,10.72,10.81,2400,157.6259999999997,0.8395522388059687,调仓换股
603615.SH,2025-07-17,2025-07-21,23.69,25.38,1900,3102.500499999995,7.1338117349092345,调仓换股
605122.SH,2025-07-18,2025-07-21,14.06,15.47,1600,2200.308,10.028449502133713,调仓换股
300858.SZ,2025-07-18,2025-07-21,17.06,17.16,2200,135.05800000000312,0.5861664712778514,调仓换股
920090.BJ,2025-07-18,2025-07-22,9.56,9.59,1600,12.311999999998974,0.31380753138074646,调仓换股
300130.SZ,2025-07-21,2025-07-22,31.5,31.97,700,278.6472499999992,1.4920634920634885,调仓换股
300399.SZ,2025-07-21,2025-07-22,31.84,31.74,700,-119.990500000001,-0.31407035175879844,调仓换股
002052.SZ,2025-07-17,2025-07-23,11.31,10.73,2000,-1208.2850000000003,-5.128205128205129,第5天未盈利 (-5.1%)
301197.SZ,2025-07-21,2025-07-23,20.7,20.08,900,-599.1440000000009,-2.9951690821256087,调仓换股
300542.SZ,2025-07-22,2025-07-23,22.01,21.76,1200,-358.75200000000007,-1.1358473421172193,调仓换股
301658.SZ,2025-07-23,2025-07-24,33.4,33.96,800,386.87200000000183,1.6766467065868331,调仓换股
300982.SZ,2025-07-23,2025-07-25,20.11,19.94,1500,-322.2974999999973,-0.8453505718547895,调仓换股
300778.SZ,2025-07-22,2025-07-28,16.2,15.8,1100,-479.7599999999984,-2.469135802469127,第5天未盈利 (-2.5%)
603778.SH,2025-07-22,2025-07-28,4.13,3.92,5200,-1137.8639999999998,-5.084745762711863,第5天未盈利 (-5.1%)
688073.SH,2025-07-23,2025-07-28,59.2,58.93,500,-201.29625000000158,-0.4560810810810863,调仓换股
600353.SH,2025-07-24,2025-07-28,13.44,13.21,1800,-467.5004999999976,-1.711309523809514,调仓换股
688091.SH,2025-07-25,2025-07-29,59.73,65.75,400,2348.825000000001,10.078687426753731,调仓换股
300778.SZ,2025-07-28,2025-07-29,15.8,15.67,1400,-231.36050000000105,-0.8227848101265872,调仓换股
603778.SH,2025-07-28,2025-07-29,3.92,3.9,6100,-175.52750000000012,-0.5102040816326535,调仓换股
603823.SH,2025-07-28,2025-07-29,13.09,12.95,2100,-355.18875000000116,-1.0695187165775444,调仓换股
603001.SH,2025-07-29,2025-07-30,7.98,8.4,3500,1403.8499999999997,5.263157894736841,调仓换股
920305.BJ,2025-07-29,2025-07-30,14.11,18.08,700,2748.687999999999,28.136073706591063,调仓换股
600182.SH,2025-07-30,2025-07-31,16.1,15.73,4700,-1905.3447500000048,-2.298136645962739,调仓换股
000989.SZ,2025-07-30,2025-07-31,11.39,11.42,2000,8.60999999999872,0.26338893766461247,调仓换股
300226.SZ,2025-07-28,2025-08-01,27.98,26.62,1000,-1419.8949999999993,-4.860614724803429,第5天未盈利 (-4.9%)
002058.SZ,2025-07-29,2025-08-01,14.07,13.67,2800,-1206.121000000001,-2.8429282160625466,调仓换股
600826.SH,2025-07-29,2025-08-04,11.5,11.05,1400,-665.939999999999,-3.913043478260864,第5天未盈利 (-3.9%)
688612.SH,2025-08-01,2025-08-04,30.82,30.62,1300,-349.56349999999907,-0.6489292667099262,调仓换股
301196.SZ,2025-08-01,2025-08-04,70.55,78.49,300,2329.019249999999,11.254429482636425,调仓换股
600826.SH,2025-08-04,2025-08-05,11.05,11.03,1800,-80.70800000000243,-0.18099547511313438,调仓换股
000657.SZ,2025-08-05,2025-08-06,15.79,16.12,1700,499.3410000000032,2.08993033565549,调仓换股
920873.BJ,2025-08-04,2025-08-07,8.61,8.89,1800,466.996000000002,3.252032520325217,调仓换股
920706.BJ,2025-08-06,2025-08-07,24.82,25.94,500,529.0600000000004,4.512489927477844,调仓换股
688425.SH,2025-08-04,2025-08-08,6.01,6.16,4100,558.1740000000016,2.495840266222968,调仓换股
300564.SZ,2025-08-04,2025-08-08,17.95,17.6,1000,-390.1999999999979,-1.9498607242339716,第5天未盈利 (-1.9%)
920879.BJ,2025-08-04,2025-08-08,30.23,29.84,400,-184.87200000000024,-1.290109163083032,第5天未盈利 (-1.3%)
688382.SH,2025-08-07,2025-08-08,42.06,39.8,400,-940.840000000002,-5.373276271992404,调仓换股
300021.SZ,2025-08-07,2025-08-08,5.41,5.58,4100,645.5244999999995,3.142329020332716,调仓换股
300811.SZ,2025-08-08,2025-08-11,54.79,57.02,600,1261.0230000000022,4.070085782077029,调仓换股
688051.SH,2025-08-08,2025-08-11,31.59,33.17,1000,1505.3675000000017,5.001582779360563,调仓换股
301257.SZ,2025-08-08,2025-08-11,38.44,39.19,600,397.0935,1.9510926118626433,调仓换股
301183.SZ,2025-08-08,2025-08-11,62.42,65.68,300,933.5920000000017,5.222685036847173,调仓换股
301075.SZ,2025-08-11,2025-08-12,35.7,37.8,700,1410.4649999999958,5.882352941176454,调仓换股
300188.SZ,2025-08-08,2025-08-13,16.05,16.62,1700,905.4285000000004,3.5514018691588802,调仓换股
002644.SZ,2025-08-11,2025-08-13,9.51,9.45,3000,-243.78750000000147,-0.630914826498428,调仓换股
600579.SH,2025-08-11,2025-08-14,9.08,8.71,3700,-1441.5107499999972,-4.074889867841401,调仓换股
688193.SH,2025-08-12,2025-08-14,51.64,49.39,500,-1180.5637499999998,-4.35708752904725,调仓换股
920879.BJ,2025-08-13,2025-08-14,27.85,28.25,500,166.7499999999993,1.4362657091561888,调仓换股
920392.BJ,2025-08-11,2025-08-15,34.57,34.65,600,1.2224999999989805,0.2314145212612042,调仓换股
300205.SZ,2025-08-14,2025-08-15,5.23,5.34,5800,568.3129999999967,2.103250478011461,调仓换股
300624.SZ,2025-08-13,2025-08-18,79.36,80.3,300,227.79749999999933,1.18447580645161,调仓换股
300966.SZ,2025-08-14,2025-08-18,23.12,23.98,1000,806.0449999999994,3.7197231833910007,调仓换股
300747.SZ,2025-08-14,2025-08-18,28.28,30.17,1100,2004.3292500000007,6.683168316831685,调仓换股
300588.SZ,2025-08-15,2025-08-18,19.26,20.63,1300,1720.6572499999966,7.113187954309436,调仓换股
600351.SH,2025-08-15,2025-08-19,7.44,7.44,4200,-70.308,0.0,调仓换股
301276.SZ,2025-08-18,2025-08-19,24.85,25.36,1500,679.4099999999971,2.0523138832997905,调仓换股
002012.SZ,2025-08-18,2025-08-19,6.08,6.08,5400,-73.872,0.0,调仓换股
300405.SZ,2025-08-18,2025-08-19,6.24,6.37,5700,659.3047499999994,2.0833333333333313,调仓换股
300696.SZ,2025-08-18,2025-08-21,29.73,30.42,800,497.24400000000105,2.3208879919273504,调仓换股
300732.SZ,2025-08-19,2025-08-21,10.52,10.73,1800,334.3720000000015,1.9961977186311868,调仓换股
601699.SH,2025-08-19,2025-08-21,13.47,13.53,2600,76.84949999999668,0.4454342984409705,调仓换股
688607.SH,2025-08-19,2025-08-22,29.55,28.91,800,-564.0380000000006,-2.165820642978005,调仓换股
688115.SH,2025-08-19,2025-08-22,70.29,70.03,400,-167.02700000000203,-0.36989614454403913,调仓换股
002414.SZ,2025-08-21,2025-08-22,12.4,12.85,3100,1305.3712499999976,3.6290322580645102,调仓换股
300218.SZ,2025-08-21,2025-08-25,21.51,23.8,1200,2683.7399999999993,10.6462110646211,调仓换股
688551.SH,2025-08-22,2025-08-26,40.89,43.21,600,1333.6665000000003,5.673758865248227,调仓换股
603811.SH,2025-08-22,2025-08-26,14.45,14.71,1700,385.73425000000265,1.7993079584775196,调仓换股
603367.SH,2025-08-21,2025-08-27,30.0,26.52,600,-2124.824,-11.600000000000001,第5天未盈利 (-11.6%)
688091.SH,2025-08-26,2025-08-27,70.51,68.0,300,-798.9000000000016,-3.559778754786562,调仓换股
920706.BJ,2025-08-26,2025-08-27,25.88,25.23,600,-425.2759999999991,-2.5115919629057135,调仓换股
688788.SH,2025-08-22,2025-08-28,74.05,69.36,200,-970.7439999999995,-6.333558406482104,第5天未盈利 (-6.3%)
300600.SZ,2025-08-27,2025-08-28,18.73,18.58,1000,-192.16000000000216,-0.8008542445275074,调仓换股
603367.SH,2025-08-27,2025-08-28,26.52,26.58,700,-0.21200000000089858,0.2262443438913979,调仓换股
300815.SZ,2025-08-25,2025-08-29,27.66,26.51,800,-967.7179999999988,-4.157628344179315,第5天未盈利 (-4.2%)
300703.SZ,2025-08-28,2025-08-29,31.17,32.76,700,1061.4029999999975,5.101058710298352,调仓换股
688733.SH,2025-08-28,2025-08-29,27.27,27.7,800,294.1399999999997,1.5768243491015757,调仓换股
688788.SH,2025-08-28,2025-08-29,69.36,71.57,200,408.3719999999987,3.1862745098039125,调仓换股
002148.SZ,2025-08-27,2025-09-01,11.52,11.0,1700,-926.3999999999994,-4.513888888888886,调仓换股
603500.SH,2025-08-29,2025-09-01,11.25,11.02,3200,-815.3440000000014,-2.0444444444444483,调仓换股
300916.SZ,2025-08-29,2025-09-01,43.13,44.6,500,684.8249999999995,3.408300486900067,调仓换股
002879.SZ,2025-08-29,2025-09-02,17.9,17.68,1800,-467.603999999998,-1.2290502793296025,调仓换股
300637.SZ,2025-09-01,2025-09-02,14.21,13.7,1500,-811.2375000000023,-3.5890218156228118,调仓换股
688273.SH,2025-08-29,2025-09-03,41.96,39.98,600,-1241.9730000000025,-4.718779790276463,调仓换股
920808.BJ,2025-09-02,2025-09-03,83.09,84.9,100,159.0200000000002,2.178360813575644,调仓换股
300153.SZ,2025-09-01,2025-09-04,41.77,35.43,500,-3210.430000000002,-15.178357672971037,ATR止损 (ATR=2.81)
000628.SZ,2025-09-02,2025-09-04,53.13,50.18,500,-1531.4525000000012,-5.552418595896862,调仓换股
688584.SH,2025-09-03,2025-09-04,24.22,23.21,900,-956.0002499999982,-4.1701073492980925,调仓换股
601609.SH,2025-09-01,2025-09-05,12.12,11.33,1900,-1549.4357499999985,-6.518151815181511,第5天未盈利 (-6.5%)
300236.SZ,2025-09-04,2025-09-05,50.59,52.45,400,696.7949999999997,3.676615932002371,调仓换股
300004.SZ,2025-09-03,2025-09-08,10.3,10.38,2000,113.29000000000015,0.7766990291262142,调仓换股
301285.SZ,2025-09-05,2025-09-08,46.35,48.15,400,676.4799999999989,3.8834951456310614,调仓换股
301235.SZ,2025-09-05,2025-09-08,32.56,33.09,700,318.88325000000077,1.6277641277641313,调仓换股
300991.SZ,2025-09-05,2025-09-09,37.63,36.7,600,-607.5449999999997,-2.4714323677916545,调仓换股
300990.SZ,2025-09-08,2025-09-09,68.2,66.9,200,-291.7599999999994,-1.9061583577712569,调仓换股
688039.SH,2025-09-08,2025-09-09,50.15,48.41,300,-556.0460000000006,-3.469591226321041,调仓换股
300803.SZ,2025-09-08,2025-09-10,137.23,137.41,100,-14.481999999999317,0.13116665452161105,调仓换股
300218.SZ,2025-09-05,2025-09-11,21.51,20.51,900,-941.9179999999999,-4.649000464900046,第5天未盈利 (-4.6%)
688372.SH,2025-09-10,2025-09-11,71.43,76.2,300,1379.5649999999991,6.6778664426711405,调仓换股
300991.SZ,2025-09-10,2025-09-11,36.94,39.56,600,1518.5940000000026,7.092582566323781,调仓换股
300496.SZ,2025-09-10,2025-09-11,72.26,74.3,400,749.1299999999968,2.82313866592858,调仓换股
688347.SH,2025-09-09,2025-09-12,67.3,74.8,300,2199.5099999999998,11.144130757800893,调仓换股
002378.SZ,2025-09-11,2025-09-12,13.74,13.93,1400,221.9959999999993,1.3828238719068378,调仓换股
688286.SH,2025-09-11,2025-09-12,95.92,100.04,200,778.9820000000009,4.29524603836531,调仓换股
300218.SZ,2025-09-11,2025-09-15,20.51,19.65,1000,-904.3000000000029,-4.193076548025368,调仓换股
920690.BJ,2025-09-12,2025-09-15,31.8,32.8,700,648.3399999999974,3.1446540880503036,调仓换股
688095.SH,2025-09-12,2025-09-15,76.22,74.46,300,-578.2605000000016,-2.3091052217265875,调仓换股
300972.SZ,2025-09-12,2025-09-16,170.45,173.03,100,218.39400000000126,1.5136403637430405,调仓换股
301052.SZ,2025-09-15,2025-09-16,67.91,69.94,200,373.0240000000002,2.989250478574586,调仓换股
300889.SZ,2025-09-11,2025-09-17,19.32,18.86,1700,-854.1395000000015,-2.3809523809523854,第5天未盈利 (-2.4%)
002378.SZ,2025-09-15,2025-09-17,13.11,12.98,1500,-238.93999999999852,-0.9916094584286729,调仓换股
920974.BJ,2025-09-16,2025-09-17,9.27,9.41,3000,356.48250000000166,1.510248112189866,调仓换股
002168.SZ,2025-09-15,2025-09-18,4.22,4.02,6500,-1358.7925000000014,-4.739336492891,调仓换股
688310.SH,2025-09-16,2025-09-18,19.62,18.81,1100,-937.5547500000025,-4.128440366972488,调仓换股
300092.SZ,2025-09-17,2025-09-19,17.83,18.4,1100,581.4600000000004,3.196859226023558,调仓换股
920926.BJ,2025-09-17,2025-09-19,21.3,19.9,1000,-1444.8000000000022,-6.572769953051654,调仓换股
300889.SZ,2025-09-17,2025-09-22,18.86,18.02,1800,-1584.9809999999995,-4.453870625662778,调仓换股
688353.SH,2025-09-19,2025-09-22,41.5,42.0,500,202.75,1.2048192771084338,调仓换股
300619.SZ,2025-09-19,2025-09-22,34.35,36.3,600,1120.9949999999976,5.6768558951964945,调仓换股
002053.SZ,2025-09-22,2025-09-23,13.19,12.7,2300,-1192.7225000000005,-3.7149355572403358,调仓换股
002407.SZ,2025-09-22,2025-09-24,16.28,17.02,1900,1333.2394999999972,4.545454545454536,调仓换股
600211.SH,2025-09-22,2025-09-25,51.11,46.97,600,-2547.4095,-8.100176090784583,调仓换股
605196.SH,2025-09-23,2025-09-25,24.38,24.53,1100,104.28825000000234,0.615258408531592,调仓换股
603363.SH,2025-09-24,2025-09-25,4.99,4.94,4200,-256.68299999999925,-1.0020040080160284,调仓换股
603717.SH,2025-09-24,2025-09-25,8.88,8.73,2800,-474.99900000000105,-1.689189189189193,调仓换股
300767.SZ,2025-09-25,2025-09-26,21.45,23.37,1000,1867.417500000002,8.951048951048959,调仓换股
600721.SH,2025-09-25,2025-09-26,9.03,8.91,2700,-378.12824999999793,-1.3289036544850412,调仓换股
300727.SZ,2025-09-24,2025-09-29,39.57,38.6,400,-423.87999999999954,-2.4513520343694686,调仓换股
300790.SZ,2025-09-25,2025-09-30,32.03,33.51,800,1123.6819999999975,4.620668123634083,调仓换股
300813.SZ,2025-09-29,2025-09-30,33.75,36.52,700,1881.481000000002,8.207407407407416,调仓换股
301200.SZ,2025-09-25,2025-10-09,102.88,96.74,200,-1271.696,-5.968118195956455,第5天未盈利 (-6.0%)
688167.SH,2025-09-30,2025-10-09,152.67,163.03,100,998.3940000000014,6.785878037597441,调仓换股
002436.SZ,2025-09-30,2025-10-09,22.12,22.5,1000,329.374999999999,1.7179023508137388,调仓换股
300852.SZ,2025-09-29,2025-10-10,42.18,41.56,600,-428.1059999999984,-1.469890943575148,调仓换股
603013.SH,2025-10-09,2025-10-10,25.0,24.74,1000,-315.6650000000016,-1.0400000000000063,调仓换股
688593.SH,2025-09-29,2025-10-13,22.11,21.0,900,-1041.7999999999995,-5.0203527815468085,第5天未盈利 (-5.0%)
301200.SZ,2025-10-09,2025-10-13,96.74,92.61,200,-868.0439999999992,-4.269175108538346,调仓换股
300755.SZ,2025-10-09,2025-10-13,20.04,19.5,1300,-759.0374999999989,-2.6946107784431095,调仓换股
688400.SH,2025-10-10,2025-10-13,43.75,42.47,400,-550.9760000000006,-2.9257142857142884,调仓换股
300620.SZ,2025-10-13,2025-10-14,104.18,99.86,100,-456.9720000000007,-4.146669226339036,调仓换股
688081.SH,2025-10-13,2025-10-14,31.26,29.18,500,-1074.1800000000007,-6.653870761356371,调仓换股
002472.SZ,2025-10-13,2025-10-14,45.19,41.78,500,-1752.0024999999985,-7.545917238327056,调仓换股
300969.SZ,2025-10-13,2025-10-15,106.0,115.7,100,941.8600000000001,9.150943396226417,调仓换股
688629.SH,2025-10-10,2025-10-16,90.8,83.89,200,-1420.5559999999994,-7.610132158590305,第5天未盈利 (-7.6%)
603083.SH,2025-10-15,2025-10-16,103.83,104.81,100,72.03800000000041,0.9438505248964693,调仓换股
300620.SZ,2025-10-15,2025-10-16,99.4,99.6,100,-4.920000000001139,0.20120724346075317,调仓换股
603040.SH,2025-10-14,2025-10-17,70.8,70.1,300,-257.31750000000085,-0.9887005649717555,调仓换股
301093.SZ,2025-10-15,2025-10-17,37.66,34.31,600,-2056.3184999999967,-8.895379713223566,调仓换股
688629.SH,2025-10-16,2025-10-17,83.89,81.05,200,-605.4200000000008,-3.3853856240314735,调仓换股
603090.SH,2025-10-16,2025-10-20,47.15,47.52,300,77.48800000000136,0.7847295864263087,调仓换股
688652.SH,2025-10-17,2025-10-20,86.76,86.19,200,-153.47600000000148,-0.6569847856154996,调仓换股
301319.SZ,2025-10-16,2025-10-22,43.06,39.42,600,-2237.2170000000006,-8.453320947515095,第5天未盈利 (-8.5%)
000691.SZ,2025-10-20,2025-10-22,10.57,11.15,2400,1331.7900000000002,5.487228003784296,调仓换股
688126.SH,2025-10-20,2025-10-22,24.3,24.56,900,184.2659999999982,1.0699588477366173,调仓换股
688409.SH,2025-10-21,2025-10-22,72.24,72.01,200,-79.80399999999796,-0.31838316722036236,调仓换股
688325.SH,2025-10-21,2025-10-23,90.0,90.11,200,-19.044000000000118,0.1222222222222216,调仓换股
301319.SZ,2025-10-22,2025-10-23,39.42,39.49,600,-11.311499999999825,0.1775748351090824,调仓换股
000737.SZ,2025-10-22,2025-10-23,15.27,15.32,1500,23.295000000001057,0.32743942370661894,调仓换股
002145.SZ,2025-10-22,2025-10-23,5.39,5.45,5300,253.00875000000264,1.1131725417439797,调仓换股
688249.SH,2025-10-23,2025-10-24,33.88,36.37,600,1444.900499999997,7.349468713105062,调仓换股
301518.SZ,2025-10-22,2025-10-27,33.56,33.86,600,134.28899999999828,0.8939213349225184,调仓换股
000035.SZ,2025-10-23,2025-10-27,5.74,5.89,6900,943.5577499999965,2.6132404181184574,调仓换股
920284.BJ,2025-10-23,2025-10-27,36.21,40.03,300,1116.982,10.549571941452637,调仓换股
300716.SZ,2025-10-23,2025-10-27,13.2,13.6,1900,701.8600000000006,3.030303030303033,调仓换股
300464.SZ,2025-10-24,2025-10-28,6.78,7.01,2900,621.2597499999987,3.392330383480819,调仓换股
301227.SZ,2025-10-27,2025-10-28,41.45,41.55,600,3.9074999999965883,0.2412545235223023,调仓换股
300260.SZ,2025-10-27,2025-10-28,59.4,61.29,300,525.2260000000003,3.181818181818183,调仓换股
920839.BJ,2025-10-27,2025-10-29,46.47,49.53,200,587.1880000000006,6.584893479664304,调仓换股
300716.SZ,2025-10-28,2025-10-29,13.06,13.03,2000,-118.63500000000228,-0.22970903522206076,调仓换股
688381.SH,2025-10-28,2025-10-29,25.66,25.51,1000,-207.39749999999856,-0.5845674201091137,调仓换股
300141.SZ,2025-10-28,2025-10-30,11.29,11.4,1900,160.26500000000232,0.9743135518157771,调仓换股
688248.SH,2025-10-29,2025-10-30,52.8,53.29,400,148.03900000000078,0.928030303030307,调仓换股
603156.SH,2025-10-29,2025-10-30,28.56,28.12,800,-402.61599999999817,-1.5406162464985915,调仓换股
688335.SH,2025-10-27,2025-10-31,21.54,20.95,700,-447.3299999999999,-2.739090064995357,第5天未盈利 (-2.7%)
300270.SZ,2025-10-29,2025-10-31,10.63,10.38,1800,-492.36800000000005,-2.351834430856068,调仓换股
688109.SH,2025-10-30,2025-10-31,119.5,129.98,100,1017.003999999999,8.76987447698744,调仓换股
301365.SZ,2025-10-30,2025-11-03,23.09,23.57,900,384.27075000000036,2.0788220008661775,调仓换股
301448.SZ,2025-10-31,2025-11-03,59.1,61.15,400,764.9649999999988,3.4686971235194535,调仓换股
300332.SZ,2025-10-31,2025-11-03,5.94,6.11,5700,890.6392499999995,2.8619528619528607,调仓换股
300588.SZ,2025-10-30,2025-11-04,25.29,26.37,700,714.0820000000014,4.270462633451965,调仓换股
300611.SZ,2025-10-31,2025-11-04,30.52,30.16,700,-299.50199999999967,-1.179554390563563,调仓换股
600376.SH,2025-11-03,2025-11-05,6.1,6.31,2700,527.9259999999998,3.4426229508196715,调仓换股
688282.SH,2025-11-03,2025-11-05,53.0,51.3,400,-726.1700000000011,-3.2075471698113263,调仓换股
000006.SZ,2025-11-04,2025-11-06,11.93,12.14,1700,310.56450000000154,1.7602682313495461,调仓换股
301158.SZ,2025-11-03,2025-11-07,24.43,23.14,900,-1207.8584999999994,-5.280392959476051,第5天未盈利 (-5.3%)
300260.SZ,2025-11-05,2025-11-07,55.6,55.64,300,-26.384000000000256,0.07194244604316392,调仓换股
300684.SZ,2025-11-06,2025-11-07,44.0,44.34,500,120.11750000000173,0.7727272727272805,调仓换股
002748.SZ,2025-11-04,2025-11-10,12.28,12.65,1500,512.0500000000014,3.0130293159609205,调仓换股
002278.SZ,2025-11-05,2025-11-10,12.76,12.12,1700,-1134.359000000001,-5.015673981191227,调仓换股
301158.SZ,2025-11-07,2025-11-10,23.14,23.05,1100,-156.04874999999984,-0.38893690579083773,调仓换股
600635.SH,2025-11-07,2025-11-11,6.6,6.81,3400,661.9034999999999,3.1818181818181817,调仓换股
603011.SH,2025-11-10,2025-11-11,22.5,22.77,800,174.56799999999964,1.1999999999999982,调仓换股
300260.SZ,2025-11-10,2025-11-11,54.32,54.75,300,91.14999999999992,0.7916053019145797,调仓换股
300850.SZ,2025-11-10,2025-11-12,48.01,49.47,500,674.3462500000004,3.041033118100398,调仓换股
601231.SH,2025-11-11,2025-11-12,22.21,22.56,1100,329.1639999999977,1.575866726699675,调仓换股
603378.SH,2025-11-07,2025-11-13,7.29,7.24,2800,-185.61199999999948,-0.6858710562414242,第5天未盈利 (-0.7%)
002545.SZ,2025-11-11,2025-11-13,16.65,17.15,1700,784.40125,3.0030030030030033,调仓换股
300889.SZ,2025-11-12,2025-11-13,21.93,22.79,1500,1213.083749999999,3.9215686274509776,调仓换股
688183.SH,2025-11-11,2025-11-14,97.1,94.12,200,-638.6479999999979,-3.069001029866107,调仓换股
000657.SZ,2025-11-13,2025-11-14,22.56,22.59,1000,-20.827499999998864,0.13297872340426037,调仓换股
603699.SH,2025-11-12,2025-11-17,50.0,50.39,600,165.9735000000003,0.7800000000000011,调仓换股
920640.BJ,2025-11-13,2025-11-17,35.19,37.19,500,957.81,5.683432793407219,调仓换股
688622.SH,2025-11-13,2025-11-18,135.62,132.34,100,-359.4680000000001,-2.418522341837488,调仓换股
002546.SZ,2025-11-17,2025-11-18,7.21,7.09,5600,-761.3340000000005,-1.664355062413316,调仓换股
002772.SZ,2025-11-17,2025-11-19,12.97,12.6,2400,-956.0400000000024,-2.8527370855821204,调仓换股
603699.SH,2025-11-18,2025-11-19,49.1,49.71,800,398.5219999999995,1.242362525458247,调仓换股
002169.SZ,2025-11-18,2025-11-19,8.32,7.98,3500,-1252.8424999999997,-4.08653846153846,调仓换股
600089.SH,2025-11-19,2025-11-20,23.03,23.21,1300,166.11074999999963,0.7815892314372545,调仓换股
688231.SH,2025-11-19,2025-11-20,22.56,23.83,1200,1459.6589999999997,5.629432624113473,调仓换股
603311.SH,2025-11-19,2025-11-21,12.29,11.7,4300,-2650.1974999999993,-4.800650935720096,调仓换股
000534.SZ,2025-11-20,2025-11-21,20.15,20.26,1500,96.6225000000045,0.5459057071960446,调仓换股
300259.SZ,2025-11-20,2025-11-21,4.42,4.27,6900,-1101.2917500000024,-3.3936651583710487,调仓换股
600089.SH,2025-11-21,2025-11-24,21.42,21.52,1300,67.05399999999722,0.46685340802986863,调仓换股
603185.SH,2025-11-21,2025-11-24,29.7,30.0,600,139.00000000000043,1.0101010101010124,调仓换股
002922.SZ,2025-11-21,2025-11-24,25.88,26.55,800,488.2100000000014,2.5888717156105168,调仓换股
000632.SZ,2025-11-24,2025-11-25,6.04,5.85,3000,-610.100000000001,-3.145695364238417,放量阴线
600693.SH,2025-11-24,2025-11-25,8.38,8.79,2500,975.5562499999959,4.8926014319808875,调仓换股
688148.SH,2025-11-24,2025-11-25,9.25,9.47,1700,336.8020000000011,2.378378378378385,调仓换股
600829.SH,2025-11-25,2025-11-26,11.98,13.18,1500,1755.459999999999,10.016694490818024,调仓换股
000632.SZ,2025-11-25,2025-11-26,5.85,6.19,2900,945.0980000000021,5.811965811965825,调仓换股
002713.SZ,2025-11-25,2025-11-26,15.15,14.39,2100,-1663.9927499999997,-5.016501650165015,调仓换股
688148.SH,2025-11-26,2025-11-27,9.22,9.85,2000,1215.5999999999979,6.832971800433827,调仓换股
002805.SZ,2025-11-26,2025-11-27,17.75,18.49,1200,838.0769999999982,4.169014084507033,调仓换股
603185.SH,2025-11-26,2025-11-28,29.67,30.43,700,484.0727499999987,2.56150994270306,调仓换股
