date,equity,cash,positions,drawdown,returns
2020-04-03,1000000.0,1000000.0,0,0.0,
2020-04-07,1000000.0,1000000.0,0,0.0,0.0
2020-04-08,1000000.0,1000000.0,0,0.0,0.0
2020-04-09,1000000.0,1000000.0,0,0.0,0.0
2020-04-10,1000000.0,1000000.0,0,0.0,0.0
2020-04-13,1000000.0,1000000.0,0,0.0,0.0
2020-04-14,1000000.0,1000000.0,0,0.0,0.0
2020-04-15,1000066.789,910698.789,5,0.0,6.678899999990051e-05
2020-04-16,1000995.0407499999,849078.0407499999,5,0.0,0.0009281897571342679
2020-04-17,996743.0407499999,849078.0407499999,5,-0.004247773292477224,-0.004247773292477275
2020-04-20,994527.0407499999,849078.0407499999,5,-0.0064615704740693045,-0.0022232410053574236
2020-04-21,995511.0407499999,849078.0407499999,5,-0.0054785486208713775,0.0009894150281302139
2020-04-22,997635.8727499999,837181.1607499999,5,-0.0033558288135805267,0.002134413294300641
2020-04-23,996130.2537499999,853610.2537499999,5,-0.004859951150562192,-0.0015091869098989852
2020-04-24,994009.2537499999,853610.2537499999,5,-0.006978842767058945,-0.002129239617023382
2020-04-27,994698.2537499999,853610.2537499999,5,-0.006290527668630722,0.0006931525007445316
2020-04-28,992554.2537499999,853610.2537499999,5,-0.008432396421940028,-0.0021554275298233394
2020-04-29,996657.2537499999,853610.2537499999,5,-0.004333475015770213,0.004133779070008892
2020-04-30,998395.3687499999,846513.16875,5,-0.0025970877918158365,0.0017439445641520557
2020-05-06,1001166.2787499999,851384.8887499999,5,0.0,0.002775363434897704
2020-05-07,1001832.00775,853171.30375,5,0.0,0.000664953478887842
2020-05-08,1002352.40775,861597.40775,5,0.0,0.0005194483665666993
2020-05-11,1001231.80775,861597.40775,5,-0.001117970078522991,-0.0011179700785229896
2020-05-12,999531.00775,861597.40775,5,-0.00281477849325795,-0.0016987075189132117
2020-05-13,1000652.60775,861597.40775,5,-0.001695810761621874,0.0011221262685234823
2020-05-14,999426.40775,861597.40775,5,-0.002919133008886614,-0.001225400294271095
2020-05-15,999304.60775,861597.40775,5,-0.00304064715806041,-0.00012186990363227679
2020-05-18,999666.60775,861597.40775,5,-0.0026794967311236516,0.0003622519071688757
2020-05-19,999628.2077500001,861597.40775,5,-0.0027178066106660214,-3.8412806531940014e-05
2020-05-20,1000665.46655,861597.40775,5,-0.0016829821397712915,0.0010376445882160912
2020-05-21,997571.3671500001,849126.22155,5,-0.004769820038375569,-0.003092041749644392
2020-05-22,995871.0539,809942.23965,5,-0.006466142845457694,-0.0017044527399154852
2020-05-25,995793.7640000002,843819.1924000002,5,-0.006543251354802578,-7.761034894748775e-05
2020-05-26,998634.2640000002,862585.7640000002,5,-0.0037094176870847285,0.002852498280959237
2020-05-27,998811.2640000002,862585.7640000002,5,-0.0035328330860686895,0.00017724206587010904
2020-05-28,998884.7640000002,862585.7640000002,5,-0.0034595055822569444,7.358747608199323e-05
2020-05-29,997764.2640000002,862585.7640000002,5,-0.0045773758954686505,-0.0011217510171173117
2020-06-01,1002711.2896000003,862585.7640000002,5,0.0,0.004958110626419598
2020-06-02,1002238.0978500001,861665.0706000002,5,-0.000471912259199634,-0.000471912259199625
2020-06-03,1002630.3296500002,896926.6818500002,5,-8.074103766433514e-05,0.00039135590718553104
2020-06-04,1001414.4296500002,901289.0296500002,5,-0.0012933532946631248,-0.0012127101724764833
2020-06-05,1003034.3052300002,901289.0296500002,5,0.0,0.001617587616114191
2020-06-08,1003905.3452300001,908242.2952300002,5,0.0,0.0008684049941842797
2020-06-09,1003450.7852300003,893622.6952300002,5,-0.00045279169212479977,-0.00045279169212475434
2020-06-10,1002418.2884800002,860665.1697300002,5,-0.0014812718719603786,-0.0010289460780713577
2020-06-11,1002453.0181200003,886967.2004800002,5,-0.0014466773355680284,3.464585632473316e-05
2020-06-12,1003439.6181200002,897422.4181200003,5,-0.00046391536036015526,0.0009841857744616878
2020-06-15,1006393.5279400002,897422.4181200003,5,0.0,0.0029437843260906593
2020-06-16,1006859.7979400002,912906.4579400002,5,0.0,0.0004633078284539405
2020-06-17,1008597.7079400002,912906.4579400002,5,0.0,0.0017260695119178937
2020-06-18,1006790.7368150002,886115.7039400003,5,-0.0017915677487416357,-0.0017915677487416737
2020-06-19,1006211.9520950003,907836.5628150003,5,-0.0023654186661525153,-0.0005748808554107976
2020-06-22,1005002.6420950004,908116.3520950003,5,-0.0035644200028399466,-0.0012018442013952413
2020-06-23,1004107.9394950003,908116.3520950003,5,-0.004451495784349953,-0.0008902490028632748
2020-06-24,1006102.4484150003,891480.6219950003,5,-0.00247398889106768,0.0019863491180074355
2020-06-29,1006038.2643050002,864400.6636650002,5,-0.0025376258689180854,-6.379480549045802e-05
2020-06-30,1007450.5763050002,849727.5763050002,5,-0.0011373530060294751,0.001403835271589493
2020-07-01,1008302.5763050002,849727.5763050002,5,-0.00029261580972931857,0.0008456990546621412
2020-07-02,1010203.5763050002,849727.5763050002,5,0.0,0.001885346764625373
2020-07-03,1010943.9813050003,837114.9813050003,6,0.0,0.000732926528243194
2020-07-06,1017670.6389050003,823055.9413050002,6,0.0,0.006653838120008082
2020-07-07,1021842.1129050003,833980.2389050003,6,0.0,0.004099041320960728
2020-07-08,1024611.2165450004,844217.7129050003,6,0.0,0.0027099134054358043
2020-07-09,1031929.6707450004,865932.3565450003,6,0.0,0.007142664536386567
2020-07-10,1031532.0013050003,871077.3147450003,6,-0.00038536486668998304,-0.0003853648666899412
2020-07-13,1037325.2404650003,872477.1013050004,6,0.0,0.0056161506891410085
2020-07-14,1037552.8347150005,882977.3604650004,6,0.0,0.00021940490901206644
2020-07-15,1033372.9303900005,871905.4737150004,6,-0.004028618288290027,-0.004028618288290042
2020-07-16,1025770.9117900005,884031.3473900005,5,-0.011355492010424965,-0.0073565102940434945
2020-07-17,1028514.8117900005,895870.4117900005,5,-0.008710903794583669,0.00267496374527898
2020-07-20,1030076.6117900005,890560.1117900005,6,-0.007205631053047636,0.001518500251135757
2020-07-21,1025552.1602900005,853321.9257900005,6,-0.011566326092970845,-0.004392344654964742
2020-07-22,1029198.0842900006,866595.5562900006,6,-0.008052361427256646,0.0035550839256865974
2020-07-23,1030907.1842900006,884435.7842900006,6,-0.00640512001186459,0.0016606132736625145
2020-07-24,1027081.6042900006,884435.7842900006,6,-0.01009223826936594,-0.00371088693366195
2020-07-27,1026798.6918900005,894251.1042900005,5,-0.01036491103410072,-0.0002754526990050854
2020-07-28,1027706.2818900004,915896.6918900005,4,-0.009490170038140481,0.0008839025674345358
2020-07-29,1030627.7968900005,934133.8968900004,5,-0.00667439535925147,0.0028427528871646235
2020-07-30,1029911.6968900005,922116.8968900004,5,-0.007364577079198945,-0.0006948192181123192
2020-07-31,1030275.8968900004,922116.8968900004,5,-0.007013558810235327,0.0003536225494862322
2020-08-03,1032268.7353900005,911717.5128900005,5,-0.005092848429691215,0.0019342765428325137
2020-08-04,1030944.2373900005,921947.2373900005,5,-0.006369407999174576,-0.0012830941736307055
2020-08-05,1030814.4193900005,908070.3793900005,5,-0.006494527410597734,-0.00012592145655576648
2020-08-06,1032209.7831100004,895133.8753900004,5,-0.005149667010902338,0.0013536517279468807
2020-08-07,1028366.9538100004,923770.6251100005,5,-0.008853410253101227,-0.0037229150148351264
2020-08-10,1031064.9452100005,925409.1488100005,5,-0.006253069036992311,0.002623568746549232
2020-08-11,1029322.0404100006,929537.6652100005,5,-0.007932891732940754,-0.0016903928390707978
2020-08-12,1028589.4404100005,931141.8404100005,5,-0.008638976257495426,-0.0007117306063982864
2020-08-13,1028367.0796100005,931141.8404100005,4,-0.00885328900626364,-0.000216180325467219
2020-08-14,1029933.8446100005,922366.4446100005,5,-0.007343230966250305,0.0015235464369338647
2020-08-17,1034407.4446100005,922366.4446100005,5,-0.0030315469244166135,0.004343579952646337
2020-08-18,1037739.2072100005,922366.4446100005,5,0.0,0.00322093834239201
2020-08-19,1035734.5262100005,918304.3302100005,5,-0.0019317772577848724,-0.001931777257784928
2020-08-20,1033865.4132100006,920877.3132100005,5,-0.00373291668377329,-0.001804625560605233
2020-08-21,1033377.4132100005,920877.3132100005,5,-0.004203169707470951,-0.0004720150164274628
2020-08-24,1036504.3144100007,912467.9172100006,5,-0.0011899837564390112,0.003025904340493657
2020-08-25,1034300.2474100007,918987.3474100006,5,-0.0033138959924677077,-0.0021264426682628956
2020-08-26,1031442.7474100005,918987.3474100006,5,-0.006067477990860742,-0.0027627374228669233
2020-08-27,1033336.1474100007,918987.3474100006,5,-0.004242934804243929,0.0018356811415414231
2020-08-28,1035396.0474100006,918987.3474100006,5,-0.00225794668228791,0.001993446184151093
2020-08-31,1036120.5474100006,918987.3474100006,5,-0.0015597943960812006,0.0006997322443063059
2020-09-01,1039206.4644900007,918987.3474100006,5,0.0,0.0029783378852141773
2020-09-02,1038413.9744900006,916818.9144900007,5,-0.0007625914840599344,-0.0007625914840598824
2020-09-03,1037069.6744900008,916631.2244900007,5,-0.0020561746611618397,-0.0012945704054686535
2020-09-04,1035614.8144900008,916631.2244900007,4,-0.003456146706864972,-0.0014028565638228851
2020-09-07,1033685.6544900007,948279.8544900008,4,-0.005312524689412358,-0.0018628161484443018
2020-09-08,1035315.3544900008,948279.8544900008,4,-0.0037443088865979877,0.0015765914839982464
2020-09-09,1035838.1240900008,948279.8544900008,3,-0.003241261977381008,0.0005049375513777044
2020-09-10,1035253.5050500009,980365.6340900008,2,-0.003803824913598702,-0.000564392279453374
2020-09-11,1034234.9352250008,980364.5050500009,2,-0.004783966839005108,-0.0009838844495878574
2020-09-14,1034644.9352250008,1010194.9352250008,2,-0.004389435036124907,0.00039642830273445284
2020-09-15,1034544.9352250008,1010194.9352250008,2,-0.004485662305120077,-9.665151453941423e-05
2020-09-16,1033494.9352250008,1010194.9352250008,2,-0.005496048629569374,-0.0010149389980548262
2020-09-17,1033324.9352250008,1010194.9352250008,2,-0.005659634986861165,-0.0001644904045543516
2020-09-18,1033876.9572250008,969556.3572250009,5,-0.005128439292008644,0.0005342191804167395
2020-09-21,1033933.0982250008,939788.0982250008,5,-0.005074416340922118,5.430143268747578e-05
2020-09-22,1032332.0982250008,939788.0982250008,5,-0.006615014917534807,-0.0015484560874862163
2020-09-23,1033810.0982250008,939788.0982250008,5,-0.005192775881786178,0.0014317098175493648
2020-09-24,1031172.0982250008,939788.0982250008,5,-0.007731251237878791,-0.0025517258967864276
2020-09-25,1029786.0982250008,939788.0982250008,5,-0.009064961186151863,-0.00134410153492881
2020-09-28,1030873.0982250008,939788.0982250008,5,-0.008018970772174353,0.001055559015482599
2020-09-29,1030267.0562250008,939788.0982250008,4,-0.008602148437738082,-0.0005878919539596961
2020-09-30,1029609.0562250008,944794.0562250008,4,-0.00923532386772631,-0.0006386693586136749
2020-10-09,1032545.5512250008,933272.5512250008,5,-0.006409614925046564,0.002852048534583096
2020-10-12,1036765.3024250007,901501.8222250007,6,-0.002349063586895662,0.0040867458050579675
2020-10-13,1039719.5840250008,907794.1024250007,6,0.0,0.002849518201554435
2020-10-14,1039064.6892250007,875474.4197750008,6,-0.0006298763724973542,-0.00062987637249734
2020-10-15,1035800.2019750008,900046.4019750007,6,-0.003769653000886218,-0.0031417555459754
2020-10-16,1037154.3019750008,900046.4019750007,6,-0.002467282611018274,0.0013072984513982089
2020-10-19,1037647.2019750008,900046.4019750007,6,-0.0019932124794430944,0.00047524268959930893
2020-10-20,1041124.2563750007,900046.4019750007,6,0.0,0.003350902304156911
2020-10-21,1040254.2405550007,884964.8713750007,6,-0.000835650321921423,-0.000835650321921455
2020-10-22,1041200.0405550007,876582.5405550007,6,0.0,0.0009092008118085637
2020-10-23,1037390.8405550007,876582.5405550007,6,-0.0036584708525073625,-0.0036584708525073673
2020-10-26,1037117.3405550007,876582.5405550007,6,-0.003921148521876462,-0.0002636421966610847
2020-10-27,1035939.4788550006,876582.5405550007,4,-0.0050524025116211015,-0.001135707266614383
2020-10-28,1037048.8888550006,919792.4088550006,4,-0.003986891604217877,0.001070921634559463
2020-10-29,1040558.1288550006,919792.4088550006,4,-0.0006165114051070252,0.0033838713272953402
2020-10-30,1033229.8756650006,911927.5568550007,3,-0.00765478734110652,-0.007042617790188999
2020-11-02,1034296.0456650006,977458.3956650007,3,-0.006630805437080071,0.0010318807315881084
2020-11-03,1034264.9887850008,953707.3456650006,5,-0.006660633403647629,-3.0027070228033637e-05
2020-11-04,1039181.4807850006,929346.6327850006,5,-0.0019386858349756488,0.0047536096196927335
2020-11-05,1042279.8719850008,917784.3697850007,6,0.0,0.002981568914853794
2020-11-06,1044571.0539850006,945132.0039850007,6,0.0,0.0021982406660470133
2020-11-09,1049655.9739850005,945132.0039850007,6,0.0,0.004867950323341974
2020-11-10,1049311.8580000007,938164.0739850007,6,-0.00032783692326675116,-0.0003278369232667666
2020-11-11,1048263.0958400008,953139.0480000008,6,-0.0013269853928537135,-0.0009994761347679182
2020-11-12,1048216.8758400008,960086.1858400007,6,-0.0013710188677688313,-4.409198433430461e-05
2020-11-13,1049882.2358400007,960086.1858400007,6,0.0,0.0015887551883433382
2020-11-16,1048789.6030400007,945254.3738400007,6,-0.0010407193899474032,-0.001040719389947431
2020-11-17,1046109.4958400006,920728.0310400006,6,-0.003593488746841758,-0.002555428841239049
2020-11-18,1046664.8306400005,934757.4958400006,6,-0.003064539136073618,0.0005308572402873413
2020-11-19,1047869.5306400005,937130.3306400005,6,-0.001917077107595648,0.00115098928017221
2020-11-20,1049039.7306400004,937130.3306400005,6,-0.0008024759075251584,0.0011167420807485229
2020-11-23,1048884.4917100004,914560.1531400005,6,-0.0009503390913190885,-0.00014798193573206664
2020-11-24,1052341.5317100005,919117.5717100005,6,0.0,0.0032959205969038674
2020-11-25,1050472.7728350004,904889.5777100006,6,-0.0017758102466633825,-0.0017758102466634007
2020-11-26,1050062.9088350004,939554.4288350005,6,-0.002165288365363166,-0.0003901709883388227
2020-11-27,1050292.3888350006,939554.4288350005,6,-0.0019472222783701715,0.00021853928756976337
2020-11-30,1049254.5288350005,939554.4288350005,6,-0.0029334610314046866,-0.0009881629258985392
2020-12-01,1050219.6532350006,922654.5508350005,6,-0.002016340143443712,0.0009198191415686896
2020-12-02,1052548.2932350005,927808.0132350004,6,0.0,0.0022172885384756924
2020-12-03,1050881.7065550005,900054.2972350005,6,-0.0015833826254923714,-0.0015833826254924022
2020-12-04,1051450.5345550005,910760.5145550005,6,-0.0010429532659504066,0.000541286423059617
2020-12-07,1049162.5345550005,914737.5345550005,6,-0.0032167252578918374,-0.0021760415015322776
2020-12-08,1050965.5345550005,914737.5345550005,6,-0.0015037397240323968,0.0017185135197042012
2020-12-09,1049489.9945550004,914737.5345550005,5,-0.0029056136422969682,-0.0014039851465013076
2020-12-10,1048501.8945550005,958877.9945550004,5,-0.0038443829190615126,-0.0009415049263227226
2020-12-11,1043847.3075550004,937571.7195550004,5,-0.008266590460431622,-0.004439273809777489
2020-12-14,1043405.6535550004,943948.6535550004,5,-0.008686194960138291,-0.00042310211158613775
2020-12-15,1044220.6535550004,943948.6535550004,5,-0.007911883695526287,0.0007810960168974646
2020-12-16,1042210.6535550004,943948.6535550004,5,-0.009821534789845465,-0.0019248805251620427
2020-12-17,1043915.8605550005,923082.8185550005,6,-0.008201459957213214,0.0016361442806054338
2020-12-18,1044999.5845550005,917717.5845550005,6,-0.00717184069226792,0.0010381334750713123
2020-12-21,1047585.8370550005,894810.9870550005,6,-0.004714706405297473,0.0024748837590220507
2020-12-22,1042157.1680550005,891050.3820550005,5,-0.009872350035420148,-0.005182075595123736
2020-12-23,1045029.1680550005,909116.1680550005,5,-0.007143734143437723,0.0027558223347061706
2020-12-24,1044217.1680550005,909116.1680550005,5,-0.007915195182535818,-0.0007770118048583408
2020-12-25,1045747.2700550006,899021.0880550005,6,-0.006461483262774576,0.0014653101354866749
2020-12-28,1043503.8500550005,894774.2500550005,6,-0.008592900903579356,-0.0021452793272719317
2020-12-29,1039883.7345550006,882066.5600550006,5,-0.012032282757378722,-0.003469192279270561
2020-12-30,1044589.0627550007,898321.5345550006,6,-0.007561867261726443,0.004524859889277533
2020-12-31,1046465.9693350006,888966.1127550006,6,-0.005778664921213125,0.0017967894236321502
2021-01-04,1049961.8793350006,894651.4193350006,6,-0.0024572876291029683,0.003340681973845294
2021-01-05,1049268.1111150007,894651.4193350006,6,-0.003116419589564067,-0.0006607556270894488
2021-01-06,1044864.4754650005,847643.5408650005,6,-0.007300204484094312,-0.004196864083976237
2021-01-07,1044731.6682150005,812564.1609650005,6,-0.007426381354888309,-0.00012710476154420558
2021-01-08,1044014.7212150005,838669.7212150005,6,-0.008107534898728574,-0.0006862498972822761
2021-01-11,1038951.2727150004,820213.2932150004,6,-0.012918191599750415,-0.004849978067461902
2021-01-12,1039803.8627150004,885480.8627150004,6,-0.01210816700944916,0.0008206255888902891
2021-01-13,1035390.1407150005,876094.4907150004,6,-0.016301534694683255,-0.004244763996620882
2021-01-14,1032080.3337150004,881890.4337150004,6,-0.01944610014718839,-0.0031966761801637267
2021-01-15,1033574.1997150005,883753.1997150005,6,-0.01802681515133452,0.0014474319015680415
2021-01-18,1034598.1997150005,883753.1997150005,6,-0.017053938175920172,0.0009907368046555565
2021-01-19,1032018.1997150005,883753.1997150005,6,-0.0195051321178821,-0.0024937217179681337
2021-01-20,1031041.1237150005,872787.2497150005,6,-0.020433427765958224,-0.0009467623732506425
2021-01-21,1035011.2837150005,875949.2837150005,6,-0.016661477323857584,0.003850632054029912
2021-01-22,1032053.3512150005,867686.0337150005,6,-0.019471735550498005,-0.0028578746401517474
2021-01-25,1036345.4332150004,882893.6662150004,6,-0.015393935009101231,0.004158779189997297
2021-01-26,1034426.2132650004,903109.6332150004,5,-0.01721733823186581,-0.0018519114269130998
2021-01-27,1033791.1132650004,940454.1132650004,5,-0.017820730973160368,-0.0006139635595615589
2021-01-28,1030741.0132650004,940454.1132650004,5,-0.02071855525315185,-0.0029504026111879522
2021-01-29,1028381.4546650003,914953.6482650003,5,-0.02296031329424659,-0.0022891866818474105
2021-02-01,1029045.9931650003,898584.1956650004,5,-0.02232895176502158,0.0006461984480423677
2021-02-02,1029999.7909150003,893400.8131650003,5,-0.02142277220430193,0.0009268757240541436
2021-02-03,1026217.0389150002,907503.8389150002,5,-0.02501667095869906,-0.003672575502796649
2021-02-04,1023664.2389150001,915671.3589150001,5,-0.02744202285600159,-0.002487582941225641
2021-02-05,1021836.0789150002,912196.2399150002,5,-0.029178912281170935,-0.0017858980811301661
2021-02-08,1023038.9159150001,911458.9159150001,6,-0.028036126712346315,0.0011771330302576821
2021-02-09,1025407.9159150001,911458.9159150001,6,-0.025785398631529337,0.0023156499358396587
2021-02-10,1025441.9159150001,911458.9159150001,6,-0.025753096075705032,3.315753611055072e-05
2021-02-18,1027519.9159150001,911458.9159150001,6,-0.023778839869737247,0.0020264433974750418
2021-02-19,1026062.3301150001,911458.9159150001,6,-0.025163655948361174,-0.001418547492290756
2021-02-22,1024148.9901150002,910063.3301150001,6,-0.026981472776622165,-0.0018647405170654219
2021-02-23,1022090.7501150001,916782.1501150001,6,-0.028936955497205104,-0.00200970759124508
2021-02-24,1021843.2501150001,916782.1501150001,6,-0.029172099102102615,-0.00024215070919308967
2021-02-25,1022113.2091150001,905137.522115,5,-0.028915617758932775,0.00026418826955088015
2021-02-26,1017583.986115,908602.046115,5,-0.0332187200765277,-0.004431234191681899
2021-03-01,1021248.686115,904672.186115,5,-0.029736979596253266,0.003601373498409055
2021-03-02,1018749.7557150001,886514.051115,5,-0.032111151324107676,-0.0024469362203111134
2021-03-03,1019598.2467150002,857302.7967150002,6,-0.031305021091933415,0.0008328748009414078
2021-03-04,1017523.1187150001,840277.4187150002,6,-0.033276548682009355,-0.0020352408477416484
2021-03-05,1018519.1187150001,840277.4187150002,6,-0.032330273811391495,0.0009788475383809558
2021-03-08,1015779.5187150001,840277.4187150002,6,-0.03493309975069337,-0.0026897875058607967
2021-03-09,1013411.2187150002,840277.4187150002,6,-0.03718316277889037,-0.0023315098959624247
2021-03-10,1010008.5187150001,840277.4187150002,6,-0.0404159835642834,-0.003357669559169385
2021-03-11,1012896.4187150002,840277.4187150002,6,-0.03767226147707724,0.002859282814440256
2021-03-12,1013248.3187150002,840277.4187150002,6,-0.03733793002429566,0.00034741953224237676
2021-03-15,1014501.1517150002,840277.4187150002,4,-0.03614764449720654,0.001236452088653639
2021-03-16,1014177.5697150002,885627.1517150002,3,-0.03645507172128706,-0.0003189567596378895
2021-03-17,1013680.5697150002,923134.5697150002,3,-0.0369272590814247,-0.000490052250060824
2021-03-18,1013263.5697150002,923134.5697150002,3,-0.037323440427858075,-0.0004113721940208759
2021-03-19,1014327.3892650001,896160.6327150002,3,-0.03631273188665637,0.0010498942050183313
2021-03-22,1015436.6772650001,931038.6772650001,3,-0.035258824900031974,0.001093619290714276
2021-03-23,1014287.0685650001,922415.0672650001,3,-0.036351039582615964,-0.0011321323384697601
2021-03-24,1014685.729565,938970.729565,3,-0.03597228166474914,0.0003930455315417358
2021-03-25,1012724.729565,938970.729565,3,-0.03783537907567447,-0.0019326180933288972
2021-03-26,1013169.149565,913355.149565,5,-0.037413146668044024,0.00043883593144888877
2021-03-29,1013165.607565,887777.607565,5,-0.037416511834300795,-3.49596116455686e-06
2021-03-30,1012853.607565,887777.607565,5,-0.03771293528774736,-0.00030794570766157214
2021-03-31,1012314.607565,887777.607565,5,-0.038225025805079714,-0.0005321598264291794
2021-04-01,1011862.607565,887777.607565,5,-0.0386544597825087,-0.00044650150913783104
2021-04-02,1012798.607565,887777.607565,5,-0.037765189422169027,0.0009250267704352666
2021-04-06,1014618.607565,887777.607565,5,-0.03603605261039743,0.0017970008908045898
2021-04-07,1015304.833315,845154.395065,5,-0.035384086563413505,0.0006763386211170452
2021-04-08,1013102.0193150002,837331.1128150001,5,-0.03747692545181222,-0.002169608503495124
2021-04-09,1012858.0113150001,846734.0113150001,5,-0.037708751394211565,-0.00024085234788595589
2021-04-12,1009666.0113150001,846734.0113150001,5,-0.04074139134101098,-0.0031514782569136424
2021-04-13,1008222.0113150001,846734.0113150001,5,-0.04211329988837261,-0.0014301759035340034
2021-04-14,1008374.3513150001,846734.0113150001,4,-0.04196856543677634,0.00015109767322107892
2021-04-15,1004935.6233150001,869642.3513150001,3,-0.04523561553044101,-0.0034101700380574362
2021-04-16,998434.300915,900316.6233150001,3,-0.051412360523317574,-0.0064693919184136695
2021-04-19,998433.7329150001,891802.332915,5,-0.051412900166014845,-5.688907116496722e-07
2021-04-20,999402.537915,881391.937915,5,-0.05049246258968063,0.0009703247877768106
2021-04-21,996666.7379150001,881391.937915,5,-0.05309167824333151,-0.002737435513929687
2021-04-22,996250.537915,881391.937915,5,-0.05348709952962792,-0.0004175919433919706
2021-04-23,992411.985915,845183.775915,5,-0.0571340124785837,-0.0038529986724358256
2021-04-26,991324.2609149999,870718.0609149999,5,-0.05816743299428942,-0.001096041780468071
2021-04-27,988637.460915,870718.0609149999,5,-0.06072009496454645,-0.0027103139769019124
2021-04-28,990017.6609149999,870718.0609149999,5,-0.05940880121311399,0.0013960628183384838
2021-04-29,991668.2979149999,859624.9839149999,5,-0.057840571982579816,0.001667280357882106
2021-04-30,992520.7951149999,864731.1179149998,4,-0.05703063555925444,0.0008596596279142332
2021-05-06,995415.5671149999,886957.7951149999,4,-0.0542803845554711,0.0029165857423316677
2021-05-07,996582.7871149998,899042.5671149999,3,-0.053171437814022754,0.0011725956862247422
2021-05-10,998712.9833149998,911402.7871149998,3,-0.051147591294398595,0.0021375004942305598
2021-05-11,998964.4759149998,920281.8833149999,3,-0.050908654419372146,0.0002518166922844678
2021-05-12,1006256.8137349997,878612.6169149998,5,-0.04398038531583586,0.007299897039201975
2021-05-13,1007607.9657349997,884187.8257349997,5,-0.04269668934797937,0.0013427506592327276
2021-05-14,1009605.3427449997,837833.5234849998,6,-0.040799031043046864,0.0019822957716921774
2021-05-17,1008038.9793949997,832281.4027449997,6,-0.04228719397112097,-0.0015514610350032543
2021-05-18,1008816.0013949997,844874.0013949997,6,-0.041548964661364714,0.0007708253508871277
2021-05-19,1009525.4013949997,844874.0013949997,6,-0.04087498133484229,0.0007032005826821397
2021-05-20,1011132.9213949996,844874.0013949997,6,-0.03934771649546927,0.0015923522060747874
2021-05-21,1013633.5506749996,854539.6213949997,6,-0.03697193070390779,0.002473096491161675
2021-05-24,1017957.8336749995,858981.0706749996,6,-0.03286353679191989,0.004266120628229286
2021-05-25,1019783.6668749995,866175.1436749996,6,-0.031128858001659057,0.001793623605614858
2021-05-26,1017965.8763249995,860533.2328749995,6,-0.03285589566984345,-0.0017825256562211678
2021-05-27,1018100.5243249995,868098.1543249995,6,-0.03272796994817779,0.00013227162435547335
2021-05-28,1018096.6495749995,843707.7043249996,6,-0.032731651251947866,-3.805861904071506e-06
2021-05-31,1019036.9045749995,855522.3145749995,6,-0.03183833832175429,0.0009235419843416359
2021-06-01,1021648.1385749995,855522.3145749995,6,-0.02935746973189183,0.0025624528299974525
2021-06-02,1016983.4314149994,834873.1935749995,6,-0.033789292186007604,-0.004565864688508614
2021-06-03,1017794.3920149994,843215.0894149994,6,-0.03301881865504257,0.0007974177109961733
2021-06-04,1017496.5620149995,843293.0220149994,6,-0.03330177954331172,-0.00029262295247112213
2021-06-07,1016507.8100149995,829225.9740149995,6,-0.034241168269087956,-0.000971749720747872
2021-06-08,1014356.2610149995,843102.7510149995,6,-0.03628530155382991,-0.0021166084301588173
2021-06-09,1016013.5910149994,843102.7510149995,6,-0.03471071347017423,0.0016338736829422107
2021-06-10,1019497.3610149994,843102.7510149995,6,-0.031400870090643705,0.0034288616124904525
2021-06-11,1017444.3010149995,843102.7510149995,6,-0.033351431421839134,-0.002013796286785774
2021-06-15,1016146.4460149995,843102.7510149995,5,-0.034584491233290666,-0.001275602997338754
2021-06-16,1013348.7549749995,868457.2960149995,5,-0.0372425080273718,-0.0027532360625495134
2021-06-17,1014808.7549749995,931635.7549749995,5,-0.035855398277269315,0.0014407675470387016
2021-06-18,1015703.1049749994,931635.7549749995,5,-0.035005698547814434,0.000881299058187679
2021-06-21,1019470.4682749994,918090.2279749995,5,-0.03142642021520605,0.003709118620930818
2021-06-22,1022668.5436749994,873212.0792749994,6,-0.028388008181710934,0.003136996607082887
2021-06-23,1022758.8384749994,867594.1786749994,6,-0.028302221334133126,8.82933190411439e-05
2021-06-24,1019470.0107249995,838477.5354749995,6,-0.03142685492210062,-0.0032156434403478595
2021-06-25,1020188.9697249995,856931.2957249995,6,-0.030743789827015703,0.0007052281993942255
2021-06-28,1023605.9901249994,863441.2397249995,6,-0.027497363585139684,0.0033493994753943657
2021-06-29,1022599.7053249994,864179.5501249995,6,-0.028453409788879384,-0.0009830782642031854
2021-06-30,1024787.3713249995,849008.6753249995,6,-0.026374962639175395,0.0021393180426398928
2021-07-01,1018732.6293249995,827854.6063249995,6,-0.032127422682021275,-0.005908290997157284
2021-07-02,1018332.7593249995,852171.7693249995,6,-0.03250732924077023,-0.0003925171222453061
2021-07-05,1022321.1971049996,852171.7693249995,6,-0.02871801353370505,0.003916635052223727
2021-07-06,1026556.3099049997,853305.5971049996,5,-0.024694338014757098,0.0041426440261564945
2021-07-07,1026731.3996249996,858129.5099049996,5,-0.024527989619034758,0.00017056026864814555
2021-07-08,1027712.0616249996,849826.3996249996,5,-0.023596287001394333,0.0009551300372796501
2021-07-09,1032728.5666249996,882036.0106249996,5,-0.01883023015417661,0.004881235890204394
2021-07-12,1037634.2602249997,869556.7866249997,6,-0.01416945246679611,0.004750225527344609
2021-07-13,1036328.0902249998,861596.5002249997,6,-0.015410412153296974,-0.00125879613855151
2021-07-14,1030219.0129249998,861596.5002249997,5,-0.02121449481559819,-0.005894925900033932
2021-07-15,1031817.0409849999,855208.9199249998,6,-0.019696248032746534,0.0015511537255199492
2021-07-16,1036137.8109849999,852614.8109849999,6,-0.015591191734835341,0.004187535026437761
2021-07-19,1034738.9549849998,852614.8109849999,5,-0.0169202100886637,-0.0013500675153146346
2021-07-20,1035648.9549849998,892460.9549849998,5,-0.016055641682777903,0.0008794488654515487
2021-07-21,1040089.9889849998,882023.5329849998,6,-0.011836325544465147,0.00428816538521426
2021-07-22,1041867.761785,864364.5219849999,6,-0.010147307746967059,0.001709249025399373
2021-07-23,1040639.585135,867535.5355349999,5,-0.011314167888106278,-0.0011788220108623904
2021-07-26,1038477.6235349999,878733.2851349999,3,-0.01336819392557698,-0.002077531578543179
2021-07-27,1036348.6235349999,954547.6235349999,3,-0.015390903965281222,-0.002050116393218837
2021-07-28,1034663.6235349999,954547.6235349999,3,-0.0169917806289269,-0.0016259007458826469
2021-07-29,1036571.6235349999,954547.6235349999,3,-0.015179037202080638,0.0018440775886960914
2021-07-30,1035123.6235349999,954547.6235349999,3,-0.016554746050127488,-0.0013969126369308693
2021-08-02,1036509.589535,921050.174535,5,-0.015237974165257127,0.0013389376577717105
2021-08-03,1039963.511535,919154.511535,5,-0.011956488629439656,0.0033322624651737076
2021-08-04,1041151.8185350001,908723.0955350001,5,-0.010827507652853986,0.0011426429743155442
2021-08-05,1039043.4225350001,944223.4225350001,5,-0.012830642343728653,-0.002025061054944599
2021-08-06,1039285.4225350001,944223.4225350001,5,-0.01260072415227331,0.0002329065318651402
2021-08-09,1039110.7065350001,934338.5525350001,5,-0.01276671748590271,-0.00016811166231300856
2021-08-10,1038801.9765350001,944923.9765350001,5,-0.013060034193539091,-0.00029710982483233117
2021-08-11,1039087.9765350001,944923.9765350001,5,-0.012788312694546413,0.0002753171503908636
2021-08-12,1042471.5065350002,944923.9765350001,5,-0.0095737048501873,0.0032562497848189764
2021-08-13,1044771.9785350001,951640.5065350002,5,-0.007388083520709424,0.002206748084315757
2021-08-16,1045217.7460350002,957006.1265350002,5,-0.00696457088678551,0.00042666486961606687
2021-08-17,1043429.3124350002,970424.6730350002,5,-0.008663717245669672,-0.0017110631796909415
2021-08-18,1044171.7124350002,975539.7124350002,5,-0.007958381438494248,0.000711500042362756
2021-08-19,1044269.6124350003,975539.7124350002,5,-0.007865369079223656,9.375852537862883e-05
2021-08-20,1042370.5604350002,975539.7124350002,4,-0.009669611233437122,-0.0018185456872309436
2021-08-23,1042873.7704350002,978668.5704350002,5,-0.009191523906485739,0.00048275538383379946
2021-08-24,1044378.0942350002,959303.2294350002,5,-0.007762303214505437,0.0014424792747185222
2021-08-25,1044591.6322350004,946330.4322350003,6,-0.007559426062575555,0.00020446426555564834
2021-08-26,1046240.2539950004,934505.6242350003,6,-0.005993111461529573,0.0015782452291643878
2021-08-27,1050102.7617950004,941786.1339950004,6,-0.0023234387017850976,0.003691798117355205
2021-08-30,1050183.8938350005,929462.2157950004,6,-0.0022463571649838777,7.726104811056622e-05
2021-08-31,1050084.7868350004,929520.3568350004,6,-0.0023405162649862837,-9.437109117926834e-05
2021-09-01,1047345.9196350005,919004.8568350004,6,-0.004942645989202521,-0.0026082343391098384
2021-09-02,1048388.1776350006,912551.4576350005,6,-0.0039524225413104935,0.0009951420829168445
2021-09-03,1045887.5878350005,901680.6026350005,6,-0.006328170823904281,-0.0023851755040208422
2021-09-06,1047602.8878350004,912561.1878350005,6,-0.004698506882568186,0.0016400424098641508
2021-09-07,1049196.0878350004,912561.1878350005,6,-0.003184847119648175,0.0015208052769810632
2021-09-08,1050048.8878350004,912561.1878350005,6,-0.00237462301356087,0.0008128127905622229
2021-09-09,1048970.6493350007,901670.3128350005,6,-0.0033990306411536956,-0.0010268459997351265
2021-09-10,1050598.1943350006,917558.5943350005,6,-0.001852740546475307,0.0015515639079430876
2021-09-13,1052792.9499350004,906214.2663350005,6,0.0,0.0020890532763471192
2021-09-14,1051307.3499350005,909817.3499350005,6,-0.001411103674365963,-0.001411103674365921
2021-09-15,1051881.9386850004,896660.2109350006,6,-0.0008653280306030045,0.0005465468780707639
2021-09-16,1047590.2366850005,915825.0726850005,5,-0.004941819994445375,-0.004080022521695925
2021-09-17,1046585.7294350003,908405.4676850004,5,-0.005895955610629126,-0.0009588741998768358
2021-09-22,1046893.6494350004,911908.6494350004,6,-0.005603476448397793,0.00029421383393635203
2021-09-23,1047848.9926350004,911908.6494350004,6,-0.004696039520691367,0.0009125503822815517
2021-09-24,1046474.8926350004,919965.8926350004,6,-0.006001234431129182,-0.0013113530763096959
2021-09-27,1041654.5926350004,919965.8926350004,6,-0.010579817523177484,-0.004606226134926783
2021-09-28,1043885.5926350004,919965.8926350004,6,-0.008460692390227323,0.0021417848255786964
2021-09-29,1038721.9926350004,919965.8926350004,6,-0.01336536049264839,-0.004946519078748768
2021-09-30,1042203.3791350004,919965.8926350004,5,-0.010058550259719908,0.003351605650679046
2021-10-08,1042283.7771350004,935083.9551350004,5,-0.00998218386687409,7.7142332878255e-05
2021-10-11,1042141.4271350005,941272.4271350005,5,-0.010117395638579784,-0.00013657508935926987
2021-10-12,1039065.6846350004,914238.6771350005,5,-0.013038903139356598,-0.0029513676550175783
2021-10-13,1039317.2471350004,920710.2471350004,5,-0.012799955395628325,0.00024210452112893854
2021-10-14,1037768.4646350003,909649.2021350004,5,-0.014271073244675197,-0.0014901922432919434
2021-10-15,1038260.4846350003,927676.1026350004,5,-0.013803725890164136,0.0004741134624601795
2021-10-18,1040101.3046350003,947713.3046350003,5,-0.012055214941155974,0.0017729847444276636
2021-10-19,1043978.0943350003,916193.3871350003,6,-0.008372829244861829,0.003727319331995771
2021-10-20,1044019.5956150003,912920.0223350003,6,-0.008333409072070353,3.975301802339182e-05
2021-10-21,1043961.4356150003,915223.7556150004,6,-0.00838865260310238,-5.570776663987864e-05
2021-10-22,1042033.7296150003,915223.7556150004,6,-0.010219692600206295,-0.0018465298949136288
2021-10-25,1044363.6296150004,920850.4696150004,6,-0.00800662686857883,0.0022359161069200884
2021-10-26,1042082.3169750004,920850.4696150004,6,-0.010173541683254276,-0.002184404526650363
2021-10-27,1039919.5801750004,933935.5569750004,5,-0.012227826716349909,-0.002075399193298022
2021-10-28,1037162.2787750004,978142.7301750004,5,-0.014846861541925284,-0.002651456374670791
2021-10-29,1037896.9227150003,981706.2787750004,5,-0.014149056774097633,0.0007083211133243061
2021-11-01,1037419.6531750002,966155.6027150003,3,-0.014602393339496927,-0.0004598429088233935
2021-11-02,1037939.5048450002,977731.9294250002,3,-0.014108609951194319,0.0005011006572017696
2021-11-03,1036760.3918050001,978028.6148450002,3,-0.015228595642657092,-0.0011360132594395722
2021-11-04,1036864.5747650001,970250.0998050002,3,-0.015129637001258099,0.00010048894693848176
2021-11-05,1036939.9507650002,979861.5307650001,3,-0.015058040777133781,7.269608957094498e-05
2021-11-08,1037508.7539650002,972703.3847650002,3,-0.014517760563407917,0.0005485401537286272
2021-11-09,1037558.7819650002,965729.7819650002,3,-0.014470241248234749,4.8219352182687913e-05
2021-11-10,1037745.7819650002,965729.7819650002,3,-0.014292618478238478,0.0001802307524647606
2021-11-11,1040208.4779650002,946396.4779650002,5,-0.011953415883699787,0.002373120703354603
2021-11-12,1043243.1097650003,935361.4589650002,5,-0.009070957561588636,0.0029173303854790333
2021-11-15,1041968.5740050003,936688.9037650003,5,-0.010281580942072604,-0.0012217054184878728
2021-11-16,1041517.0530050002,941725.5330050002,5,-0.010710460143845319,-0.0004333345661899912
2021-11-17,1042456.3810050002,941725.5330050002,5,-0.009818235324085677,0.0009018844168606766
2021-11-18,1041258.3288450001,946606.7410050002,3,-0.010956210421728615,-0.0011492587909002205
2021-11-19,1041073.2668450002,975388.8668450002,5,-0.011131992373926664,-0.00017772919060843329
2021-11-22,1042666.7490950002,928579.7490950002,6,-0.009618416271333668,0.001530614895941973
2021-11-23,1042338.3139550001,906558.2565950002,6,-0.009930381829253059,-0.0003149953139727213
2021-11-24,1041001.4539550002,898911.0639550001,6,-0.011200204162393231,-0.0012825586300549974
2021-11-25,1039193.3039550001,899046.4439550001,6,-0.01291768336864329,-0.0017369332128504
2021-11-26,1038447.2439550002,899046.4439550001,6,-0.013626331731121403,-0.0007179222548495678
2021-11-29,1039820.4439550001,899046.4439550001,6,-0.012321991689630116,0.0013223589431177185
2021-11-30,1039796.4839550002,899046.4439550001,6,-0.012344750200694843,-2.3042439816656213e-05
2021-12-01,1041422.6783550001,899046.4439550001,5,-0.010800102318981424,0.0015639545094578988
2021-12-02,1041725.4823350002,907881.8263550001,5,-0.010512482630780834,0.00029075992514249194
2021-12-03,1044979.1401350003,898019.3968350003,6,-0.007421981502139117,0.003123335134998406
2021-12-06,1045544.2388750003,877059.3026350003,6,-0.00688521998598837,0.000540775139231009
2021-12-07,1039687.9896250003,859526.3008750003,6,-0.012447804015793621,-0.005601149174042863
2021-12-08,1042570.1866250003,872699.9866250004,6,-0.00971013655689015,0.002772174949370765
2021-12-09,1042230.6466250004,872699.9866250004,6,-0.010032650114775282,-0.00032567591549792496
2021-12-10,1042233.9866250004,872699.9866250004,6,-0.01002947760112939,3.204664927869416e-06
2021-12-13,1041726.5866250003,872699.9866250004,6,-0.01051143371608186,-0.0004868388543374236
2021-12-14,1041954.4666250004,872699.9866250004,6,-0.010294980898826507,0.00021875221668121725
2021-12-15,1040979.2466250004,872699.9866250004,6,-0.011221297892172808,-0.0009359526075634061
2021-12-16,1041161.2866250004,861073.3766250004,6,-0.011048386399926134,0.00017487380328695679
2021-12-17,1038696.3246250004,867347.3246250004,6,-0.013389741364501311,-0.0023675121536552712
2021-12-20,1036000.2049450004,852503.5006250003,5,-0.01595066246505243,-0.0025956765380616975
2021-12-21,1038024.6469450004,897015.6229450004,5,-0.014027737354160469,0.0019540942080291668
2021-12-22,1040686.1929450004,898992.1929450004,5,-0.011499656215163197,0.0025640489441489667
2021-12-23,1040372.5979450004,887876.0929450004,6,-0.011797525801029376,-0.00030133483284955354
2021-12-24,1035863.7049450004,885818.0799450004,5,-0.01608031758860586,-0.00433392133636179
2021-12-27,1035000.3049450004,894611.9374450004,5,-0.016900421864620638,-0.0008335073387341074
2021-12-28,1039582.9989450005,910689.6989450004,6,-0.01254752987357629,0.004427722366945108
2021-12-29,1039272.6629450005,896734.7629450004,6,-0.012842303884001769,-0.0002985196952191016
2021-12-30,1039769.9629450004,896734.7629450004,6,-0.012369941298337956,0.00047850772730884117
2021-12-31,1039712.4629450004,896734.7629450004,6,-0.012424557925475846,-5.5300693469817475e-05
2022-01-04,1040041.3629450004,896734.7629450004,6,-0.012112150818247088,0.0003163374603285529
2022-01-05,1036027.4629450004,896734.7629450004,6,-0.015924771334225887,-0.0038593657358340083
2022-01-06,1036297.1035450004,896734.7629450004,5,-0.015668652027939985,0.00026026395017897386
2022-01-07,1032435.4195450004,914873.1035450004,3,-0.019336689508850573,-0.003726425546100476
2022-01-10,1032773.4335450004,931853.4335450004,5,-0.01901562542875692,0.00032739481191845776
2022-01-11,1031778.4715450003,915582.1835450004,4,-0.019960694447372106,-0.0009633884525717118
2022-01-12,1032869.1695450003,921574.1695450003,5,-0.018924690169353987,0.001057104824417232
2022-01-13,1031186.2375450003,908659.2725450003,4,-0.020523230509222272,-0.0016293757715136747
2022-01-14,1029270.6900450003,929073.2375450003,3,-0.022342721701786066,-0.0018576154629065256
2022-01-17,1030233.6900450003,955922.6900450003,3,-0.02142801192902452,0.0009356139345209069
2022-01-18,1031099.6900450003,955922.6900450003,3,-0.020605438031608636,0.0008405859839064611
2022-01-19,1029505.6900450003,955922.6900450003,3,-0.022119505921309467,-0.0015459222957679986
2022-01-20,1026877.6900450003,955922.6900450003,3,-0.024615723245107326,-0.002552681374578092
2022-01-21,1027055.6900450003,955922.6900450003,3,-0.024446649164576117,0.00017334099447841034
2022-01-24,1026496.6900450003,955922.6900450003,3,-0.024977617765794914,-0.0005442742836812009
2022-01-25,1024045.6900450003,955922.6900450003,3,-0.02730571086344657,-0.0023877329793362545
2022-01-26,1024891.4612950004,937344.1400450004,3,-0.02650235133292129,0.0008259116348245943
2022-01-27,1023283.8382950004,963285.8382950004,3,-0.028029359088909092,-0.0015685787819607055
2022-01-28,1023821.4117950004,954832.3982950004,3,-0.027518742542670588,0.0005253415327028943
2022-02-07,1023945.9717950005,970318.9717950005,3,-0.027400428680474088,0.00012166184313500139
2022-02-08,1024048.9717950005,970318.9717950005,3,-0.027302593678818387,0.0001005912448870383
2022-02-09,1027815.2180450005,928063.2180450005,5,-0.02372520816324052,0.003677798966389645
2022-02-10,1027865.5546450005,907056.9930450005,5,-0.023677395723004147,4.897436729511817e-05
2022-02-11,1024479.1546450005,912759.7546450004,5,-0.026893982612391183,-0.0032945943024325075
2022-02-14,1023599.3546450004,912759.7546450004,5,-0.027729664500320206,-0.0008587778443426286
2022-02-15,1026245.1546450005,912759.7546450004,5,-0.02521653976846918,0.0025848003791655305
2022-02-16,1026733.5546450005,912759.7546450004,5,-0.024752630886831842,0.000475909676931785
2022-02-17,1025863.9546450004,912759.7546450004,5,-0.02557862426003384,-0.0008469578071798045
2022-02-18,1026421.5726450005,904930.9386450005,5,-0.025048968357574992,0.0005435594042224601
2022-02-21,1029407.2746450005,909493.3946450005,5,-0.022212986220551498,0.0029088457214574426
2022-02-22,1031581.1896450004,913679.9946450004,4,-0.020148083525169523,0.002111812354104181
2022-02-23,1031243.3446450003,930682.9296450004,5,-0.02046898707987223,-0.0003275020942523632
2022-02-24,1027590.4366450004,942329.7566450003,5,-0.023938717761698574,-0.00354223667863518
2022-02-25,1029804.1501250003,942329.7566450003,5,-0.021836012305571997,0.0021542760627741853
2022-02-28,1033112.3225250003,948884.8701250002,5,-0.018693730245073505,0.003212428692968894
2022-03-01,1034940.2025250002,955839.7225250002,5,-0.01695751041180739,0.0017692945482756794
2022-03-02,1036998.0706450003,965420.5025250003,5,-0.01500283535425959,0.001988393256904475
2022-03-03,1036883.0506450003,971349.5506450003,5,-0.01511208760562309,-0.00011091631050819117
2022-03-04,1034413.4668450003,971349.5506450003,4,-0.017457832607194856,-0.002381738035416636
2022-03-07,1032903.3268450004,983232.6268450003,3,-0.01889224570816892,-0.0014598997870801655
2022-03-08,1031640.2568450002,987746.0408450003,3,-0.020091978286239626,-0.001222834671138373
2022-03-09,1031740.8599450003,989903.0968450003,3,-0.019996419990559285,9.751761753440391e-05
2022-03-10,1031013.8199450002,990061.2199450003,3,-0.020687002122634662,-0.0007046730707541693
2022-03-11,1031645.3369450002,973383.5689450002,3,-0.020087152930978333,0.0006125204025235753
2022-03-14,1030601.7709450002,975356.7709450002,3,-0.021078388672122327,-0.0010115550011502439
2022-03-15,1027667.7709450002,975356.7709450002,3,-0.023865261437732266,-0.0028468804175542095
2022-03-16,1029227.7709450002,975356.7709450002,3,-0.022383488597121665,0.0015180003149903865
2022-03-17,1030913.7709450002,975356.7709450002,3,-0.020782034104000206,0.0016381213639931058
2022-03-18,1032056.7709450002,975356.7709450002,3,-0.01969635054193744,0.0011087251254313646
2022-03-21,1032218.7709450002,975356.7709450002,3,-0.01954247413156634,0.00015696810927523508
2022-03-22,1031769.3989450003,975356.7709450002,2,-0.01996931209626559,-0.00043534569671555
2022-03-23,1031709.3989450003,992004.3989450003,2,-0.020026303359365994,-5.81525291032392e-05
2022-03-24,1030936.3989450003,976884.2989450003,2,-0.020760540798976247,-0.0007492419869300493
2022-03-25,1030864.3989450003,996789.3989450003,2,-0.020828930314696736,-6.98394198456187e-05
2022-03-28,1029989.3989450003,996789.3989450003,2,-0.021660052901577683,-0.0008488022293674513
2022-03-29,1030654.3989450003,996789.3989450003,2,-0.021028399735548164,0.000645637713049485
2022-03-30,1031724.2289450002,989847.4689450002,3,-0.020012217018836383,0.0010380104146405777
2022-03-31,1031958.2089450002,988918.2089450002,3,-0.019789970089832513,0.0002267854078015219
2022-04-01,1031043.2089450002,988918.2089450002,3,-0.02065908685211373,-0.0008866638126125981
2022-04-06,1030844.2089450002,988918.2089450002,3,-0.02084810787473008,-0.0001930083999133192
2022-04-07,1030167.7089450002,988918.2089450002,3,-0.02149068436618718,-0.0006562582339113554
2022-04-08,1029085.2814450002,988918.2089450002,3,-0.022518832873514114,-0.0010507294012432888
2022-04-11,1027562.1814450001,998632.4814450002,2,-0.023965556087318055,-0.0014800522633667823
2022-04-12,1027631.3314450001,1011127.4314450001,2,-0.023899873656594812,6.729519755466207e-05
2022-04-13,1027014.9814450002,1011127.4314450001,2,-0.024485316406793727,-0.0005997773531615236
2022-04-14,1027591.4114450002,998039.3614450002,3,-0.02393779184364421,0.0005612673723502937
2022-04-15,1027060.4914450002,985501.8414450001,3,-0.02444208853373206,-0.0005166644972766088
2022-04-18,1026085.3640450002,985501.8414450001,2,-0.02536831757056233,-0.0009494352164477471
2022-04-19,1026319.2880450002,985107.9040450002,2,-0.025146123833404005,0.000227977133479218
2022-04-20,1025346.0560450002,992646.0560450002,2,-0.0260705525162329,-0.0009482741007954543
2022-04-21,1024826.0560450002,992646.0560450002,2,-0.026564476796436434,-0.0005071458527921013
2022-04-22,1024222.0560450002,992646.0560450002,2,-0.027138188844980538,-0.0005893683093216584
2022-04-25,1021546.0560450002,992646.0560450002,2,-0.029679999179258724,-0.0026127146786247835
2022-04-26,1022310.0560450002,992646.0560450002,2,-0.02895431042911353,0.000747886006195353
2022-04-27,1023818.0560450002,992646.0560450002,2,-0.027521930016523283,0.0014750906450378132
2022-04-28,1023662.0560450002,992646.0560450002,2,-0.027670107300584345,-0.00015237082319352613
2022-04-29,1024838.0560450002,992646.0560450002,2,-0.02655307854381635,0.0011488166363649022
2022-05-05,1026090.2960450002,973857.2960450002,3,-0.02536363288873545,0.0012218906124861206
2022-05-06,1025247.2840450002,972756.2840450002,3,-0.026164371533548787,-0.0008215768176049743
2022-05-09,1024324.2840450002,972756.2840450002,3,-0.02704108713091006,-0.0009002706121379322
2022-05-10,1024444.6412450002,972756.2840450002,2,-0.02692676531672295,0.00011749911807679148
2022-05-11,1023774.7092450002,972298.7092450002,3,-0.02756310316457935,-0.00065394651211792
2022-05-12,1024210.3292450001,961302.7292450002,3,-0.027149327597382693,0.0004255037715488186
2022-05-13,1024741.3292450001,961302.7292450002,3,-0.026644954918944086,0.0005184481984197298
2022-05-16,1025690.7292450002,961302.7292450002,3,-0.025743163165818612,0.0009264777099402544
2022-05-17,1024943.3292450001,961302.7292450002,3,-0.026453084333172713,-0.0007286796874436119
2022-05-18,1025986.1292450002,961302.7292450002,3,-0.025462576180487584,0.0010174221054428667
2022-05-19,1025658.8814050002,961302.7292450002,3,-0.025773413976295553,-0.0003189593218387854
2022-05-20,1027963.7214050002,964305.6214050002,3,-0.023584151595556522,0.0022471798780143715
2022-05-23,1028046.0614050002,964305.6214050002,3,-0.023505940585495093,8.010010303416415e-05
2022-05-24,1026703.3477050002,964305.6214050002,3,-0.02478132308124876,-0.0013060832100897368
2022-05-25,1027893.9997850002,969057.9377050002,3,-0.023650376982043267,0.0011596846184065424
2022-05-26,1027770.7997850002,970449.0997850002,3,-0.023767399042276174,-0.00011985671676828513
2022-05-27,1028038.2497850002,970449.0997850002,3,-0.023513360487006037,0.0002602233883819416
2022-05-30,1028548.3997850002,970449.0997850002,3,-0.0230287922724948,0.0004962363998681774
2022-05-31,1028484.7315850002,936809.3167850001,5,-0.023089267791450357,-6.190102479708415e-05
2022-06-01,1027368.9547750001,896302.3850850002,5,-0.02414909328711782,-0.0010848744524194487
2022-06-02,1027814.4587750002,930311.5587750002,5,-0.02372592935917968,0.00043363584029809665
2022-06-06,1027926.5687750002,930311.5587750002,5,-0.023619441184076582,0.00010907610711519133
2022-06-07,1027172.6301750002,930311.5587750002,5,-0.02433557306931246,-0.0007334556989790908
2022-06-08,1027184.4839350001,918936.4021750002,5,-0.024324313723397672,1.1540182878411187e-05
2022-06-09,1024938.4999350001,906949.4999350001,5,-0.026457671474452826,-0.002186543931617768
2022-06-10,1029745.4999350001,906949.4999350001,5,-0.02189172144572516,0.004690037500108435
2022-06-13,1023255.9169350001,882854.4389350001,5,-0.0280558803151407,-0.006302123194915299
2022-06-14,1023166.4769350002,920301.4769350002,5,-0.028140835291335656,-8.740726393041687e-05
2022-06-15,1021956.4769350002,920301.4769350002,5,-0.029290159097193878,-0.001182603249106351
2022-06-16,1023722.4769350002,920301.4769350002,5,-0.027612716253271878,0.0017280579357905612
2022-06-17,1023544.0262850001,905657.8529350002,5,-0.027782218385681703,-0.00017431545562451856
2022-06-20,1024682.8772850003,921943.0772850002,5,-0.026700475769462197,0.0011126546301418738
2022-06-21,1022524.6772850002,921943.0772850002,5,-0.02875045150318393,-0.002106212612548397
2022-06-22,1021759.1752850002,921943.0772850002,4,-0.02947756693461538,-0.0007486391448591201
2022-06-23,1026850.9932850003,920643.5252850002,5,-0.024641081279658764,0.004983383680973397
2022-06-24,1025962.2132850003,906696.4132850002,5,-0.02548529285996513,-0.0008655394071896971
2022-06-27,1024770.5287750002,895487.2202850003,5,-0.026617219617333352,-0.001161528655314159
2022-06-28,1027257.6287750003,927332.8287750003,5,-0.024254836776382863,0.0024269823635278964
2022-06-29,1020721.9471750002,927332.8287750003,5,-0.030462782603151214,-0.006362261439512351
2022-06-30,1019113.6883950002,896316.6871750002,5,-0.03199039425755992,-0.0015756090916346777
2022-07-01,1018215.5965850003,917935.0771450002,5,-0.03284345070142702,-0.0008812479120109407
2022-07-04,1018543.4673850003,906039.4105850003,5,-0.0325320211843313,0.00032200528169057385
2022-07-05,1015917.4312850003,884231.9763850003,5,-0.03502637308910247,-0.0025782268347781523
2022-07-06,1013713.8832850003,876208.8832850003,5,-0.037119422819475376,-0.0021690227297436193
2022-07-07,1016404.8832850003,876208.8832850003,5,-0.03456336466942209,0.002654595191376563
2022-07-08,1015994.8832850003,876208.8832850003,5,-0.034952804967274875,-0.0004033825562456128
2022-07-11,1014197.8832850003,876208.8832850003,5,-0.03665969329713209,-0.0017687096948655334
2022-07-12,1011731.0872850004,876208.8832850003,4,-0.03900279029464929,-0.002432263013614211
2022-07-13,1014712.0872850004,886082.0872850004,4,-0.036171274372944026,0.0029464351125154664
2022-07-14,1014516.0872850004,886082.0872850004,4,-0.03635744583240536,-0.0001931582391261344
2022-07-15,1010488.4235350003,877508.5272850003,3,-0.04018313990667584,-0.003970034384352394
2022-07-18,1013013.7895350003,949613.7895350003,3,-0.03778440993782873,0.0024991538162955074
2022-07-19,1016422.4095350003,949613.7895350003,3,-0.03454671728400687,0.003364830800145935
2022-07-20,1019698.5062750004,929729.0915350004,5,-0.03143490242981134,0.0032231646107634404
2022-07-21,1019522.8725250004,889339.5862750004,5,-0.03160172891740406,-0.00017224086229339353
2022-07-22,1020252.0605250003,898598.2205250004,5,-0.030909106498109757,0.0007152247582185023
2022-07-25,1016995.1005250004,898598.2205250004,5,-0.03400274423590145,-0.0031923091616438137
2022-07-26,1019252.7454650004,882677.3205250003,5,-0.031858310289854024,0.0022199172236272435
2022-07-27,1020821.3954650004,878329.3954650004,5,-0.030368321208813092,0.0015390196464806216
2022-07-28,1025003.9882650005,878329.3954650004,5,-0.026395467097035146,0.004097281677853948
2022-07-29,1020570.5957650004,880437.4302650004,5,-0.03060654440361646,-0.004325244146127005
2022-08-01,1022229.3957650004,916737.9957650005,5,-0.02903092594976725,0.0016253652680993103
2022-08-02,1019776.1033650005,916737.9957650005,4,-0.03136119649361102,-0.0023999431146899397
2022-08-03,1019208.5925650004,932542.5033650005,3,-0.03190024911552978,-0.0005565052937869241
2022-08-04,1020805.7925650005,938979.9925650004,3,-0.03038314169179686,0.0015670982482403062
2022-08-05,1022217.3585650005,928900.9285650004,3,-0.029042359536970364,0.0013827958366625648
2022-08-08,1022050.7528150005,913455.3055650005,5,-0.0292006107391752,-0.00016298466133846112
2022-08-09,1021375.8188150005,903166.0188150004,5,-0.029841699758665383,-0.0006603722937839063
2022-08-10,1023492.0188150004,903166.0188150004,5,-0.027831617909114047,0.0020719112015548102
2022-08-11,1023199.3238150005,894657.5238150004,6,-0.028109635538333563,-0.000285976826999379
2022-08-12,1022725.1038150004,886224.1038150004,6,-0.02856007548479157,-0.0004634678590599295
2022-08-15,1024054.1038150004,886224.1038150004,6,-0.027297719007117537,0.0012994694224699455
2022-08-16,1023989.5627350004,886224.1038150004,6,-0.02735902363496861,-6.302506846034284e-05
2022-08-17,1027177.2224950003,889865.0327350004,6,-0.024331211034022943,0.0031129807138716714
2022-08-18,1028838.3632950004,902295.2224950003,6,-0.0227533691610292,0.0016171900657659943
2022-08-19,1023699.0132950004,906641.1032950004,5,-0.027635003294613852,-0.004995293899753617
2022-08-22,1024084.2132950004,916661.0132950004,5,-0.02726911938550928,0.0003762824765847217
2022-08-23,1024419.2132950004,916661.0132950004,5,-0.026950918166532,0.0003271215351734469
2022-08-24,1019255.6332950005,916661.0132950004,3,-0.03185556727186524,-0.0050404950756355316
2022-08-25,1018379.9117950004,961935.2732950004,3,-0.032687375178685064,-0.0008591774932547036
2022-08-26,1018287.9117950005,980755.1117950005,3,-0.03277476178210558,-9.033956673176746e-05
2022-08-29,1018158.7085950004,975032.3997950004,3,-0.03289748600818259,-0.00012688277893069255
2022-08-30,1019151.1355950005,975574.1355950005,3,-0.031954824870433426,0.0009747272125870676
2022-08-31,1016277.9595950005,966544.1195950005,3,-0.03468392369292969,-0.0028191853981721637
2022-09-01,1016335.1255950005,970246.1255950005,3,-0.034629624317156424,5.6250358930087785e-05
2022-09-02,1017430.1255950005,970246.1255950005,3,-0.033589533765573984,0.0010774005270741682
2022-09-05,1017473.1255950005,970246.1255950005,3,-0.03354869002701869,4.2263344595561136e-05
2022-09-06,1018531.7865950004,932229.7865950004,5,-0.032543116233933043,0.001040480552624734
2022-09-07,1019505.7435950005,893576.7435950005,5,-0.03161799890667493,0.0009562362341739572
2022-09-08,1016328.7435950005,893576.7435950005,5,-0.03463568628784152,-0.003116215891827312
2022-09-09,1016568.7435950005,893576.7435950005,5,-0.03440772123543989,0.00023614406412542088
2022-09-13,1015674.2535950005,863803.5735950004,5,-0.03525735648428461,-0.0008799109805763816
2022-09-14,1013518.0910950005,849358.0910950005,5,-0.0373053968896968,-0.0021228878179870847
2022-09-15,1010263.2630950005,849358.0910950005,4,-0.04039700953793968,-0.00321141578882278
2022-09-16,1005110.2630950005,860744.2630950005,4,-0.0452916091838797,-0.005100650680114338
2022-09-19,1002966.9805950006,853003.5350950005,3,-0.047327415464813,-0.002132385449333918
2022-09-20,1004514.1145950005,891102.1145950005,3,-0.04585786345071993,0.0015425572625353823
2022-09-21,1006437.1145950005,891102.1145950005,3,-0.04403129346835186,0.0019143583669556374
2022-09-22,1006060.1145950005,891102.1145950005,3,-0.044389388571499426,-0.00037458872942275345
2022-09-23,1004793.0865950005,882700.7265950005,3,-0.045592880673225866,-0.0012593959164259871
2022-09-26,1002707.5905950004,913941.5905950004,3,-0.04757379819374004,-0.0020755477200458117
2022-09-27,1004266.5905950004,913941.5905950004,3,-0.046092975207514444,0.001554790264502559
2022-09-28,1002056.5905950004,913941.5905950004,3,-0.04819215339837946,-0.0022006108942552727
2022-09-29,1001843.9173450004,902903.5685950004,3,-0.0483941620174656,-0.0002122367658633495
2022-09-30,1000687.9283450005,947617.9283450005,3,-0.049492183238135166,-0.0011538613749968452
2022-10-10,999907.9283450005,947617.9283450005,3,-0.05023306965844047,-0.0007794637847685637
2022-10-11,1001725.9283450005,947617.9283450005,3,-0.048506234386498114,0.001818167401681725
2022-10-12,1003010.1479450004,929066.4003450004,3,-0.047286412768126486,0.0012820069478700624
2022-10-13,1003042.9059450004,933073.3059450004,3,-0.04725529743818251,3.265968950261211e-05
2022-10-14,1003293.8499450003,915990.2499450003,5,-0.04701693717939146,0.00025018271752141885
2022-10-17,1004314.5847450003,907714.9879450003,5,-0.04604738775368234,0.0010173836907860778
2022-10-18,1004217.9787450002,896912.2107450003,5,-0.046139149386400444,-9.619097588298153e-05
2022-10-19,1001332.7717450003,897862.9717450002,5,-0.048879675907002686,-0.0028730883743046665
2022-10-20,999180.2788650001,897862.9717450002,5,-0.050924230707766735,-0.0021496279166505206
2022-10-21,998759.2588650002,909670.7388650002,5,-0.0513241384009422,-0.00042136540212556195
2022-10-24,994657.3998650003,909670.7388650002,4,-0.055220307158771735,-0.004106954667595586
2022-10-25,994917.9598650002,940764.6198650002,4,-0.05497281310021442,0.00026195954510099817
2022-10-26,995991.6998650003,940764.6198650002,4,-0.05395291645285712,0.001079224663052436
2022-10-27,995218.3598650002,940764.6198650002,4,-0.054687476842958355,-0.0007764522536732876
2022-10-28,993039.2798250002,940764.6198650002,3,-0.05675728557423317,-0.00218954967862095
2022-10-31,991248.8366250002,949576.9598250003,3,-0.05845794589885875,-0.0018029933320617975
2022-11-01,993127.7526250003,943818.4366250003,3,-0.05667324929719924,0.0018955038639918431
2022-11-02,994928.9606250003,933918.2206250003,5,-0.05496236398008993,0.0018136720026593611
2022-11-03,996772.9206250004,912967.3006250004,5,-0.05321087048831273,0.001853358453694831
2022-11-04,999547.4032250002,912967.3006250004,5,-0.05057551602457779,0.0027834650626947788
2022-11-07,999003.4420050003,922821.2432250003,5,-0.051092199974668386,-0.0005442075265713608
2022-11-08,999188.2675650003,906707.8620050004,5,-0.05091664260604102,0.00018500993312797753
2022-11-09,999031.7675650003,892528.7675650003,5,-0.05106529481729458,-0.0001566271393291796
2022-11-10,996579.7675650003,892528.7675650003,5,-0.05339433776933125,-0.0024543764068447604
2022-11-11,996240.5575650004,892528.7675650003,5,-0.053716537875269366,-0.0003403741587376663
2022-11-14,993395.5575650004,898616.5575650004,5,-0.0564188736006137,-0.002855735975007545
2022-11-15,998660.5575650004,898616.5575650004,5,-0.05141789026355292,0.005300003568473377
2022-11-16,996395.5625650004,884592.5525650004,5,-0.05356930569632139,-0.002268032899509609
2022-11-17,998868.5625650004,896309.0625650004,5,-0.05122031580219958,0.0024819460191429776
2022-11-18,999056.4625650004,896309.0625650004,4,-0.05104183816325678,0.00018811283790687305
2022-11-21,999751.8125650004,915066.4625650004,4,-0.05038135691664233,0.0006960067083843224
2022-11-22,1000687.8125650004,919627.3125650004,4,-0.04949229321227597,0.0009362323611081802
2022-11-23,999367.9900650004,885726.9900650004,5,-0.05074593240133161,-0.0013189153334615122
2022-11-24,999406.0945650004,828381.0895650004,5,-0.0507097386749181,3.81285976525092e-05
2022-11-25,997349.3455650003,835995.6775650004,6,-0.05266335073142651,-0.0020579712403047123
2022-11-28,997264.5735650003,819076.5735650003,6,-0.0527438717873523,-8.499729846611626e-05
2022-11-29,998925.5735650003,819076.5735650003,6,-0.05116616365385601,0.0016655560059275487
2022-11-30,999113.5735650003,819076.5735650003,6,-0.050987591029474734,0.0001882022094288338
2022-12-01,1000265.0735650003,819076.5735650003,6,-0.04989383370513941,0.0011525216256358384
2022-12-02,999842.1185650004,819076.5735650003,5,-0.05029557936654992,-0.0004228429155208602
2022-12-05,999662.1185650004,831524.1185650004,5,-0.05046655315585114,-0.00018002842314579492
2022-12-06,997242.1185650004,831524.1185650004,5,-0.05276520076756759,-0.0024208179494425996
2022-12-07,997079.1185650004,831524.1185650004,5,-0.052920027032323694,-0.00016345077786583673
2022-12-08,996499.1185650004,831524.1185650004,5,-0.053470942575627636,-0.0005816990740260541
2022-12-09,995678.1185650004,831524.1185650004,5,-0.054250773025718214,-0.0008238843213250746
2022-12-12,994986.4210650004,791137.8898150004,5,-0.05490778492919146,-0.0006946999106467455
2022-12-13,992826.9765650004,834876.1885650003,5,-0.056958942756695254,-0.0021703255987037817
2022-12-14,993690.7265650004,834056.7265650004,5,-0.056138506031645635,0.0008699904619720034
2022-12-15,996225.0336650003,820960.6485650004,5,-0.0537312833197568,0.002550398259990372
2022-12-16,996486.3146050003,839899.2096650003,5,-0.05348310447317914,0.0002622710042115006
2022-12-19,994518.1146050004,845320.8646050004,5,-0.05535260787374947,-0.0019751400206435843
2022-12-20,994895.1223850003,845320.8646050004,4,-0.054994505380734804,0.00037908588537849397
2022-12-21,994353.1223850003,857218.1223850003,4,-0.055509326457408484,-0.0005447810405388998
2022-12-22,991166.1223850003,857218.1223850003,4,-0.058536512382425146,-0.0032050988006713244
2022-12-23,991433.1223850003,857218.1223850003,4,-0.05828290126162833,0.0002693796670103499
2022-12-26,993969.1223850003,857218.1223850003,4,-0.0558740705412511,0.0025579133304518553
2022-12-27,993575.2746350003,830185.1263850003,5,-0.056248168553613725,-0.00039623740932215323
2022-12-28,993014.9086350002,859520.9086350002,5,-0.05678043465592248,-0.0005639894775016918
2022-12-29,991031.0366350003,859520.9086350002,3,-0.05866482417441466,-0.001997827004155517
2022-12-30,991995.0616350003,897385.0616350003,5,-0.05774914080090846,0.0009727495551232757
2023-01-03,994131.9686350003,842832.7136350003,6,-0.055719390316606734,0.0021541508447411317
2023-01-04,993980.3916350002,844385.3916350002,6,-0.05586336639472296,-0.0001524717087694194
2023-01-05,994052.8706350002,838322.3396350002,6,-0.055794521898752114,7.291793742592034e-05
2023-01-06,994718.3406350003,857039.9006350002,6,-0.05516242230116156,0.000669451313565439
2023-01-09,995389.0406350002,863951.0406350002,6,-0.054525354965137544,0.0006742612180767882
2023-01-10,996241.4406350002,863951.0406350002,6,-0.05371569908735773,0.0008563485885439981
2023-01-11,994307.5406350002,863951.0406350002,6,-0.05555262248252239,-0.0019411961007839151
2023-01-12,992042.5001350002,850076.1846350002,6,-0.05770408113366538,-0.0022780079677897636
2023-01-13,993645.8881350002,862368.7881350003,6,-0.05618109601099807,0.0016162493036153691
2023-01-16,994088.1881350003,862368.7881350003,6,-0.05576097541650952,0.0004451283956201646
2023-01-17,991107.8363350002,849222.6601350002,6,-0.05859187564260247,-0.0029980758604439828
2023-01-18,992788.5363350002,850232.5363350002,6,-0.0569954553777216,0.0016957791457032911
2023-01-19,992947.5823350002,819858.2023350002,6,-0.05684438483720383,0.00016020128575133796
2023-01-20,993884.0383350002,817517.0383350002,6,-0.0559548879992379,0.000943107185777059
2023-01-30,1001619.6071350002,817517.0383350002,6,-0.04860722405403614,0.0077831703716251255
2023-01-31,1001699.3544950001,845661.2071350001,6,-0.0485314756744475,7.961840945580612e-05
2023-02-01,1004432.5180950001,849594.6344950001,6,-0.045935368244046565,0.0027285268656060957
2023-02-02,1003813.9580950001,858030.9180950001,6,-0.046522910172436316,-0.000615830320958799
2023-02-03,1003621.478095,858030.9180950001,6,-0.046705738144462515,-0.00019174867857518763
2023-02-06,1003088.396495,858030.9180950001,5,-0.047212088039788984,-0.0005311580228553048
2023-02-07,1002369.730295,816720.215495,6,-0.04789471628121514,-0.0007164535074986045
2023-02-08,1000492.7215050003,820229.2882950001,6,-0.04967760131109271,-0.0018725713010581124
2023-02-09,1002636.0715050002,842364.6115050002,6,-0.04764173091498841,0.0021422944454565496
2023-02-10,1000541.7115050001,842364.6115050002,6,-0.049631067944771345,-0.0020888536324614737
2023-02-13,1005350.5189050002,842364.6115050002,6,-0.04506340114922817,0.004806203824093247
2023-02-14,1004957.7289050001,837174.6679050002,6,-0.045436494453115026,-0.0003906995546467673
2023-02-15,1003465.6849050001,828322.2849050001,6,-0.0468537189891381,-0.0014846833424781991
2023-02-16,996118.9981550002,809773.7599050001,5,-0.05383200161389692,-0.007321313384717754
2023-02-17,994178.7767550002,842067.6971550002,5,-0.055674929418570863,-0.001947780740648053
2023-02-20,997597.7737550002,826541.7737550002,6,-0.052427380125795814,0.0034390162815178815
2023-02-21,997157.2487550002,806992.2487550002,6,-0.05284581472875095,-0.0004415857889716879
2023-02-22,996461.2487550002,806992.2487550002,6,-0.053506913380715684,-0.0006979841954405375
2023-02-23,996606.3475050002,786621.8175050002,6,-0.05336909069676917,0.0001456140418720775
2023-02-24,994935.4255050002,795569.5050050002,5,-0.05495622328547352,-0.001676611837946984
2023-02-27,992520.4255050002,826202.4255050002,5,-0.05725012162526493,-0.002427293207269421
2023-02-28,995543.6195050002,810375.6195050002,6,-0.05437852754763868,0.0030459766089567797
2023-03-01,997785.6195050002,810375.6195050002,6,-0.05224895401645344,0.0022520359289879277
2023-03-02,997109.0210050002,754039.2870050002,6,-0.05289162406856743,-0.0006781000715720964
2023-03-03,995858.6505050001,729263.4105050002,6,-0.05407929397087564,-0.0012539957754467146
2023-03-06,996291.9505050002,726881.9505050002,6,-0.05366772206585215,0.00043510190907136703
2023-03-07,987687.3430050001,726881.9505050002,5,-0.06184084623098955,-0.00863663256100633
2023-03-08,992436.1730050002,738458.6167550002,5,-0.057330149231837664,0.004808029619527199
2023-03-09,993153.5305050001,739254.7680050002,5,-0.05664876406484522,0.0007228248219004474
2023-03-10,990401.3880050002,763008.8655050002,5,-0.059262898686633744,-0.0027711148533102747
2023-03-13,994405.5100050003,781081.5680050002,5,-0.055459565846831475,0.004042928502014487
2023-03-14,993397.6500050003,830298.6500050003,5,-0.05641688608730441,-0.0010135301844766964
2023-03-15,991657.8700050004,817080.4500050003,5,-0.058069423749251455,-0.0017513429793105662
2023-03-16,988540.5250050004,850092.5250050004,5,-0.06103044756708043,-0.0031435690617614975
2023-03-17,992382.8450050004,850092.5250050004,5,-0.057380803066481176,0.003886861390918206
2023-03-20,991024.3450050004,853171.3450050004,5,-0.05867118024851291,-0.001368927331662162
2023-03-21,994208.3960050003,853171.3450050004,5,-0.055646795444077655,0.0032128887812377105
2023-03-22,999022.6080050003,835948.7580050003,6,-0.051073995065525374,0.004842256431694558
2023-03-23,1001838.0355050003,778215.7415050003,6,-0.04839974890898166,0.0028181819684964804
2023-03-24,1003392.9430050002,850828.0355050003,5,-0.04692281320182674,0.001552054768230171
2023-03-27,1003623.9430050002,871710.9430050002,5,-0.04670339683889017,0.00023021888045993144
2023-03-28,1003265.3256050001,871710.9430050002,5,-0.04704403114882,-0.0003573224836848077
2023-03-29,1005902.4711450002,876205.6256050002,5,-0.044539126893749836,0.002628562427800185
2023-03-30,1002967.5316450003,850732.6911450003,6,-0.04732689204755435,-0.002917717755140936
2023-03-31,1002969.6616450003,854082.7816450003,6,-0.04732486885771429,2.1236978593464073e-06
2023-04-03,1006538.9216450003,854082.7816450003,6,-0.04393459159548492,0.003558691889190335
2023-04-04,1005064.7923850003,842428.1436450003,6,-0.04533479973716281,-0.0014645526648794371
2023-04-06,1010043.5923850003,855482.5923850003,6,-0.04060566472509094,0.004953710484858931
2023-04-07,1009604.6923850003,855482.5923850003,6,-0.04102255581467044,-0.00043453570054696744
2023-04-10,1006746.1221850003,834248.0823850003,6,-0.04373778125399015,-0.0028313757073049617
2023-04-11,1005621.0686850003,829388.9966850003,6,-0.04480641825433243,-0.0011175146098981736
2023-04-12,1005816.8316850003,840953.9316850003,6,-0.04462047191036032,0.00019466875356544122
2023-04-13,1003513.0316850003,840953.9316850003,6,-0.04680874644253902,-0.002290476682658582
2023-04-14,1007206.6316850003,840953.9316850003,6,-0.04330036428607793,0.0036806696907543124
2023-04-17,1011428.7252850003,840953.9316850003,6,-0.03928999016620879,0.004191884234257648
2023-04-18,1011689.6552850003,833592.2252850003,6,-0.039042144661528916,0.00025798159917456154
2023-04-19,1011067.5614850003,868446.2492850003,6,-0.03963304318534449,-0.0006149057635909116
2023-04-20,1015615.9664850003,890180.1664850003,6,-0.035312720751307626,0.004498616287639257
2023-04-21,1005731.7944850003,872489.4984850003,5,-0.044701244867669035,-0.009732194378755832
2023-04-24,1005491.1794850003,884729.1794850003,5,-0.044929794080517435,-0.00023924370425532082
2023-04-25,1003103.1010100003,884729.1794850003,4,-0.047198120891736514,-0.0023750367220756186
2023-04-26,1004130.1010100003,914519.1010100003,4,-0.046222620438334534,0.0010238229738956939
2023-04-27,1002843.9150100003,890061.6830100004,5,-0.047444309850368876,-0.0012808957710821467
2023-04-28,1005491.9330100004,901369.9330100004,6,-0.04492907834149191,0.0026405086179075443
2023-05-04,1006983.8964100004,892966.5430100004,6,-0.04351193036373226,0.0014838143907667245
2023-05-05,1008372.4494100005,900719.2964100004,6,-0.042193007207867846,0.0013789227463818499
2023-05-08,1009145.5994100004,906655.8894100004,6,-0.04145862729009993,0.0007667305869496488
2023-05-09,1006496.7485900003,879220.4914100004,6,-0.04397464985670582,-0.002624845038762258
2023-05-10,1007270.8819900003,887131.1725900003,6,-0.043239335852135664,0.0007691365134407935
2023-05-11,1006708.5377650002,899446.7819900003,5,-0.04377348098013517,-0.000558285000643588
2023-05-12,1006074.6577650002,929628.5377650002,4,-0.04437557467770328,-0.0006296559294185489
2023-05-15,1005872.8487650002,926226.8487650002,5,-0.04456726384128713,-0.00020059048147413883
2023-05-16,1005636.4987650003,916862.4987650003,5,-0.044791761925183464,-0.0002349700563945012
2023-05-17,1006320.4987650003,916862.4987650003,5,-0.04414206152583881,0.0006801662438067346
2023-05-18,1009842.1215650003,903974.6287650003,5,-0.04079703266691889,0.003499504188100966
2023-05-19,1011911.6015650003,909359.5215650003,4,-0.03883132801423505,0.00204931043754919
2023-05-22,1011204.6015650003,894680.6015650003,5,-0.03950287506443485,-0.0006986776304437337
2023-05-23,1009323.2015650002,875656.6015650003,5,-0.04128993110438666,-0.001860553242230334
2023-05-24,1007617.6015650003,875656.6015650003,5,-0.04291000274345423,-0.0016898452322857693
2023-05-25,1008870.0015650003,875656.6015650003,5,-0.041720405111671695,0.0012429318404669765
2023-05-26,1011174.2015650002,875656.6015650003,5,-0.03953175063773908,0.0022839414358892807
2023-05-29,1010797.2015650002,875656.6015650003,5,-0.039889845740886644,-0.0003728338790848218
2023-05-30,1012594.2015650002,875656.6015650003,5,-0.03818295741102943,0.0017778046844785234
2023-05-31,1008691.1332050003,875656.6015650003,4,-0.04189030400775664,-0.0038545237114409048
2023-06-01,1008440.7932050003,929259.8332050003,4,-0.042128090554499203,-0.0002481830084146708
2023-06-02,1008367.3332050003,929259.8332050003,4,-0.042197866857621884,-7.284512932748122e-05
2023-06-05,1008719.5132050003,929259.8332050003,3,-0.04186334714031014,0.0003492576449106721
2023-06-06,1008055.5955650003,935879.6332050003,3,-0.0424939722219475,-0.0006581786426342884
2023-06-07,1008234.5890650003,936700.1715650003,3,-0.042323954461084806,0.00017756312329142432
2023-06-08,1008036.6290650002,959507.9290650003,3,-0.04251198763514082,-0.00019634319447781046
2023-06-09,1008518.4320650002,926117.5820650002,5,-0.04205434494288144,0.00047796179831971486
2023-06-12,1009743.0270650001,889595.0270650001,5,-0.04089115801227407,0.0012142514812472083
2023-06-13,1009010.6466650002,889595.0270650001,5,-0.04158681274670701,-0.000725313649482362
2023-06-14,1011840.3266650002,890024.3566650002,5,-0.038899028790541045,0.0028044104483462284
2023-06-15,1020141.3722650002,890024.3566650002,5,-0.03101424422723961,0.0082039086417518
2023-06-16,1021135.9642650002,892595.4622650002,5,-0.03006952665474698,0.0009749550670528073
2023-06-19,1022829.4202650004,883586.4722650003,5,-0.028460990047330686,0.0016584040316502957
2023-06-20,1023024.8902650003,879900.5702650003,5,-0.028275322010693545,0.00019110713490144704
2023-06-21,1021852.8202650003,879900.5702650003,5,-0.02938861783972841,-0.0011456905996650724
2023-06-26,1023857.1002650004,879900.5702650003,5,-0.027484843692946966,0.0019614174959954322
2023-06-27,1023312.4615050004,879900.5702650003,4,-0.028002171207377632,-0.0005319480226869677
2023-06-28,1025420.4615050004,901482.4615050004,4,-0.025999878163783303,0.0020599768685507502
2023-06-29,1026372.4615050004,901482.4615050004,4,-0.025095616789256835,0.0009283996523754556
2023-06-30,1026619.4615050004,901482.4615050004,4,-0.024861002756160155,0.00024065337805123654
2023-07-03,1027499.1695050003,891175.1695050003,5,-0.024025408254834613,0.0008568978409102534
2023-07-04,1026804.1695050003,891175.1695050003,5,-0.024685557052414337,-0.0006763995734758721
2023-07-05,1026384.1695050003,891175.1695050003,5,-0.025084495894117192,-0.0004090361263360265
2023-07-06,1026734.4895050003,891175.1695050003,5,-0.02475174290596166,0.00034131469522646896
2023-07-07,1026446.7210250003,883511.0145050003,3,-0.02502508105855637,-0.0002802754586911371
2023-07-10,1025794.3254250004,968629.0890250003,3,-0.025644761879975445,-0.0006355864231788466
2023-07-11,1026000.7234250003,938239.7234250003,5,-0.02544871383461888,0.00020120797598921492
2023-07-12,1023617.7634250004,908239.7634250004,5,-0.02771217883991464,-0.0023225714617872706
2023-07-13,1024692.9509250004,887964.4509250004,5,-0.026690907278335143,0.0010503798765688632
2023-07-14,1024930.1921750003,883833.1921750003,5,-0.026465562636718187,0.00023152423346495254
2023-07-17,1025033.1921750003,883833.1921750003,5,-0.026367727635062486,0.00010049464908568062
2023-07-18,1023792.1921750003,883833.1921750003,5,-0.02754649692685592,-0.0012106925019342851
2023-07-19,1022351.1921750003,883833.1921750003,5,-0.028915237095650713,-0.0014075121992663808
2023-07-20,1021038.1921750003,883833.1921750003,5,-0.030162395903164635,-0.0012842944871093165
2023-07-21,1017968.1921750003,883833.1921750003,5,-0.033078448865135494,-0.0030067435513458918
2023-07-24,1022124.1921750003,883833.1921750003,5,-0.029130854041047254,0.004082642298597117
2023-07-25,1023924.3746750003,874188.5621750003,5,-0.027420942799609764,0.0017612169967029523
2023-07-26,1019744.9306750004,835410.4836750004,5,-0.03139080600990001,-0.004081789733081154
2023-07-27,1018948.3291750004,855908.3291750004,5,-0.03214746143777799,-0.0007811772101408154
2023-07-28,1020454.1271750004,832272.7271750004,6,-0.030717172604543576,0.0014777962305696501
2023-07-31,1020118.0751750004,849693.0751750004,6,-0.031036373070333904,-0.000329316126076451
2023-08-01,1021077.0751750004,849693.0751750004,6,-0.030125462715112385,0.0009400872539540028
2023-08-02,1022551.0751750004,849693.0751750004,6,-0.028725377351612368,0.0014435736888396278
2023-08-03,1019714.0751750004,849693.0751750004,6,-0.03142011424187665,-0.002774433540656651
2023-08-04,1018993.0751750004,849693.0751750004,6,-0.03210495925346655,-0.000707060947330973
2023-08-07,1020733.9263750004,849693.0751750004,6,-0.030451404107502175,0.0017084033664320764
2023-08-08,1018408.8263750004,856498.8263750004,6,-0.032659910538081455,-0.002277870794651915
2023-08-09,1016160.2263750004,856498.8263750004,6,-0.03479575310820771,-0.0022079541553109427
2023-08-10,1015806.6263750005,856498.8263750004,6,-0.03513162161874609,-0.0003479766190627176
2023-08-11,1012016.6161250004,856498.8263750004,3,-0.03873157947392934,-0.003731035171059105
2023-08-14,1012220.9161250005,951932.6161250004,3,-0.03853752422307241,0.0002018741557645587
2023-08-15,1011059.2576250004,899765.9896250004,3,-0.03964093064317784,-0.0011476333688569262
2023-08-16,1011725.4731250004,906381.4731250004,3,-0.039008122929143414,0.0006589282428064447
2023-08-17,1012555.4731250004,906381.4731250004,3,-0.03821974378958777,0.0008203806487507848
2023-08-18,1010445.4731250004,906381.4731250004,3,-0.04022393654195211,-0.0020838364474866644
2023-08-21,1007805.4731250004,906381.4731250004,3,-0.04273155211837005,-0.0026127090181672363
2023-08-22,1008039.4731250004,906381.4731250004,3,-0.042509286192278464,0.00023218766541766023
2023-08-23,1005837.4731250004,906381.4731250004,3,-0.044600865548063424,-0.002184438267257116
2023-08-24,1006805.4731250004,906381.4731250004,3,-0.043681406503376846,0.0009623821202371374
2023-08-25,1007211.4731250004,906381.4731250004,3,-0.043295765623064086,0.00040325565448084966
2023-08-28,1010039.4731250004,906381.4731250004,3,-0.04060957742226487,0.002807751972111472
2023-08-29,1010689.4931250004,854332.4931250004,5,-0.03999215307492274,0.0006435590066484753
2023-08-30,1010525.5031250004,801474.5031250004,5,-0.04014791969551999,-0.00016225557019788894
2023-08-31,1007629.4821250003,801474.5031250004,3,-0.042898717941441816,-0.0028658564193029257
2023-09-01,1007993.4821250003,875982.4821250003,3,-0.04255297094529935,0.00036124389615155295
2023-09-04,1007934.3571250003,857829.3571250003,5,-0.04260913108581287,-5.8656133247403375e-05
2023-09-05,1004965.8076250004,832500.0681250003,5,-0.04542882084549757,-0.002945181379140016
2023-09-06,1005121.7526250003,849709.7526250003,5,-0.04528069580342774,0.0001551744336143468
2023-09-07,1004472.7526250003,849709.7526250003,5,-0.04589715129929715,-0.0006456929205890249
2023-09-08,1002229.7526250003,849709.7526250003,5,-0.048027674684867384,-0.002233012288425318
2023-09-11,1002771.8556250003,841006.0626250004,5,-0.04751275577319204,0.0005408969336424541
2023-09-12,1003670.6396250003,887741.6396250003,5,-0.04665904184961811,0.000896299586948146
2023-09-13,1001682.6396250003,887741.6396250003,5,-0.04854735236701162,-0.0019807294559724964
2023-09-14,1000791.6396250003,887741.6396250003,5,-0.04939367262405268,-0.0008895032865234853
2023-09-15,1001695.6396250003,887741.6396250003,5,-0.04853500426000653,0.0009032849238617136
2023-09-18,1003165.6396250003,887741.6396250003,5,-0.04713871831404654,0.0014675116291313905
2023-09-19,1002419.3461250003,887741.6396250003,4,-0.04784758846752364,-0.0007439384589358333
2023-09-20,1001853.9441250003,926078.1181250003,3,-0.04838463803651526,-0.0005640373983060165
2023-09-21,1001591.4521250003,936663.0521250003,3,-0.048633967213744425,-0.0002620062550426905
2023-09-22,1002969.9006250004,895505.9006250004,5,-0.047324641861513334,0.0013762582508820564
2023-09-25,1004666.0126250003,877595.0126250003,5,-0.04571358244085072,0.0016910896318453883
2023-09-26,1003888.0126250003,877595.0126250003,5,-0.046452569152386006,-0.0007743867018724648
2023-09-27,1003010.6296250003,877595.0126250003,3,-0.047285955242266454,-0.000873984935536587
2023-09-28,1005710.2096250003,927573.6296250003,3,-0.04472174734158985,0.0026914769597299326
2023-10-09,1005904.1096250003,934365.0096250003,3,-0.04453757057633701,0.00019279907685576525
2023-10-10,1005977.6096250003,934365.0096250003,3,-0.04446775627903901,7.306859500499918e-05
2023-10-11,1006760.2096250003,934365.0096250003,3,-0.04372440023733271,0.0007779497202644592
2023-10-12,1010079.9582250004,894666.1126250003,5,-0.040571122472502386,0.00329745709878293
2023-10-13,1013168.3959850004,892242.1062250003,5,-0.03763755632334582,0.0030576171072904668
2023-10-16,1012541.7959850004,901892.8759850004,5,-0.03823273508099106,-0.000618455927448025
2023-10-17,1013266.0211050004,901892.8759850004,4,-0.037544826675027024,0.0007152545434387925
2023-10-18,1011571.0611050003,928697.4211050004,3,-0.03915479186343822,-0.0016727690109964444
2023-10-19,1011224.8611050004,942943.8611050004,3,-0.03948363145152752,-0.0003422399209619398
2023-10-20,1008844.6105050003,935659.5891050004,3,-0.041744522921352605,-0.002353829194229884
2023-10-23,1007727.1305050004,940271.1305050004,3,-0.042805966199509986,-0.0011076829755185535
2023-10-24,1008506.1305050004,940271.1305050004,3,-0.04206602963358969,0.0007730267216381481
2023-10-25,1009334.1305050004,940271.1305050004,3,-0.04127955020280406,0.0008210163279676053
2023-10-26,1009420.1305050004,940271.1305050004,3,-0.04119786272569348,8.520468831951789e-05
2023-10-27,1011903.4305050003,902226.4305050003,5,-0.03883908933140617,0.0024601252986282685
2023-10-30,1013172.7010050003,853233.4470050003,5,-0.03763346718122142,0.0012543395562623072
2023-10-31,1012393.3850050003,870612.3850050003,5,-0.03837370390112736,-0.000769183772151516
2023-11-01,1011213.1070050003,850427.1850050003,5,-0.03949479613495435,-0.0011658294270602276
2023-11-02,1009451.9370050003,853974.9370050003,5,-0.041167651182196806,-0.0017416407953969593
2023-11-03,1014520.9370050003,853974.9370050003,5,-0.03635283930459736,0.005021536750961619
2023-11-06,1019707.9370050003,853974.9370050003,5,-0.03142594460956711,0.0051127579636873755
2023-11-07,1024506.6910050003,853974.9370050003,5,-0.02686782708009825,0.004706008285170871
2023-11-08,1022470.9087550002,860028.4230050002,5,-0.0288015237771798,-0.0019870853630082896
2023-11-09,1021773.6317550002,885325.6317550002,5,-0.029463835393194183,-0.0006819528986394818
2023-11-10,1020641.6317550002,885325.6317550002,5,-0.030539070557021875,-0.001107877483641495
2023-11-13,1023852.5833550002,885325.6317550002,5,-0.02748913409971726,0.003146012763048711
2023-11-14,1022212.9579550003,864258.7953550003,5,-0.02904653947567569,-0.0016014272236605231
2023-11-15,1026080.2549550004,898036.4499550003,5,-0.025373170462102045,0.003783259613277412
2023-11-16,1023785.2275800004,896236.1619550004,5,-0.02755311227795638,-0.002236693829665959
2023-11-17,1024700.2675800005,911818.2675800005,5,-0.026683957521499727,0.000893781210501432
2023-11-20,1027258.2675800005,911818.2675800005,5,-0.024254230004652343,0.0024963397404405008
2023-11-21,1025552.2675800005,911818.2675800005,5,-0.025874681585473937,-0.0016607313407357438
2023-11-22,1022288.4800800005,911818.2675800005,4,-0.02897480445407928,-0.0031824682204657506
2023-11-23,1023626.1340800005,921761.1340800005,5,-0.02770422793655742,0.0013084897522226413
2023-11-24,1020656.0115800005,910544.9340800005,4,-0.03052541181718971,-0.002901569626951095
2023-11-27,1021613.0115800005,930909.0115800005,4,-0.029616401170738205,0.0009376322572367535
2023-11-28,1022307.2131800005,930909.0115800005,4,-0.028957010736899443,0.0006795152294765128
2023-11-29,1021712.6131800006,937090.8131800005,4,-0.029521794154224464,-0.0005816255547590465
2023-11-30,1019945.7811800005,937090.8131800005,3,-0.03120002727699484,-0.0017292847100134345
2023-12-01,1021923.3811800005,953967.9811800005,3,-0.029321595245205424,0.001938926594423629
2023-12-04,1020844.7534300005,940111.1431800005,3,-0.030346134543332924,-0.001055487886728379
2023-12-05,1019440.3554300005,958174.7554300005,3,-0.03168010814192774,-0.001375721426084886
2023-12-06,1023802.6454700006,958174.7554300005,3,-0.027536567818762164,0.004279102761397091
2023-12-07,1024079.9654700005,963354.3454700005,3,-0.02727315420071213,0.0002708725174984661
2023-12-08,1023711.3877500006,954331.3364700006,3,-0.02762324936426988,-0.00035991107377131293
2023-12-11,1024685.3787500006,956435.3787500006,3,-0.026698099741962692,0.0009514312448362094
2023-12-12,1024688.9027500006,924917.9027500006,5,-0.026694752455109952,3.439104405256188e-06
2023-12-13,1023707.5067500005,888637.4442500005,4,-0.027626935749138142,-0.0009577501984907588
2023-12-14,1021688.5067500005,910338.5067500005,4,-0.029544691752466865,-0.001972243034936594
2023-12-15,1019228.5067500005,910338.5067500005,4,-0.031881333539583584,-0.0024077788716888593
2023-12-18,1017691.5067500005,910338.5067500005,4,-0.033341259729339025,-0.0015080033474544896
2023-12-19,1018294.5067500005,910338.5067500005,4,-0.03276849753517993,0.0005925174731247207
2023-12-20,1016573.3342500005,910338.5067500005,3,-0.034403360781658024,-0.001690250206193622
2023-12-21,1016325.3342500005,935691.3342500005,3,-0.03463892466913971,-0.0002439568220456989
2023-12-22,1014403.3342500005,935691.3342500005,3,-0.03646454479712277,-0.0018911267241196184
2023-12-25,1013930.3342500005,935691.3342500005,3,-0.036913825921230985,-0.00046628395632164477
2023-12-26,1012305.1122500005,925145.8042500005,3,-0.03845755016454056,-0.001602893162479635
2023-12-27,1013384.5542500005,928379.5542500005,3,-0.03743223744748002,0.001066320802826759
2023-12-28,1013649.0290000006,887125.3612500005,5,-0.037181024946468896,0.00026098162725185503
2023-12-29,1015309.8240000005,922226.8240000005,5,-0.03560351153312161,0.0016384319941966652
2024-01-02,1014062.8240000005,922226.8240000005,5,-0.036787979951225076,-0.001228196527329195
2024-01-03,1012597.7720000005,904424.0440000005,5,-0.03817956601768808,-0.0014447349467177073
2024-01-04,1011509.3280000004,910137.3280000004,5,-0.03921342932392243,-0.0010749026218477287
2024-01-05,1008914.3280000004,910137.3280000004,5,-0.041678301453015064,-0.0025654731282913623
2024-01-08,1006688.3280000004,910137.3280000004,5,-0.04379267731404019,-0.0022063320325845792
2024-01-09,1006724.3280000004,910137.3280000004,5,-0.04375848255617995,3.576081990686042e-05
2024-01-10,1004865.3280000004,910137.3280000004,5,-0.04552426185790758,-0.0018465829704276127
2024-01-11,1006733.3280000004,910137.3280000004,5,-0.043749933866714885,0.0018589555714076944
2024-01-12,1004901.8120000004,910137.3280000004,4,-0.04548960737052505,-0.0018192662833945716
2024-01-15,1004706.8120000004,928852.8120000004,4,-0.04567482897560138,-0.0001940488092183612
2024-01-16,1003968.1875000003,911569.5560000003,3,-0.04637641469579986,-0.0007351642202263475
2024-01-17,1003027.5725000004,933030.5725000004,3,-0.04726986197815302,-0.0009368972161779565
2024-01-18,1002139.5725000004,933030.5725000004,3,-0.04811333267203906,-0.0008853196306325417
2024-01-19,999870.8515000003,917841.4035000004,3,-0.050268287262246074,-0.002263877270448744
2024-01-22,996590.4725000003,930148.3445000002,3,-0.05338416963988035,-0.0032808027107489313
2024-01-23,996121.0965000002,944546.0965000002,3,-0.05383000849169735,-0.0004709818254859943
2024-01-24,997671.0965000002,944546.0965000002,3,-0.05235773419493681,0.0015560357123707291
2024-01-25,999953.8477500002,913018.8477500002,5,-0.0501894529102446,0.002288079967444512
2024-01-26,1000613.0527500001,879491.0527500001,5,-0.049563304150376235,0.0006592354251981902
2024-01-29,996325.0527500001,879491.0527500001,5,-0.053636279753285374,-0.004285372840395429
2024-01-30,991952.0527500001,879491.0527500001,5,-0.05778999297892009,-0.004389129820563942
2024-01-31,989259.0527500001,879491.0527500001,5,-0.06034795083774339,-0.002714848961231753
2024-02-01,988117.6827500002,879491.0527500001,4,-0.061432086137158594,-0.0011537625021749154
2024-02-02,985790.8707500001,890648.6827500002,3,-0.06364221871844505,-0.0023547923902387247
2024-02-05,981063.7125,876600.96675,3,-0.06813233071082869,-0.004795295219566786
2024-02-06,983410.0545,908282.0545,3,-0.06590364747340313,0.0023916306047249147
2024-02-07,987177.0545,908282.0545,3,-0.062325546005082534,0.003830548592382632
2024-02-08,986767.7095,890931.7265,3,-0.06271436414831312,-0.00041466219067187726
2024-02-19,987879.7095,943265.7095,3,-0.06165812607218556,0.0011269116219494446
2024-02-20,988430.9970000001,883420.9970000001,5,-0.06113448322291103,0.0005580512431813123
2024-02-21,989229.6207500001,822243.6207500001,5,-0.06037590695200294,0.0008079711709001458
2024-02-22,993659.4167500001,822243.6207500001,5,-0.0561682457967174,0.004478026038728489
2024-02-23,991511.3775500001,825334.4167500001,5,-0.05820857025000389,-0.0021617459300347086
2024-02-26,988862.8975500001,830239.1775500001,5,-0.06072424059160667,-0.002671154421388766
2024-02-27,990106.3256300002,830239.1775500001,5,-0.059543164977377994,0.0012574322315872521
2024-02-28,989269.5056300001,831717.1656300002,5,-0.060338022123839444,-0.000845181955046681
2024-02-29,990377.0930200001,810473.6443800002,5,-0.05928597538466971,0.0011196012650716014
2024-03-01,989698.0930200001,789456.0930200001,5,-0.059930926512089325,-0.0006855974403946474
2024-03-04,990360.0930200001,789456.0930200001,5,-0.05930212290921483,0.0006688908513301506
2024-03-05,991539.0930200001,789456.0930200001,5,-0.05818224458929181,0.0011904760786602964
2024-03-06,990434.7130200001,772934.5930200001,5,-0.059231244775005625,-0.001113803790263379
2024-03-07,989787.7080200001,770307.7080200001,5,-0.05984580531137695,-0.0006532535577505882
2024-03-08,991642.2487700001,739821.6480200001,5,-0.05808426164781573,0.0018736752689219038
2024-03-11,991223.18877,784898.18877,5,-0.05848230762639673,-0.00042259191812354935
2024-03-12,986942.3360199999,769938.24877,5,-0.06254849438255271,-0.004318757670825013
2024-03-13,986520.20502,784590.39302,5,-0.06294945736394994,-0.00042771597143376194
2024-03-14,985616.76902,784685.76902,5,-0.06380759001012293,-0.0009157805338428915
2024-03-15,987651.76902,784685.76902,5,-0.0618746363366341,0.002064697014056982
2024-03-18,991204.78302,773020.12002,5,-0.0584997904087436,0.003597435970297047
2024-03-19,989254.5590199999,800052.5590199999,5,-0.06035221922688914,-0.0019675288430893723
2024-03-20,990547.9408199999,800052.5590199999,5,-0.05912369485267118,0.0013074307196332402
2024-03-21,990564.2011699999,797266.9928199999,5,-0.05910824988792194,1.6415510375455966e-05
2024-03-22,987782.4561699999,809041.7471699999,3,-0.06175050257414266,-0.002808243016166334
2024-03-25,985909.4561699999,903624.4561699999,3,-0.06352957983726039,-0.0018961664972896308
2024-03-26,984839.4561699999,903624.4561699999,3,-0.06454592402921766,-0.0010852923595607855
2024-03-27,981909.8434199998,899015.8571699999,3,-0.06732862954617706,-0.0029747109862893195
2024-03-28,982751.4304199998,904025.0434199998,3,-0.0665292444438624,0.0008570919271657651
2024-03-29,983437.4554199998,892761.4554199998,5,-0.06587762058938809,0.0006980656336534885
2024-04-01,985094.4004199997,884693.4004199997,5,-0.06430376411542306,0.0016848504100266393
2024-04-02,986361.6134199997,884693.4004199997,5,-0.06310009629063545,0.0012863873751183252
2024-04-03,984726.1286699998,867114.7259199998,5,-0.06465356865203464,-0.001658098538860675
2024-04-08,981600.2288699998,893675.8286699997,4,-0.06762271828415652,-0.0031743849472359864
2024-04-09,984231.7238699998,904399.2288699998,4,-0.06512318121928307,0.002680821502078601
2024-04-10,983034.2238699998,913129.2238699998,4,-0.06626063184532871,-0.001216685025444475
2024-04-11,981926.2238699998,913129.2238699998,4,-0.06731307050391623,-0.0011271225081442848
2024-04-12,982723.2238699998,913129.2238699998,4,-0.06655603655906582,0.0008116699408013961
2024-04-15,982805.1878699997,886720.8518699997,5,-0.0664781826942532,8.340496897707439e-05
2024-04-16,979652.6978699997,872493.6978699997,5,-0.06947258914444326,-0.003207644850585556
2024-04-17,983686.7558699998,856196.4218699997,5,-0.06564082146377144,0.0041178450370944475
2024-04-18,982911.6398699997,858350.6398699997,5,-0.06637706879526041,-0.0007879703527313708
2024-04-19,982263.6244699997,845459.7668699997,5,-0.06699258906450237,-0.0006592814386506829
2024-04-22,980544.4824699997,854465.4824699997,5,-0.06862552363165171,-0.0017501839192382018
2024-04-23,982448.4824699997,854465.4824699997,5,-0.06681700088259877,0.001941778301789876
2024-04-24,986969.7942699997,854465.4824699997,5,-0.06252241304338578,0.004602085382261256
2024-04-25,986859.2942699997,861839.7942699997,5,-0.06262737195292904,-0.00011195884680714752
2024-04-26,990896.7942699997,861839.7942699997,5,-0.0587923348734641,0.004091262070938573
2024-04-29,990753.1018699998,861839.7942699997,5,-0.0589288217296962,-0.00014501247842446663
2024-04-30,989205.5018699996,870563.5018699997,5,-0.06039881637593291,-0.001562044062319079
2024-05-06,992547.4018699997,870563.5018699997,5,-0.057224498006678566,0.0033783677847349924
2024-05-07,994411.6738699997,870563.5018699997,5,-0.05545371107263318,0.0018782699914257073
2024-05-08,995199.5356699998,864789.8138699997,5,-0.05470535708712377,0.0007922893713967483
2024-05-09,995426.1642699998,883181.0456699998,5,-0.05449009291764576,0.00022772177023533402
2024-05-10,995841.2442699998,879202.9542699998,6,-0.054095827359517186,0.00041698723109639957
2024-05-13,995737.2824699997,842478.0592699997,6,-0.054194575931120426,-0.00010439595728561901
2024-05-14,995540.0624699998,838525.0624699998,6,-0.054381906212931444,-0.0001980642921300957
2024-05-15,993215.8656699997,838525.0624699998,5,-0.05658955473503024,-0.0023346090103431028
2024-05-16,992545.8576699997,834259.8576699997,6,-0.0572259647718199,-0.00067458447167279
2024-05-17,995791.8576699997,834259.8576699997,6,-0.05414273743808784,0.0032703778620566393
2024-05-20,1000454.9712699997,834259.8576699997,6,-0.04971345853734298,0.004682819571261598
2024-05-21,998158.2555199998,819415.5212699997,6,-0.051895004063594624,-0.0022956712855196626
2024-05-22,995720.8549199997,833005.5525199998,6,-0.054210179711522866,-0.002441897952074057
2024-05-23,993284.6559199998,833514.6309199998,5,-0.056524214014421946,-0.002446668650116446
2024-05-24,989977.6559199998,856562.6559199998,5,-0.05966538246563942,-0.0033293577830787457
2024-05-27,990828.1559199998,856562.6559199998,5,-0.05885753131119114,0.0008591102990194166
2024-05-28,991462.6559199998,856562.6559199998,5,-0.05825484870390433,0.0006403734050237642
2024-05-29,991154.6121699999,817596.0146699998,5,-0.058547445410615725,-0.0003106962709695793
2024-05-30,989587.7141699998,822055.9961699998,5,-0.060035770346774146,-0.0015808815100698537
2024-05-31,991894.8901699998,843440.3901699998,5,-0.05784428910619173,0.0023314517419359415
2024-06-03,992786.0951699998,843440.3901699998,5,-0.05699777412900178,0.0008984873385597947
2024-06-04,992447.8951699998,850194.3451699998,5,-0.05731901488201104,-0.0003406574705723253
2024-06-05,992795.9951699998,850194.3451699998,5,-0.0569883705705902,0.00035074889240438445
2024-06-06,988172.5479199998,850194.3451699998,3,-0.061379972214850274,-0.004656996273648573
2024-06-07,988789.5479199998,896495.5479199998,3,-0.06079391205930108,0.0006243848822746756
2024-06-11,989458.5479199998,896495.5479199998,3,-0.060158459475731535,0.0006765848217220594
2024-06-12,990433.5479199998,896495.5479199998,3,-0.05923235145034991,0.0009853874142071728
2024-06-13,989195.5479199998,896495.5479199998,3,-0.060408271178988324,-0.0012499576600569773
2024-06-14,989158.5479199998,896495.5479199998,3,-0.06044341579123358,-3.7404131142504404e-05
2024-06-17,988711.9279199998,874590.6749199998,3,-0.06086763975666531,-0.0004515150790933564
2024-06-18,989269.30392,913394.6239199999,3,-0.0603382137189676,0.0005637395324771255
2024-06-19,988331.65692,919353.65692,3,-0.06122884183350607,-0.0009478177441517577
2024-06-20,987377.65692,919353.65692,3,-0.06213500291680255,-0.0009652630200807089
2024-06-21,987267.65692,919353.65692,3,-0.0622394868991533,-0.00011140620737071227
2024-06-24,984625.65692,919353.65692,3,-0.06474900218434125,-0.002676072675410368
2024-06-25,983421.65692,919353.65692,3,-0.06589262686388943,-0.001222799742763403
2024-06-26,985579.65692,919353.65692,3,-0.06384284110104477,0.0021943791707401683
2024-06-27,983738.65692,919353.65692,3,-0.06559152302384227,-0.0018679362820386292
2024-06-28,985876.65692,919353.65692,3,-0.06356073434869774,0.00217334145096415
2024-07-01,986615.73792,897402.73792,5,-0.06285871501997253,0.0007496688300836496
2024-07-02,985214.22292,864720.10292,5,-0.06418995018837535,-0.0014205277152326001
2024-07-03,983860.77792,870878.49292,4,-0.06547552585649083,-0.0013737570657359477
2024-07-04,980354.66392,901349.77792,3,-0.0688058236137246,-0.0035636281867160724
2024-07-05,980337.66392,919365.66392,3,-0.06882197113826971,-1.7340663155507308e-05
2024-07-08,979617.66392,919365.66392,3,-0.0695058662954746,-0.0007344408222784704
2024-07-09,982393.66392,919365.66392,3,-0.06686907052269574,0.0028337586205742227
2024-07-10,983971.66392,919365.66392,3,-0.06537020030315502,0.0016062807181627115
2024-07-11,985623.66992,892334.66992,5,-0.06380103515999744,0.0016789162336430241
2024-07-12,984337.87692,865504.87692,5,-0.06502235127925854,-0.0013045476070033812
2024-07-15,982208.87692,865504.87692,5,-0.067044591264938,-0.0021628752178689536
2024-07-16,984541.87692,865504.87692,5,-0.06482858098471715,0.002375258516615908
2024-07-17,979431.6444199999,865504.87692,4,-0.06968255773324643,-0.0051904673836593584
2024-07-18,983750.1104199999,864239.69442,5,-0.06558064386664365,0.004409155069272197
2024-07-19,985694.67902,877604.86642,5,-0.06373358685498702,0.0019766895875314994
2024-07-22,986014.80766,883042.65902,4,-0.06342951126251675,0.00032477464555080715
2024-07-23,982994.80766,895278.80766,4,-0.06629807150523727,-0.0030628343271710268
2024-07-24,981951.80766,895278.80766,4,-0.06728876962879936,-0.0010610432444529971
2024-07-25,982474.80766,895278.80766,4,-0.0667919957854408,0.000532612696387158
2024-07-26,983409.80766,895278.80766,4,-0.06590388193545946,0.0009516783460605804
2024-07-29,984846.7061600001,886989.5316600001,3,-0.06453903759442475,0.0014611390783452194
2024-07-30,984250.55616,928648.55616,3,-0.06510529328604658,-0.0006053226317063176
2024-07-31,987117.46816,901523.46816,5,-0.062382144351417965,0.0029127867716784994
2024-08-01,986601.90916,862915.90916,5,-0.06287185032829769,-0.0005222873838520714
2024-08-02,984208.9691600001,862915.90916,4,-0.06514479488035581,-0.002425436214731569
2024-08-05,980099.9691600001,889495.9691600001,4,-0.06904774654834872,-0.004174926391401379
2024-08-06,983387.1891600001,889495.9691600001,3,-0.06592536621686672,0.003353963986773012
2024-08-07,982310.1891600001,899860.1891600001,3,-0.06694835938951903,-0.0010951942549912719
2024-08-08,979971.1891600001,899860.1891600001,3,-0.06917006879604992,-0.002381121590523394
2024-08-09,979445.1891600001,899860.1891600001,3,-0.0696696922025635,-0.0005367504737061601
2024-08-12,978820.1891600001,899860.1891600001,3,-0.07026335119319274,-0.0006381163610962304
2024-08-13,979240.1891600001,899860.1891600001,3,-0.0698644123514899,0.0004290880027315591
2024-08-14,977819.7051600001,887522.8691600001,3,-0.07121366530772183,-0.0014505981430545933
2024-08-15,978063.7051600001,904565.7051600001,3,-0.07098190083778017,0.00024953475442601736
2024-08-16,976972.4299100001,852644.8561600001,5,-0.07201845341924212,-0.0011157506860164368
2024-08-19,977068.5989100002,868365.5989100002,5,-0.07192710687289029,9.8435735805813e-05
2024-08-20,974942.5989100002,868365.5989100002,5,-0.07394649729541475,-0.0021758963519774577
2024-08-21,973239.5989100002,868365.5989100002,5,-0.07556409931308132,-0.001746769504075374
2024-08-22,970425.5989100002,868365.5989100002,5,-0.07823698955249044,-0.0028913743369582967
2024-08-23,970682.5989100002,868365.5989100002,5,-0.07799287697554369,0.00026483225534112975
2024-08-26,971788.5989100002,868365.5989100002,5,-0.07694233802572617,0.0011394043750676541
2024-08-27,969613.5989100002,868365.5989100002,5,-0.07900827131311595,-0.002238141096159829
2024-08-28,971100.5989100002,868365.5989100002,5,-0.07759583784261086,0.0015336006030357563
2024-08-29,972853.5989100002,868365.5989100002,5,-0.07593074310569393,0.0018051682822228798
2024-08-30,976504.5989100002,868365.5989100002,5,-0.07246282474603413,0.0037528771071932976
2024-09-02,974692.5989100002,868365.5989100002,5,-0.07418396089166644,-0.0018555980197354494
2024-09-03,976021.1949100002,868365.5989100002,4,-0.07292198815516393,0.001363092324170534
2024-09-04,975523.2496600002,885628.9019100002,3,-0.07339496363436973,-0.0005101787262374868
2024-09-05,975494.6096600002,935241.6096600002,3,-0.07342216746395634,-2.935860320085748e-05
2024-09-06,976038.1476600002,923755.1396600002,3,-0.07290588551123846,0.0005571922126659246
2024-09-09,975690.2756600003,924332.2756600003,3,-0.07323631325585951,-0.00035641229887783954
2024-09-10,974832.2756600003,924332.2756600003,3,-0.07405128831819535,-0.0008793774227375817
2024-09-11,974587.2756600003,924332.2756600003,3,-0.07428400264252201,-0.0002513252855053105
2024-09-12,974302.2756600003,924332.2756600003,3,-0.07455471114224894,-0.00029243148060498214
2024-09-13,974114.2756600003,924332.2756600003,3,-0.07473328376663023,-0.00019295859683032823
2024-09-18,973909.2756600003,924332.2756600003,3,-0.07492800391555662,-0.00021044758825761178
2024-09-19,974845.2756600003,924332.2756600003,3,-0.07403894021119026,0.0009610751467232781
2024-09-20,974550.9356600003,915078.0356600003,3,-0.07431852035087314,-0.0003019350940596244
2024-09-23,974518.7656600003,914917.7656600003,3,-0.07434907716643883,-3.301007553624391e-05
2024-09-24,976229.0346600004,888150.0346600004,5,-0.07272457065724756,0.001754988267303137
2024-09-25,977207.0156600003,862095.0156600003,6,-0.07179563111594432,0.0010017946253160215
2024-09-26,978213.0156600003,862095.0156600003,6,-0.07084007760462749,0.0010294645698185612
2024-09-27,981838.0156600003,862095.0156600003,6,-0.06739685545897785,0.003705736830289741
2024-09-30,997947.3400600003,862095.0156600003,6,-0.05209534303814084,0.01640731377585869
2024-10-08,1001450.9661400001,900580.6400600002,5,-0.04876740844262882,0.0035108326254862376
2024-10-09,995664.3195400003,918966.5811400003,5,-0.054263880090123354,-0.0057782625367110985
2024-10-10,996290.7337200003,926828.0555400002,5,-0.053668877834419954,0.0006291419384087948
2024-10-11,996168.8126400003,906480.8237200002,5,-0.05378468510688272,-0.0001223750014665015
2024-10-14,998326.7019000002,931136.5976400003,5,-0.05173500453091268,0.002166188333362129
2024-10-15,998839.4419000002,934243.2319000002,5,-0.051247976193544306,0.0005135994049083603
2024-10-16,997570.1887000003,919495.5039000002,5,-0.05245358191124814,-0.0012707279536193772
2024-10-17,997353.7827000003,912215.9927000003,5,-0.05265913609928988,-0.00021693310651349496
2024-10-18,999952.5185800003,901055.8487000003,5,-0.05019071542819745,0.0026056309456858884
2024-10-21,1002251.8581800003,904239.5185800003,5,-0.04800667762651761,0.0022994487810934494
2024-10-22,1001775.1809800003,907358.4581800003,5,-0.0484594515551704,-0.00047560620228292994
2024-10-23,1004718.3849800003,913779.1809800003,5,-0.04566383632980084,0.0029379885386267013
2024-10-24,1006258.6505800004,917714.2849800003,5,-0.04420080829556568,0.0015330321640631972
2024-10-25,1008694.2505800003,928519.8105800004,5,-0.04188734295544315,0.002420451241433863
2024-10-28,1011196.9835800005,928519.8105800004,5,-0.03951011104089182,0.0024811611631185837
2024-10-29,1008409.2435800002,934456.4035800004,5,-0.042158058104150874,-0.0027568713566872294
2024-10-30,1009064.1497800004,926287.2475800004,5,-0.041535992578312544,0.0006494448599807523
2024-10-31,1010523.2997800005,932857.1397800004,5,-0.04015001255242986,0.001446042851010132
2024-11-01,1007225.8029800004,932857.1397800004,5,-0.04328215434745581,-0.003263157614196488
2024-11-04,1007551.2742200005,927287.9589800005,5,-0.042973004062948114,0.000323136320611761
2024-11-05,1010718.2042200004,947015.7842200005,5,-0.039964881715438605,0.003143194873582722
2024-11-06,1010549.0542200004,947015.7842200005,5,-0.04012554958466253,-0.00016735624162478313
2024-11-07,1012810.7742200006,947015.7842200005,5,-0.03797724492500476,0.0022381100556725375
2024-11-08,1012620.5219800004,940203.9842200004,5,-0.03815795684942629,-0.0001878457899963104
2024-11-11,1015725.9719800004,942670.1519800004,5,-0.03520823154950699,0.003066746063893566
2024-11-12,1014589.9419800005,947739.9819800004,5,-0.03628729462650617,-0.0011184414215434924
2024-11-13,1014625.5803000003,931968.2309800003,5,-0.03625344341198009,3.512583608933362e-05
2024-11-14,1011180.4366400003,921200.9513000003,5,-0.0395258282244094,-0.0033954827543193344
2024-11-15,1009528.1511400003,937390.8266400003,5,-0.041095258851867544,-0.0016340164822514769
2024-11-18,1005385.5211400003,942188.9511400004,4,-0.04503015412282825,-0.004103530937024424
2024-11-19,1006728.1211400003,959115.0211400003,4,-0.04375487962551815,0.001335408131278415
2024-11-20,1007757.9967200003,948251.1731400003,5,-0.04277664778984374,0.001022992760780106
2024-11-21,1006694.9978000005,902335.2427200004,5,-0.04378634197526304,-0.0010548156635418193
2024-11-22,1003193.0038000005,882093.0038000005,5,-0.047112726332430487,-0.003478704083812012
2024-11-25,1007630.0038000005,882093.0038000005,5,-0.04289822242615533,0.0044228777345864945
2024-11-26,1004924.0038000005,882093.0038000005,5,-0.04546852839198372,-0.002685509551913934
2024-11-27,1008377.0038000005,882093.0038000005,5,-0.04218868120055525,0.003436080725450763
2024-11-28,1008468.0038000005,882093.0038000005,5,-0.04210224445151964,9.024402545576571e-05
2024-11-29,1011870.6662000006,882093.0038000005,5,-0.03887021065018186,0.003374090588078582
2024-12-02,1012691.4027000006,878428.7692000006,5,-0.03809063048672173,0.0008111081064166026
2024-12-03,1015218.9231000005,898891.6777000006,5,-0.03568985415158767,0.0024958446307148385
2024-12-04,1012827.5819750006,898469.7131000005,5,-0.03796128000521593,-0.002355493057298319
2024-12-05,1014426.9699750005,908674.9699750005,5,-0.03644209430008876,0.0015791315604587464
2024-12-06,1014792.4787250005,897676.9879750005,5,-0.03609491421114287,0.00036031056036400777
2024-12-09,1012188.2787250006,920518.4787250005,5,-0.038568525000577523,-0.0025662389647111983
2024-12-10,1012586.1279250005,908147.1247250005,5,-0.03819062619338614,0.00039305849352566646
2024-12-11,1013372.1279250005,923310.1279250005,5,-0.037444040646770795,0.0007762302665657028
2024-12-12,1015268.1299250005,923310.1279250005,5,-0.035643114833089164,0.00187098297629551
2024-12-13,1011209.0964250006,931183.3299250006,4,-0.03949860560195355,-0.003997991644138166
2024-12-16,1010304.0964250006,953858.1964250006,4,-0.0403582238203847,-0.0008949682149809179
2024-12-17,1009067.8964250005,953858.1964250006,4,-0.04153243381113017,-0.0012235919901487646
2024-12-18,1008957.1689250006,953858.1964250006,3,-0.04163760881254593,-0.0001097324574413916
2024-12-19,1008577.6689250006,974002.7689250006,3,-0.041998078551656014,-0.00037613093170674183
2024-12-20,1008600.9709250006,961997.7809250006,3,-0.04197594504477656,2.310382305492631e-05
2024-12-23,1006583.0909250005,965512.1909250006,3,-0.043892637211194185,-0.0020006722759244866
2024-12-24,1007507.5791250005,934176.9019250006,5,-0.04301450804053713,0.0009184420127208437
2024-12-25,1005201.1501250006,911194.7501250006,5,-0.04520527973989386,-0.00228924233205563
2024-12-26,1008482.9791250005,902541.1101250006,5,-0.042088020073401476,0.003264848035233303
2024-12-27,1010904.8386250006,884362.0411250006,5,-0.03978760620745609,0.00240148772971982
2024-12-30,1008544.8351250006,883308.7846250006,5,-0.04202926588056247,-0.002334545656354714
2024-12-31,1005016.4551250006,902272.4551250006,5,-0.04538071309553275,-0.003498486013824742
2025-01-02,1003327.4551250006,902272.4551250006,5,-0.04698501715180923,-0.001680569498526241
2025-01-03,997555.4551250006,902272.4551250006,5,-0.05246757666206846,-0.005752857624414243
2025-01-06,996786.4551250006,902272.4551250006,5,-0.05319801468413868,-0.0007708844616599597
2025-01-07,1000595.4551250006,902272.4551250006,5,-0.049580019331647796,0.0038212798542915927
2025-01-08,1001363.4551250006,902272.4551250006,5,-0.048850531163962575,0.00076754296260928
2025-01-09,1003430.4551250006,902272.4551250006,5,-0.04688718215015353,0.0020641855755980654
2025-01-10,999558.0471250005,902272.4551250006,3,-0.050565405869488975,-0.003859169292920961
2025-01-13,998556.0471250005,936897.0471250005,3,-0.051517159963265786,-0.0010024430325802358
2025-01-14,1001379.5511250005,936897.0471250005,2,-0.0488352423077816,0.002827586902236723
2025-01-15,1001133.7591250004,943291.7411250004,2,-0.0490687089167812,-0.00024545338450732146
2025-01-16,1001154.7591250004,975211.7591250004,2,-0.04904876197469606,2.097621802144012e-05
2025-01-17,1001204.8751250005,967314.8751250005,3,-0.04900115907233703,5.005819484282803e-05
2025-01-20,1002005.1949250005,967314.8751250005,3,-0.04824097180089921,0.000799356675026397
2025-01-21,1003032.8445250005,973138.2949250005,3,-0.047264854322088726,0.0010255930859488505
2025-01-22,1002577.9445250005,975703.3445250005,3,-0.04769694308182834,-0.0004535245306104274
2025-01-23,1002597.8445250005,975703.3445250005,3,-0.04767804097956668,1.984883081540545e-05
2025-01-24,1003425.9605250005,975703.3445250005,3,-0.04689145136567247,0.0008259702576882688
2025-01-27,1001870.9405250006,980036.6505250005,3,-0.04836849393144564,-0.001549710752137945
2025-02-05,1002021.7105250005,980036.6505250005,3,-0.04822528438581826,0.00015048844506937442
2025-02-06,1002861.8505250005,980036.6505250005,3,-0.04742727372279864,0.0008384449071066058
2025-02-07,1003002.5249250005,971607.2345250006,3,-0.047293653527100424,0.00014027295975660437
2025-02-10,1003389.2889250005,971157.4609250005,3,-0.04692628404573768,0.00038560620774985566
2025-02-11,1003003.4089250005,967429.4089250005,3,-0.047292813855824116,-0.0003845765589279848
2025-02-12,1004650.5219250004,940905.9219250004,5,-0.04572829635017251,0.0016421808593505283
2025-02-13,1003500.2419250003,912587.6419250004,5,-0.04682089485215816,-0.0011449553599952589
2025-02-14,1001379.4449650004,894967.0439250004,6,-0.04883534314432319,-0.002113399550289774
2025-02-17,1004182.9249650004,899193.0449650004,6,-0.04617244537304436,0.0027996180809342075
2025-02-18,1001311.9034650003,899193.0449650004,6,-0.048899497734268174,-0.0028590622571083024
2025-02-19,1003303.3034650004,905715.7034650004,6,-0.04700795771196562,0.0019887908983293734
2025-02-20,1004747.3834650004,905715.7034650004,6,-0.04563629199166493,0.00143932547118375
2025-02-21,1006401.3854650003,905715.7034650004,6,-0.044065230939155056,0.0016461869194381862
2025-02-24,1005082.9954650004,912800.4954650004,6,-0.045317509461804066,-0.0013100041584210853
2025-02-25,1004304.5220650004,887560.2904650004,6,-0.046056945834405234,-0.000774536434814399
2025-02-26,1005971.4180650003,881701.0180650003,6,-0.044473637359455,0.0016597515627756465
2025-02-27,1005691.1780650003,881701.0180650003,6,-0.044739824552309286,-0.0002785765032360388
2025-02-28,1002696.6097750003,881701.0180650003,3,-0.04758422837376817,-0.0029776221123484214
2025-03-03,1002517.3097750003,941802.4097750003,3,-0.04775453726499982,-0.00017881779817741084
2025-03-04,1002229.2347750004,919595.2347750004,5,-0.04802816656696061,-0.00028735164689042136
2025-03-05,1002734.5147750004,895941.6147750004,6,-0.04754822414330435,0.0005041561176504228
2025-03-06,1006882.1607750003,885372.0607750004,6,-0.043608564402748504,0.004136335130471291
2025-03-07,1003784.7607750003,885372.0607750004,6,-0.046550643374868576,-0.003076228898142297
2025-03-10,1002894.3017750003,856309.0367750004,6,-0.04739644976068737,-0.0008871015329148246
2025-03-11,1004528.2485550003,889081.6307750003,6,-0.045844438246836636,0.0016292312929768737
2025-03-12,1003873.4785550004,893224.4285550003,6,-0.04646637440250744,-0.0006518184042527686
2025-03-13,999725.9385550003,893224.4285550003,6,-0.050405933458498565,-0.0041315365816517735
2025-03-14,1002187.4685550004,893224.4285550003,6,-0.04806783839417276,0.002462204795404155
2025-03-17,1002076.5685550004,893224.4285550003,6,-0.04817317724547004,-0.0001106579392375906
2025-03-18,1004234.9095550004,893224.4285550003,6,-0.04612306758228007,0.0021538683447237528
2025-03-19,1005041.0136350003,898987.3695550003,6,-0.045357386087120234,0.00080270469820376
2025-03-20,1006404.1129850004,867127.0446350003,6,-0.04406264019232279,0.0013562624126850498
2025-03-21,1003408.8759750003,882267.9779850002,5,-0.04690767920040598,-0.00297617723472543
2025-03-24,1000037.7701750002,893825.8669750002,5,-0.050109738826857944,-0.0033596531590618373
2025-03-25,999091.3381750002,880618.3381750002,5,-0.05100871141216873,-0.0009463962544479232
2025-03-26,999345.2241750001,865330.0701750001,5,-0.050767556681776946,0.0002541169063317028
2025-03-27,999063.6811750002,863656.6811750002,5,-0.051034981534894865,-0.0002817274683354354
2025-03-28,998199.6811750002,863656.6811750002,5,-0.051855655723540735,-0.000864809737637362
2025-03-31,999424.6811750002,863656.6811750002,5,-0.05069208410190741,0.0012272093681275908
2025-04-01,999521.6811750002,863656.6811750002,5,-0.050599948226561754,9.705583805064144e-05
2025-04-02,998041.5721750001,851183.2251750001,5,-0.05200583625049983,-0.00148081730279237
2025-04-03,996264.2631750001,852783.1971750001,5,-0.05369402099766188,-0.001780796561536735
2025-04-07,978760.2831750001,858348.9171750001,3,-0.0703202531557331,-0.017569615459472998
2025-04-08,980320.2831750001,912730.2831750001,3,-0.0688384803151225,0.0015938529860850537
2025-04-09,983101.2831750001,912730.2831750001,3,-0.06619693527041862,0.002836827971153477
2025-04-10,984760.2831750001,912730.2831750001,3,-0.06462112684569234,0.001687516869718797
2025-04-11,986139.2831750001,912730.2831750001,3,-0.06331127764876797,0.0014003407972078552
2025-04-14,986747.2831750001,912730.2831750001,3,-0.06273376618268384,0.0006165457662759
2025-04-15,985859.9651750001,912730.2831750001,3,-0.06357658907587926,-0.0008992353109348317
2025-04-16,985092.8651750002,920668.3651750002,3,-0.06430522237461796,-0.0007781023949621213
2025-04-17,983914.7229750002,914066.7751750002,3,-0.06542428590944951,-0.0011959706964183026
2025-04-18,983822.0179750002,925385.0179750002,3,-0.06551234216021153,-9.422056387131672e-05
2025-04-21,985441.8759750002,916544.1909750002,3,-0.06397371293582318,0.0016464949659635852
2025-04-22,985429.8319750003,915635.9169750003,3,-0.0639851529820361,-1.2221928348599143e-05
2025-04-23,985473.0869750003,921079.0869750003,3,-0.06394406703061262,4.3894550983303304e-05
2025-04-24,985097.0869750003,921079.0869750003,3,-0.06430121227937517,-0.00038154263669865074
2025-04-25,985877.0869750003,921079.0869750003,3,-0.06356032585906987,0.000791800128447484
2025-04-28,984576.0869750003,921079.0869750003,3,-0.06479608641396371,-0.0013196371202741641
2025-04-29,984701.9249750003,921079.0869750003,3,-0.06467655863786324,0.00012780931983291666
2025-04-30,984964.9249750003,925645.9249750003,3,-0.06442674693460645,0.000267085900138353
2025-05-06,986378.4579750004,925645.9249750003,3,-0.06308409641620459,0.0014351099863134653
2025-05-07,986268.0039750003,899373.9039750004,5,-0.06318901163244615,-0.00011197933116546821
2025-05-08,986410.3664750004,864578.8664750004,5,-0.06305378798756058,0.00014434464002310854
2025-05-09,984168.8664750004,864578.8664750004,5,-0.06518288659155332,-0.0022723808226084996
2025-05-12,984810.1904750003,856005.3064750003,5,-0.0645737221779433,0.0006516402030649626
2025-05-13,985734.5664750003,850388.4374750003,5,-0.06369569958094821,0.0009386336666095119
2025-05-14,986582.3134750003,870522.4134750003,5,-0.06289046337562189,0.0008600154938580573
2025-05-15,983804.6403350002,870522.4134750003,5,-0.06552884838776656,-0.0028154499650580034
2025-05-16,985244.0103350003,875648.7003350003,5,-0.06416165648161923,0.0014630648616478226
2025-05-19,983737.4097350003,875648.7003350003,5,-0.0655927076679831,-0.0015291649420814402
2025-05-20,983826.9570950003,877185.9097350003,5,-0.06550765071542135,9.102770629021428e-05
2025-05-21,983786.9414150004,877636.3170950003,5,-0.06554565978453833,-4.067349416625454e-05
2025-05-22,982570.6442950004,877763.8914150003,5,-0.06670096493744147,-0.001236342005364044
2025-05-23,979800.6374550003,877802.3642950003,3,-0.06933206808091433,-0.002819142680562714
2025-05-26,980168.5260550003,933589.8554550003,3,-0.06898262748101038,0.00037547291350570333
2025-05-27,979414.9900550003,922046.9900550003,3,-0.06969837695487081,-0.0007687820818250701
2025-05-28,980718.1140550004,908774.7360550003,3,-0.06846059890926316,0.0013305126154203872
2025-05-29,980447.5953050003,873873.5150550003,5,-0.06871755233017726,-0.0002758374155867882
2025-05-30,979584.9203050004,858725.9203050004,5,-0.06953696796176292,-0.0008798787453108137
2025-06-03,981683.9203050004,858725.9203050004,5,-0.06754322360763367,0.0021427442955599396
2025-06-04,983386.9203050004,858725.9203050004,5,-0.06592562158996709,0.0017347742636661945
2025-06-05,987757.5093050004,858725.9203050004,5,-0.06177419846325459,0.0044444245797417015
2025-06-06,986342.8293050005,864914.0093050004,5,-0.06311793846463594,-0.0014322138649144334
2025-06-09,988164.9833050004,869310.1893050005,5,-0.0613871574975784,0.001847384039161959
2025-06-10,985017.6533050004,875610.5533050004,5,-0.0643766626991418,-0.0031850248219416066
2025-06-11,987528.5533050004,875610.5533050004,5,-0.06199167332382821,0.002549091370672718
2025-06-12,986580.3433050005,875610.5533050004,5,-0.06289233475023547,-0.0009601848947319302
2025-06-13,987207.8491450005,875610.5533050004,5,-0.0622962955764941,0.0006360412958339445
2025-06-16,986588.7591450004,880582.6591450004,5,-0.06288434092770803,-0.0006271121127493506
2025-06-17,985479.9403950004,872523.6131450004,5,-0.06393755727957327,-0.0011238915300036956
2025-06-18,985068.9945250003,854885.7083950004,5,-0.06432789601619325,-0.0004170007456827385
2025-06-19,983478.8105250004,895590.9505250005,5,-0.0658383392615608,-0.0016142869269443194
2025-06-20,984540.2696050004,895590.9505250005,4,-0.06483010769991757,0.0010792902385292624
2025-06-23,989210.1322050004,902961.5986050004,5,-0.06039441823192834,0.004743191054920937
2025-06-24,990851.2579450004,893606.4742050004,5,-0.05883558775144178,0.0016590264156937096
2025-06-25,992222.6699450004,878313.5699450005,5,-0.057532946049590826,0.001384074540960123
2025-06-26,989491.6699450004,878313.5699450005,5,-0.060126998375044385,-0.002752406372806826
2025-06-27,990666.9699450005,878313.5699450005,5,-0.059010634516345854,0.0011877816010976705
2025-06-30,992966.2699450005,878313.5699450005,5,-0.056826634328899686,0.002320961604410421
2025-07-01,994088.3699450005,878313.5699450005,5,-0.05576080272348358,0.0011300484557870139
2025-07-02,992159.4699450005,878313.5699450005,5,-0.05759297684672321,-0.0019403707540676107
2025-07-03,992015.7024450005,838241.2924450005,6,-0.057729535037019636,-0.00014490362119701228
2025-07-04,991318.3896450006,818453.3174450005,6,-0.05839188065782096,-0.0007029251636655465
2025-07-07,992083.4226650005,827793.4896450005,6,-0.057665210689098995,0.000771732904373934
2025-07-08,994778.0826650006,830531.4826650006,6,-0.055105676071996554,0.0027161627121652376
2025-07-09,993560.8026650005,830531.4826650006,6,-0.05626191481777765,-0.0012236699030792053
2025-07-10,997099.8997450006,830531.4826650006,6,-0.052900287937374814,0.0035620337180244377
2025-07-11,1003454.5346950005,848224.1917450005,6,-0.046864310065000005,0.006373117630063874
2025-07-14,1007800.6259350005,887970.2346950005,6,-0.0427361562430464,0.004331129203896555
2025-07-15,1009463.3559350005,900988.5059350005,6,-0.04115680486146407,0.0016498600588359391
2025-07-16,1012960.3738750006,887389.9259350005,6,-0.037835147036707484,0.0034642346544229152
2025-07-17,1012445.9246850006,861517.4938750005,6,-0.038323798855692245,-0.000507867043240906
2025-07-18,1013207.8906850005,877291.0906850005,6,-0.03760004210936625,0.0007525992069521426
2025-07-21,1016287.9054850005,865430.2466850005,6,-0.03467447654570042,0.003039864600657305
2025-07-22,1014187.2554850006,895699.6854850005,6,-0.036669788159564856,-0.002066983173432013
2025-07-23,1016007.5505250006,885016.0174850005,6,-0.03494077293381474,0.0017948313096574076
2025-07-24,1015499.0531250007,880009.6135250006,6,-0.03542377141896918,-0.0005004858475088358
2025-07-25,1015130.1331250006,885868.0631250007,6,-0.035774191698685925,-0.00036328935892626646
2025-07-28,1016390.6005650007,885868.0631250007,6,-0.0345769311736436,0.0012416806465194163
2025-07-29,1014045.2283050007,859953.1305650007,6,-0.03680469329927787,-0.0023075501275752197
2025-07-30,1010116.4983050007,848661.4983050007,6,-0.040536414717285606,-0.0038743143701459593
2025-07-31,1009431.4983050007,848661.4983050007,6,-0.04118706497101526,-0.0006781396018671337
2025-08-01,1007969.4483050007,848661.4983050007,5,-0.042575799574614485,-0.0014483895167280991
2025-08-04,1009000.5183050006,858452.5183050006,6,-0.04159643321386558,0.0010229179086069795
2025-08-05,1010031.5103050006,842423.5103050006,6,-0.04061714094175868,0.001021795312585061
2025-08-06,1011841.5103050006,842423.5103050006,6,-0.038897904504896386,0.0017920232998012153
2025-08-07,1015557.1727050007,829749.8543050006,6,-0.03536856628105137,0.0036721782632540556
2025-08-08,1012056.8669050006,838874.9607050007,6,-0.03869334709404618,-0.003446685124262161
2025-08-11,1015415.0669050007,858128.2669050007,6,-0.03550354609831629,0.0033181929887693418
2025-08-12,1018270.8669050006,858128.2669050007,6,-0.03279095194561395,0.002812445957399934
2025-08-13,1018859.7669050007,858128.2669050007,6,-0.03223158269828342,0.000578333348365323
2025-08-14,1021890.4639050007,837226.1719050007,6,-0.02935286186320644,0.0029745967977579113
2025-08-15,1027218.8888050008,835029.1264050007,6,-0.02429163410676195,0.005214281851342761
2025-08-18,1032867.5255050008,812465.3088050007,6,-0.018926251767956603,0.0054989610895601615
2025-08-19,1033108.9921100008,814912.7205050008,6,-0.018696893654364683,0.0002337827446767804
2025-08-20,1032699.7171100009,816618.9171100009,6,-0.019085645307788248,-0.00039615858842156904
2025-08-21,1031584.0771100009,816618.9171100009,6,-0.020145340853877244,-0.001080314036612795
2025-08-22,1032219.4371100009,816618.9171100009,6,-0.01954184137181934,0.0006159071413547323
2025-08-25,1035311.1571100008,816618.9171100009,6,-0.016605157572606156,0.0029952158318740096
2025-08-26,1035515.7571100008,816618.9171100009,6,-0.01641081736543379,0.0001976217474282116
2025-08-27,1030558.9051100007,807340.6531100009,6,-0.021119104973463563,-0.00478684362450843
2025-08-28,1034401.9041100008,833012.8241100009,6,-0.017468815521736764,0.0037290435131311916
2025-08-29,1033340.7841100008,833012.8241100009,6,-0.018476725006755172,-0.0010258295115117555
2025-09-01,1038567.3471400008,818468.2991100008,6,-0.013512251194195303,0.005057927752751601
2025-09-02,1033534.5125800008,856444.9911400008,6,-0.01829271117002504,-0.004845939528004051
2025-09-03,1029078.4845800006,863175.3145800007,6,-0.02252528890553826,-0.0043114457676664
2025-09-04,1023965.1485800007,889144.6045800007,5,-0.027382213527151266,-0.004968849389642815
2025-09-05,1029413.6585800007,899828.6585800007,6,-0.02220692241189788,0.00532099164464328
2025-09-08,1029560.2585800007,888412.2585800007,6,-0.022067673759055908,0.0001424111665686567
2025-09-09,1026202.2585800007,888412.2585800007,6,-0.025257284783908727,-0.0032615866550943506
2025-09-10,1026716.6725800007,879254.1145800008,6,-0.02476866639029985,0.0005012793488798906
2025-09-11,1030775.5715800007,886319.5715800007,6,-0.020913303376850177,0.003953280499283673
2025-09-12,1033964.0273800007,886319.5715800007,6,-0.01788473465381983,0.0030932589866410343
2025-09-15,1030989.5273800007,894071.1273800007,6,-0.020710076522022544,-0.002876792539424411
2025-09-16,1031815.9273800007,894071.1273800007,6,-0.019925116858252906,0.0008015600333983741
2025-09-17,1032582.3273800006,894071.1273800007,6,-0.019197148457583784,0.0007427681427112365
2025-09-18,1036080.8632800007,894071.1273800007,5,-0.01587404879186496,0.003388142337160671
2025-09-19,1034949.6963400007,933737.0632800007,5,-0.016948492669998705,-0.0010917747640073472
2025-09-22,1036871.5663400007,941005.9563400007,5,-0.015122996023085698,0.0018569694805423698
2025-09-23,1032478.2195900007,899439.3373400007,5,-0.01929603569842858,-0.004237117587772121
2025-09-24,1035137.1087900008,911783.9695900007,6,-0.01677047813256128,0.0025752496755389043
2025-09-25,1034973.3504200006,866992.8877900006,6,-0.016926024738387505,-0.00015819969027253133
2025-09-26,1035864.2844200005,889053.2394200006,6,-0.016079767171735964,0.0008608279620323511
2025-09-29,1037913.6844200005,894864.0844200006,6,-0.014133135595103015,0.001978444503613286
2025-09-30,1041959.8417400006,894864.0844200006,6,-0.010289875322273562,0.0038983562705998676
2025-10-09,1045027.4977400006,893218.9337400006,6,-0.007376048818981194,0.0029441211427851943
2025-10-10,1043064.4045400006,873771.2077400006,6,-0.00924070150317822,-0.0018785086557486785
2025-10-13,1038773.9045400006,861617.9045400006,6,-0.013316051742049877,-0.0041133605761306535
2025-10-14,1034733.9045400006,861617.9045400006,6,-0.01715346345747733,-0.0038892005106626604
2025-10-15,1037845.1895400006,851752.0535400006,6,-0.014198195757221432,0.003006845514918366
2025-10-16,1035961.4715400006,856491.5515400006,6,-0.015987453559637658,-0.0018150279241886391
2025-10-17,1038700.1455400006,871496.4715400006,5,-0.013386112051633555,0.0026436060367465153
2025-10-20,1041719.2033400007,918646.1455400006,5,-0.010518446761714522,0.002906573001807411
2025-10-21,1042389.3471150007,909694.7193400007,6,-0.009881907758445762,0.0006433055787502528
2025-10-22,1043051.3279350006,948193.2891150006,6,-0.009253122373778424,0.0006350609988792222
2025-10-23,1041449.3462150007,953563.1079350007,6,-0.010774771735221081,-0.00153586087002211
2025-10-24,1042099.8642150006,940339.1942150007,6,-0.010156874360395302,0.000624627594576932
2025-10-27,1042341.6442150007,948448.2742150007,6,-0.009927218567188333,0.00023201231312142134
2025-10-28,1041974.8342150007,948448.2742150007,6,-0.010275634654152618,-0.0003519095701833841
2025-10-29,1043438.9482150007,948448.2742150007,6,-0.008884939551102833,0.0014051337440437184
2025-10-30,1039819.5932950006,948680.7982150007,6,-0.01232279969276082,-0.003468679146194087
2025-10-31,1040596.2582950006,937071.6742950006,6,-0.011585081036829481,0.0007469228364305192
2025-11-03,1040445.8902950006,921885.8902950006,6,-0.011727908740994199,-0.0001445017688670447
2025-11-04,1038220.7902950007,905224.2502950006,6,-0.013841429733072797,-0.0021386023249791997
2025-11-05,1040929.1502950006,899765.1502950006,6,-0.011268882110895806,0.0026086551389810086
2025-11-06,1041174.3252950006,888922.3232950006,6,-0.011036001562051832,0.00023553476231352732
2025-11-07,1039930.7442950006,870526.9942950006,6,-0.012217222428012972,-0.0011944022915160168
2025-11-10,1042236.1892950005,874903.1892950005,6,-0.01002738538537103,0.0022169216677625503
2025-11-11,1042882.7372950005,864087.3892950005,6,-0.009413258932453702,0.0006203469104610893
2025-11-12,1042051.8877950005,881978.2022950004,6,-0.010202444973309415,-0.0007966854472585272
2025-11-13,1044070.0827950004,899449.0827950004,6,-0.008285453602760675,0.0019367509657033377
2025-11-14,1040616.0827950004,899449.0827950004,6,-0.011566250648574148,-0.0033082070417663756
2025-11-17,1037922.7227950004,899449.0827950004,5,-0.014124550454976037,-0.002588235992630361
2025-11-18,1035330.4300450004,908112.2877950004,5,-0.016586851090784883,-0.0024975777994524773
2025-11-19,1034707.7550450003,922520.7550450003,5,-0.017178301669969035,-0.0006014263484682703
2025-11-20,1032697.4700450004,911304.5550450004,5,-0.01908777969233234,-0.0019428529362017777
2025-11-21,1026580.4700450004,933514.4700450004,5,-0.02489803896541891,-0.005923322345055659
2025-11-24,1029400.2832950004,933514.4700450004,4,-0.02221962698500614,0.002746801962710599
2025-11-25,1033982.2832950004,953552.2832950004,4,-0.017867394192905003,0.004451135359447855
2025-11-26,1035516.3682950004,953552.2832950004,3,-0.01641023682868189,0.0014836666205839677
2025-11-27,1034127.3682950004,987216.3682950004,3,-0.017729584569456325,-0.0013413597723105353
2025-11-28,1036271.7120950004,987216.3682950004,3,-0.01569277020806416,0.0020735780385887637
2025-12-01,1035577.7290950004,957022.2290950004,6,-0.016351953003734338,-0.0006696921202229422
