date,equity,cash,positions,drawdown,returns
2020-04-03,1000000.0,1000000.0,0,0.0,
2020-04-07,1000000.0,1000000.0,0,0.0,0.0
2020-04-08,1000000.0,1000000.0,0,0.0,0.0
2020-04-09,1000000.0,1000000.0,0,0.0,0.0
2020-04-10,1000000.0,1000000.0,0,0.0,0.0
2020-04-13,1000000.0,1000000.0,0,0.0,0.0
2020-04-14,1000000.0,1000000.0,0,0.0,0.0
2020-04-15,1000000.0,1000000.0,0,0.0,0.0
2020-04-16,1000000.0,1000000.0,0,0.0,0.0
2020-04-17,1000000.0,1000000.0,0,0.0,0.0
2020-04-20,1000000.0,1000000.0,0,0.0,0.0
2020-04-21,1000000.0,1000000.0,0,0.0,0.0
2020-04-22,1000000.0,1000000.0,0,0.0,0.0
2020-04-23,1000000.0,1000000.0,0,0.0,0.0
2020-04-24,1000000.0,1000000.0,0,0.0,0.0
2020-04-27,1000000.0,1000000.0,0,0.0,0.0
2020-04-28,1000000.0,1000000.0,0,0.0,0.0
2020-04-29,1000000.0,1000000.0,0,0.0,0.0
2020-04-30,1000000.0,1000000.0,0,0.0,0.0
2020-05-06,1000000.0,1000000.0,0,0.0,0.0
2020-05-07,999459.2424999999,930507.2424999999,3,-0.0005407575000000652,-0.0005407575000000442
2020-05-08,1000477.2424999999,930507.2424999999,3,0.0,0.0010185507889781675
2020-05-11,1001493.2424999999,930507.2424999999,3,0.0,0.0010155153529141092
2020-05-12,1001222.2424999999,930507.2424999999,3,-0.0002705959346500533,-0.00027059593465006415
2020-05-13,1004044.2274999999,930507.2424999999,3,0.0,0.0028185400605500455
2020-05-14,1002863.7274999999,935998.7274999999,3,-0.0011757450196585092,-0.0011757450196585584
2020-05-15,1002591.7274999999,935998.7274999999,3,-0.0014466494206302283,-0.0002712232904046319
2020-05-18,1002211.7274999999,935998.7274999999,3,-0.0018251188043407183,-0.00037901768943127134
2020-05-19,1002437.2274999999,935998.7274999999,3,-0.0016005271042704144,0.0002250023561014558
2020-05-20,1002977.2274999999,935998.7274999999,3,-0.0010627021905765602,0.0005386870969932289
2020-05-21,1001124.2274999999,935998.7274999999,3,-0.002908238422196397,-0.0018474995734636401
2020-05-22,999511.2274999999,935998.7274999999,3,-0.004514741358841188,-0.0016111886574036172
2020-05-25,999142.7274999999,935998.7274999999,3,-0.004881757063834123,-0.000368680200743432
2020-05-26,1000996.2274999999,935998.7274999999,3,-0.0030357228461830883,0.0018550903179146427
2020-05-27,1000151.5804999999,916254.0075,3,-0.003876967660769702,-0.0008438063768826387
2020-05-28,1000557.5804999999,936620.0804999999,3,-0.003472603003436915,0.0004059384676440292
2020-05-29,1002446.0804999999,936620.0804999999,3,-0.0015917097636020195,0.0018874475960257708
2020-06-01,1003294.4933,936620.0804999999,3,-0.0007467143174227831,0.0008463425779239309
2020-06-02,1003566.4933,941149.5933,3,-0.00047580991645106396,0.0002711068403309369
2020-06-03,1003120.9933,941149.5933,3,-0.0009195154702484937,-0.0004439167738005123
2020-06-04,1003154.2032999999,941149.5933,3,-0.0008864392380563587,3.310667429134995e-05
2020-06-05,1003435.5933,941149.5933,3,-0.000606182659418727,0.0002805052294794219
2020-06-08,999567.6178,941149.5933,2,-0.004458578195450971,-0.003854732207853373
2020-06-09,999940.6178,958467.6178,2,-0.004087080616177253,0.00037316134832465764
2020-06-10,999256.1178,958467.6178,2,-0.004768823492887333,-0.000684540649529719
2020-06-11,999737.1178,958467.6178,2,-0.004289760930874844,0.00048135807370286443
2020-06-12,999375.1178,958467.6178,2,-0.004650302817462206,-0.00036209518837970744
2020-06-15,998063.4322,958467.6178,2,-0.005956705029709343,-0.00131250576148767
2020-06-16,999341.7822,964742.8322000001,2,-0.004683504143745406,0.0012808304149387606
2020-06-17,1001497.1322000001,964742.8322000001,2,-0.002536835759060038,0.0021567696241571177
2020-06-18,1001262.9269800001,964742.8322000001,2,-0.0027700976150473564,-0.0002338551079876794
2020-06-19,1001268.5806000001,974500.86698,2,-0.0027644667674759558,5.646488896893231e-06
2020-06-22,1002061.3712,977617.8006000001,2,-0.001974869478545823,0.000791786155443841
2020-06-23,1000572.3699000002,946596.7037000001,2,-0.003457873174217075,-0.0014859382297282009
2020-06-24,999734.29702,939961.0674,2,-0.004292570348948961,-0.0008375934667113061
2020-06-29,1001359.29702,943429.29702,2,-0.002674115747555418,0.0016254318820949631
2020-06-30,1002685.29702,943429.29702,2,-0.001353456792818287,0.0013242000188604663
2020-07-01,1001385.7757700001,899757.7757700001,3,-0.00264774365230824,-0.0012960409949783758
2020-07-02,1002860.7757700001,899757.7757700001,3,-0.001178684860274101,0.001472958809371816
2020-07-03,1004985.25777,899757.7757700001,3,0.0,0.0021184216706140457
2020-07-06,1007505.93577,894659.43577,4,0.0,0.002508174105551708
2020-07-07,1009826.50177,882708.50177,4,0.0,0.002303277745184129
2020-07-08,1012587.84677,882708.50177,4,0.0,0.002734474679719767
2020-07-09,1013628.8017699999,892012.34677,4,0.0,0.001028014510859876
2020-07-10,1012860.0517699999,904005.8017699999,4,-0.0007584137296193713,-0.0007584137296193783
2020-07-13,1020476.42863,904005.8017699999,4,0.0,0.007519673469883914
2020-07-14,1023029.75711,916846.6186299999,4,0.0,0.002502094520133058
2020-07-15,1021498.94036,904350.0796099999,4,-0.0014963560339871901,-0.001496356033987234
2020-07-16,1015711.8115599998,926226.6563599999,4,-0.0071532088867805295,-0.0056653302038284226
2020-07-17,1017636.8790599998,933559.3515599999,3,-0.005271477210237504,0.0018952890751986473
2020-07-20,1018314.37906,952801.5790599999,4,-0.004609228634092451,0.0006657581048221672
2020-07-21,1018514.6120599998,944389.1800599999,4,-0.004413503144576352,0.00019663181048734657
2020-07-22,1019183.0550599999,962581.7120599999,4,-0.003760107683345195,0.0006562920080726009
2020-07-23,1018302.4880199999,965239.8750599999,4,-0.004620851991005947,-0.0008639930144326291
2020-07-24,1013775.1932199999,970702.4280199999,4,-0.009046231378590312,-0.004445923341307889
2020-07-27,1013745.9565799999,975565.0732199999,4,-0.009074809863034996,-2.8839372077316128e-05
2020-07-28,1014984.3966999999,979211.0765799999,4,-0.007864248673203563,0.0012216474077766382
2020-07-29,1015919.6066999999,952407.5266999998,4,-0.0069500914910685324,0.0009214033270270594
2020-07-30,1016393.8043799998,967332.6066999998,4,-0.0064865686299745914,0.00046676693399017033
2020-07-31,1017024.6333399997,969065.2843799997,4,-0.005869940466799738,0.0006206540784501335
2020-08-03,1018379.4733399998,971475.9533399998,4,-0.0045455997126975034,0.0013321604566751688
2020-08-04,1017574.5733399998,971475.9533399998,4,-0.005332380345817912,-0.0007903733540113311
2020-08-05,1017580.1633399997,971475.9533399998,4,-0.005326916184134327,5.493454874327952e-06
2020-08-06,1017648.3100199997,971475.9533399998,4,-0.005260303576312912,6.696934792471687e-05
2020-08-07,1016643.2560199997,937202.5800199998,4,-0.0062427324773443186,-0.0009876241036358424
2020-08-10,1018092.5060199997,946530.8760199997,4,-0.004826107017598116,0.0014255246286427603
2020-08-11,1016502.2200199997,946530.8760199997,4,-0.006380593569868645,-0.001562025052337268
2020-08-12,1016966.7240199997,947147.6300199997,3,-0.00592654617117687,0.0004569630944739611
2020-08-13,1017113.9640199997,950149.6040199997,3,-0.005782620738923623,0.00014478349834101678
2020-08-14,1016742.9640199997,932366.8440199997,4,-0.006145269036709265,-0.00036475755237264096
2020-08-17,1019009.0740199997,932366.8440199997,4,-0.003930172179310301,0.0022287933924225456
2020-08-18,1021509.5640199997,938110.3240199997,4,-0.001485971526668749,0.0024538446847539586
2020-08-19,1021590.4324199996,910636.0240199997,4,-0.0014069235816428214,7.91655828278337e-05
2020-08-20,1018878.5804199997,920302.4324199996,3,-0.004057728195245441,-0.002654539347609175
2020-08-21,1019340.5329199996,918054.9329199996,4,-0.003606174858903704,0.00045339308223502073
2020-08-24,1021988.2909199996,918054.9329199996,4,-0.001018021404326005,0.0025975205679453772
2020-08-25,1020865.8409199996,925580.8409199996,4,-0.002115203565645349,-0.0010983002544867615
2020-08-26,1020606.0909199996,925580.8409199996,4,-0.002369106248528962,-0.00025444087713422103
2020-08-27,1020020.6754199996,925580.8409199996,3,-0.002941343268939559,-0.0005735959301127469
2020-08-28,1020691.0914199996,943806.2414199996,4,-0.0022860192225561426,0.0006572572656176057
2020-08-31,1022773.2914199997,943806.2414199996,4,-0.00025069230705940823,0.002039990372702638
2020-09-01,1024962.2414199996,943806.2414199996,4,0.0,0.002140210365643158
2020-09-02,1024643.5414199997,943806.2414199996,4,-0.00031093828350049383,-0.0003109382835004837
2020-09-03,1022888.1414199997,943806.2414199996,4,-0.0020235867392797654,-0.0017131811493852345
2020-09-04,1021676.2214199996,943806.2414199996,3,-0.0032059912718809154,-0.0011848020823836958
2020-09-07,1019284.9608999996,955537.7214199996,3,-0.00553901430762428,-0.0023405267440563815
2020-09-08,1020927.7121799996,962274.4708999996,3,-0.003936271090738483,0.0016116702816348916
2020-09-09,1020953.9921799996,967009.3321799996,3,-0.003910631121832292,2.5741293615988425e-05
2020-09-10,1019582.8073799995,967009.3321799996,3,-0.005248421671170367,-0.001343042693894736
2020-09-11,1021186.9273799995,970270.1873799996,3,-0.0036833688963699798,0.0015733101699919594
2020-09-14,1021735.1273799995,970270.1873799996,3,-0.003148519925504021,0.0005368263001628293
2020-09-15,1021367.3273799996,970270.1873799996,3,-0.0035073624127066457,-0.000359975878428509
2020-09-16,1020955.1273799995,970270.1873799996,3,-0.003909523568837628,-0.0004035766456886858
2020-09-17,1020058.4116299995,943011.1561299996,3,-0.004784400431381997,-0.000878310638687041
2020-09-18,1022821.0916299995,952828.9716299995,3,-0.002089003578350151,0.002708354706457694
2020-09-21,1023631.9874099995,970787.9716299995,3,-0.001297856600216993,0.0007928031467436814
2020-09-22,1022799.3874099995,972307.0274099995,3,-0.002110179207190767,-0.0008133782553109148
2020-09-23,1023818.3874099995,972307.0274099995,3,-0.00111599624237417,0.0009962853053524512
2020-09-24,1024171.6049099994,972307.0274099995,3,-0.0007713811085419635,0.0003450001527063318
2020-09-25,1024480.5749099995,979972.9049099995,3,-0.0004699358576690764,0.00030167795955171606
2020-09-28,1027423.4927099994,979972.9049099995,3,0.0,0.002872595022368696
2020-09-29,1026879.6727099995,987458.9827099994,3,-0.0005293046186490573,-0.0005293046186490846
2020-09-30,1027864.4373099995,987458.9827099994,2,0.0,0.000958987334320538
2020-10-09,1029062.4173099995,990600.3773099994,2,0.0,0.0011655038899245351
2020-10-12,1029555.0293099994,990600.3773099994,2,0.0,0.0004786998258936581
2020-10-13,1029808.6893099995,995260.0293099994,2,0.0,0.0002463782826354066
2020-10-14,1030511.3493099994,995260.0293099994,2,0.0,0.0006823209080424331
2020-10-15,1029456.5693099995,995260.0293099994,2,-0.0010235501052037533,-0.0010235501052037188
2020-10-16,1029083.6293099994,995260.0293099994,2,-0.001385448108801453,-0.000362268803870025
2020-10-19,1028192.4387499994,995260.0293099994,1,-0.002250252325268096,-0.0008660040200985097
2020-10-20,1029200.4387499994,1014152.4387499994,1,-0.0012720971592188064,0.0009803612261780614
2020-10-21,1029722.2267499994,1014152.4387499994,0,-0.0007657582427678301,0.0005069838491653655
2020-10-22,1029722.2267499994,1029722.2267499994,0,-0.0007657582427678301,0.0
2020-10-23,1029722.2267499994,1029722.2267499994,0,-0.0007657582427678301,0.0
2020-10-26,1029722.2267499994,1029722.2267499994,0,-0.0007657582427678301,0.0
2020-10-27,1029722.2267499994,1029722.2267499994,0,-0.0007657582427678301,0.0
2020-10-28,1029722.2267499994,1029722.2267499994,0,-0.0007657582427678301,0.0
2020-10-29,1029722.2267499994,1029722.2267499994,0,-0.0007657582427678301,0.0
2020-10-30,1029722.2267499994,1029722.2267499994,0,-0.0007657582427678301,0.0
2020-11-02,1029722.2267499994,1029722.2267499994,0,-0.0007657582427678301,0.0
2020-11-03,1029568.6192499994,958509.6192499994,3,-0.0009148177364870337,-0.0001491737247285574
2020-11-04,1027648.6192499994,958509.6192499994,3,-0.002777970433723776,-0.0018648587030543062
2020-11-05,1028891.6192499994,958509.6192499994,3,-0.0015717731406689475,0.001209557407771511
2020-11-06,1026160.6192499994,958509.6192499994,3,-0.004221913774082251,-0.0026543126106817194
2020-11-09,1027348.6192499994,958509.6192499994,3,-0.003069088042667017,0.001157713497978774
2020-11-10,1027630.6192499994,958509.6192499994,3,-0.0027954374902603705,0.0002744929955771358
2020-11-11,1025632.4202499994,940611.7442499994,3,-0.004734473873836309,-0.0019444720335973775
2020-11-12,1025637.4202499994,955738.4202499994,3,-0.004729621913687255,4.875040902740935e-06
2020-11-13,1026146.4202499994,955738.4202499994,3,-0.004235692370513557,0.0004962767445400029
2020-11-16,1024730.2852499994,928196.0352499994,3,-0.0056098984876496874,-0.0013800515911316369
2020-11-17,1024276.2852499994,951144.2852499994,3,-0.006050456469183792,-0.0004430434100903824
2020-11-18,1023942.2872499994,932262.4272499994,3,-0.0063745654663565614,-0.0003260819417668648
2020-11-19,1023306.2872499994,948295.2872499994,3,-0.0069917347973162325,-0.0006211287568834711
2020-11-20,1025585.2872499994,948295.2872499994,3,-0.004780211361377412,0.0022270946913895973
2020-11-23,1026087.3877499993,948295.2872499994,3,-0.004292977038013448,0.0004895745933974904
2020-11-24,1028171.7354499993,937350.5387499993,3,-0.0022703426425789287,0.0020313549556150168
2020-11-25,1027229.2496099992,952089.3834499993,3,-0.0031849233899245615,-0.0009166618839094864
2020-11-26,1026652.2496099992,970574.2496099992,3,-0.003744839591125395,-0.0005617051891961822
2020-11-27,1025966.2496099992,970574.2496099992,3,-0.004410528523575606,-0.0006681912013153379
2020-11-30,1026105.2496099992,970574.2496099992,3,-0.004275644031431904,0.0001354820395436107
2020-12-01,1026682.8746099992,941437.8746099992,4,-0.003715121335212439,0.0005629295827300762
2020-12-02,1028469.8746099992,941437.8746099992,4,-0.0019810307779405336,0.0017405569374855379
2020-12-03,1026624.8746099992,941437.8746099992,4,-0.0037714040729414657,-0.001793927119838723
2020-12-04,1027832.8746099992,941437.8746099992,4,-0.0025991705009300154,0.0011766712748499941
2020-12-07,1027318.8746099992,941437.8746099992,4,-0.003097952004252768,-0.0005000812998854354
2020-12-08,1028544.8746099992,941437.8746099992,4,-0.0019082513757047233,0.00119339771739857
2020-12-09,1024160.8746099992,941437.8746099992,3,-0.006162450034395285,-0.004262332260089541
2020-12-10,1023222.8746099992,958897.8746099992,3,-0.007072677758357819,-0.0009158717377845127
2020-12-11,1022400.0598599992,932089.4058599992,3,-0.007871130633768606,-0.0008041403006296965
2020-12-14,1021854.0598599992,950720.0598599992,3,-0.008400964682045304,-0.0005340375274183184
2020-12-15,1021734.0598599992,950720.0598599992,3,-0.008517411725622601,-0.00011743359909577311
2020-12-16,1020641.1398599993,922701.0798599992,3,-0.009577972582843352,-0.0010696716914279092
2020-12-17,1022465.8548599993,920824.8548599993,4,-0.007807283690167164,0.0017878125118984123
2020-12-18,1022859.8548599993,920824.8548599993,4,-0.007424949230421707,0.00038534294140712966
2020-12-21,1023588.8548599993,920824.8548599993,4,-0.006717533440689631,0.0007127076075341687
2020-12-22,1019302.2173599993,920824.8548599993,3,-0.010877252305377694,-0.004187850893107137
2020-12-23,1020944.2173599993,947714.2173599993,3,-0.009283868592428354,0.001610905943335128
2020-12-24,1021249.2468599993,947714.2173599993,3,-0.008987870396771232,0.0002987719552285384
2020-12-25,1022351.4218599993,928994.9218599993,4,-0.007918328561314466,0.00107924192197828
2020-12-28,1021933.9218599993,928994.9218599993,4,-0.008323467233760476,-0.0004083722984806748
2020-12-29,1018689.9218599993,928994.9218599993,4,-0.011471418978466721,-0.0031743735388445327
2020-12-30,1020683.6718599993,928994.9218599993,4,-0.009536699869031433,0.0019571706337877526
2020-12-31,1021149.6718599993,928994.9218599993,4,-0.009084497183139598,0.0004565567304029017
2021-01-04,1022028.9218599993,928994.9218599993,4,-0.00823127999092845,0.0008610393013186446
2021-01-05,1023799.9218599993,928994.9218599993,4,-0.006512715706133517,0.0017328276745602889
2021-01-06,1024305.9823599993,928994.9218599993,3,-0.006021638630331426,0.0004942962869938228
2021-01-07,1025729.9823599993,963017.2323599993,3,-0.004639800379880842,0.0013902095902234013
2021-01-08,1027901.7323599993,963017.2323599993,3,-0.00253235148913923,0.0021172726130158637
2021-01-11,1027588.0533599993,946279.5163599993,3,-0.0028367430906582566,-0.00030516438500383103
2021-01-12,1029648.5533599993,967708.0533599993,3,-0.0008372503132330966,0.002005180960660935
2021-01-13,1029327.2713599993,967708.0533599993,3,-0.0011490198053547773,-0.00031203073995644814
2021-01-14,1027589.7713599993,972334.7713599993,3,-0.002835075957151048,-0.001687995692278066
2021-01-15,1029830.7713599993,972334.7713599993,3,-0.0006604274183450379,0.002180831361365154
2021-01-18,1031320.7713599993,972334.7713599993,3,0.0,0.001446839656997545
2021-01-19,1030271.6281599994,972334.7713599993,3,-0.00101728116909391,-0.001017281169093942
2021-01-20,1031696.0781599993,976393.2281599994,3,0.0,0.001382596551303683
2021-01-21,1030935.0781599993,976393.2281599994,3,-0.0007376203284180569,-0.0007376203284180649
2021-01-22,1031529.0881599993,976393.2281599994,3,-0.00016185968284168785,0.0005761856518260444
2021-01-25,1033109.9781599994,979307.3781599994,3,0.0,0.0015325694817001079
2021-01-26,1033734.8316599994,960828.9231599994,3,0.0,0.0006048276690859833
2021-01-27,1033911.6616599994,984150.3316599994,3,0.0,0.00017105934189709515
2021-01-28,1032234.7080099995,964117.3216599994,3,-0.0016219506096947257,-0.0016219506096947223
2021-01-29,1031485.9332499995,988347.9680099995,3,-0.0023461660216746475,-0.0007253919619147897
2021-02-01,1032628.3032499995,989987.0532499995,3,-0.0012412650496072077,0.0011074993494100127
2021-02-02,1032460.2032499996,989987.0532499995,3,-0.0014038514737994673,-0.00016278848785267197
2021-02-03,1034390.6382499995,989987.0532499995,3,0.0,0.0018697427696712232
2021-02-04,1034464.8284499996,995613.2682499995,3,0.0,7.172358029605697e-05
2021-02-05,1033218.0612699996,966032.3659499995,3,-0.0012052291636324378,-0.0012052291636324153
2021-02-08,1034217.9672699997,944684.7112699996,3,-0.0002386366101685425,0.0009677589247434337
2021-02-09,1034446.8872699997,965325.3272699997,3,-1.7343441271687477e-05,0.00022134599015366518
2021-02-10,1035021.4072699996,965325.3272699997,3,0.0,0.0005553885917874979
2021-02-18,1037462.0472699996,965325.3272699997,3,0.0,0.0023580575076582733
2021-02-19,1038610.7672699996,965325.3272699997,3,0.0,0.0011072405039034283
2021-02-22,1037904.1933499996,944499.3272699997,3,-0.0006803067542398323,-0.0006803067542398011
2021-02-23,1036219.1933499996,960010.1933499996,3,-0.0023026662108330295,-0.0016234639100565218
2021-02-24,1036319.1933499996,960010.1933499996,3,-0.002206383750501089,9.65046783940604e-05
2021-02-25,1040608.7383499997,960010.1933499996,3,0.0,0.00413921215348112
2021-02-26,1038936.9883499997,974199.2383499997,3,-0.0016065115911391872,-0.0016065115911392258
2021-03-01,1040728.7383499997,974199.2383499997,3,0.0,0.0017245992972543256
2021-03-02,1039871.7233499996,974199.2383499997,2,-0.0008234758668803068,-0.0008234758668802522
2021-03-03,1040693.0408499996,968495.0408499996,3,-3.43004845399053e-05,0.0007898257848131252
2021-03-04,1038157.2908499996,968495.0408499996,3,-0.002470814348873323,-0.002436597440806265
2021-03-05,1037656.7159899996,968495.0408499996,3,-0.0029517992987015337,-0.0004821763179934102
2021-03-08,1034700.4959899996,975852.7159899996,2,-0.005792328142641066,-0.0028489383381280486
2021-03-09,1034097.0959899996,998122.4959899996,2,-0.006372114188481089,-0.0005831639226409058
2021-03-10,1033966.2959899997,998122.4959899996,2,-0.00649779535320736,-0.00012648715532337373
2021-03-11,1033787.4959899996,998122.4959899996,2,-0.006669598046273683,-0.00017292633298926496
2021-03-12,1033837.3299899995,976094.9959899996,2,-0.006621714291205169,4.820526480853182e-05
2021-03-15,1034625.6499899996,995045.0099899996,2,-0.005864245057435484,0.000762518412841251
2021-03-16,1035737.6499899996,995045.0099899996,2,-0.0047957629842268635,0.0010747848751002653
2021-03-17,1036144.6099899996,995045.0099899996,2,-0.004404729293118103,0.0003929180328665627
2021-03-18,1037022.6399899996,995045.0099899996,2,-0.0035610608446114533,0.0008474010206052096
2021-03-19,1036827.8199899996,1001132.7999899996,2,-0.003748256597761137,-0.00018786475095844413
2021-03-22,1037318.5799899996,1001132.7999899996,2,-0.003276702405092187,0.000473328348775226
2021-03-23,1037703.4199899996,1001132.7999899996,2,-0.0029069230516267455,0.0003709949936534507
2021-03-24,1036024.0294899995,1001132.7999899996,2,-0.004520590896201354,-0.0016183723284021179
2021-03-25,1036274.4494899996,1006537.2094899996,2,-0.00427997103939115,0.0002417125403195719
2021-03-26,1036198.4920899996,965609.9384899996,3,-0.0043529558597396115,-7.329853595960945e-05
2021-03-29,1036306.9920899996,982095.0920899996,3,-0.00424870198838787,0.00010470966791431557
2021-03-30,1035935.2420899996,982095.0920899996,3,-0.004605903616728972,-0.00035872574713624594
2021-03-31,1035971.7420899996,982095.0920899996,3,-0.004570832037887143,3.5233862617056744e-05
2021-04-01,1035633.0920899996,982095.0920899996,3,-0.004896229028977182,-0.00032689115565720517
2021-04-02,1035672.8062899996,982095.0920899996,3,-0.0048580690372938455,3.8347751055267665e-05
2021-04-06,1036872.5762899996,985940.2762899996,3,-0.003705251827785278,0.0011584450153692138
2021-04-07,1037775.5011299996,985940.2762899996,3,-0.002837662794516614,0.000870815624452792
2021-04-08,1037516.5011299996,988412.8911299997,3,-0.0030865268745175426,-0.00024957228198008163
2021-04-09,1037797.8011299997,988412.8911299997,3,-0.002816235501141972,0.00027112821790664654
2021-04-12,1036383.2811299997,988412.8911299997,3,-0.004175398506713086,-0.0013630015388930161
2021-04-13,1035672.9906099996,988412.8911299997,3,-0.004857891930625019,-0.0006853550543826081
2021-04-14,1035522.0275499996,990483.9906099996,3,-0.005002947077501545,-0.00014576324898751825
2021-04-15,1036779.1554699996,991922.6275499996,3,-0.003795016640226329,0.0012140040352153214
2021-04-16,1037949.2576699996,992926.6454699996,3,-0.0026707061865195564,0.0011285934847615753
2021-04-19,1038737.5409499997,999532.2876699996,3,-0.0019132722357190273,0.0007594622513336091
2021-04-20,1038170.3909499997,1000029.6409499997,3,-0.002458226919010659,-0.0005459993286478504
2021-04-21,1037680.8129499997,1000029.6409499997,3,-0.0029286453690442094,-0.0004715776950178219
2021-04-22,1037504.9079299998,981110.7349499997,3,-0.003097666376649738,-0.000169517464141844
2021-04-23,1036487.8847699998,945107.7279299997,3,-0.0040748885119896334,-0.0009802586495991639
2021-04-26,1036287.7847699997,969220.9647699997,3,-0.00426715763325685,-0.0001930558021374651
2021-04-27,1034870.2047699997,969220.9647699997,3,-0.005629260886259577,-0.0013679404706238296
2021-04-28,1034934.6247699998,969220.9647699997,3,-0.005567361951766641,6.224935233722917e-05
2021-04-29,1035248.8647699998,969220.9647699997,3,-0.00526541967956784,0.0003036327053700383
2021-04-30,1034316.3338099997,952759.5247699998,3,-0.006161456202474341,-0.0009007795050393064
2021-05-06,1033937.3338099997,966063.3338099997,3,-0.006525624103325122,-0.00036642561623667635
2021-05-07,1032968.6848099998,922837.3688099998,3,-0.007456365193011661,-0.0009368546509782583
2021-05-10,1033014.6848099998,955068.6848099998,3,-0.007412165395019218,4.453184368169438e-05
2021-05-11,1033853.6848099998,955068.6848099998,3,-0.006605999514244008,0.0008121859372738349
2021-05-12,1033684.6848099998,955068.6848099998,3,-0.0067683857286075485,-0.00016346607115014233
2021-05-13,1032472.6848099998,955068.6848099998,3,-0.007932954319191046,-0.0011725045536712386
2021-05-14,1032578.6848099998,955068.6848099998,3,-0.007831102610773678,0.00010266615432974469
2021-05-17,1032863.6848099998,955068.6848099998,3,-0.00755725603625528,0.00027600802165728133
2021-05-18,1032899.4853099998,927876.7373099998,3,-0.007522856582602476,3.466139871743934e-05
2021-05-19,1031225.4853099998,945961.4853099998,3,-0.0091313448834579,-0.0016206804474276915
2021-05-20,1030284.4853099998,945961.4853099998,3,-0.010035519011955483,-0.0009125065404266275
2021-05-21,1030545.4853099998,945961.4853099998,3,-0.009784733201607056,0.0002533280892038636
2021-05-24,1029676.4853099998,945961.4853099998,3,-0.01061972503759473,-0.0008432427412348176
2021-05-25,1030297.4853099998,945961.4853099998,3,-0.010023027764696749,0.0006031020508476814
2021-05-26,1029819.8053099997,918495.1953099997,3,-0.010482013840893105,-0.0004636330834645319
2021-05-27,1030947.8053099997,933654.8053099997,3,-0.009398157924904504,0.001095337256269202
2021-05-28,1030270.8053099997,933654.8053099997,3,-0.010048663647532416,-0.0006566772794054376
2021-05-31,1030254.8053099997,933654.8053099997,3,-0.010064037490312396,-1.552989749642464e-05
2021-06-01,1033230.8053099997,933654.8053099997,3,-0.007204502733236086,0.002888605794082677
2021-06-02,1033705.8053099997,933654.8053099997,3,-0.006748091775705426,0.00045972303338115417
2021-06-03,1034459.7038099997,917863.0343099998,3,-0.006023696962513986,0.0007293163065615893
2021-06-04,1035571.3318099998,961023.7038099997,3,-0.004955572331149975,0.0010745976821580072
2021-06-07,1038358.4908099998,968689.3318099998,3,-0.0022774883143495696,0.002691421550969908
2021-06-08,1039271.4908099998,973095.9908099998,3,-0.0014002184107169517,0.0008792724363315685
2021-06-09,1043688.6493099998,973095.9908099998,3,0.0,0.004250245040934741
2021-06-10,1042924.3993099998,987353.1493099998,3,-0.0007322586103674296,-0.0007322586103674089
2021-06-11,1041866.8395499998,987353.1493099998,3,-0.001745549078457837,-0.001014033002487702
2021-06-15,1041237.0895499998,991135.4395499998,3,-0.0023489378385218064,-0.0006044438464631874
2021-06-16,1040005.8295499998,991135.4395499998,3,-0.003528657480786783,-0.0011824972548107882
2021-06-17,1039710.9095499997,991135.4395499998,3,-0.003811232174106499,-0.00028357533354173015
2021-06-18,1039194.6599499998,991135.4395499998,3,-0.004305871643780987,-0.0004965318679048814
2021-06-21,1038368.8869499997,997482.5099499997,2,-0.00509707791065567,-0.000794627832325201
2021-06-22,1038131.2471999996,973359.6021999996,3,-0.005324770096593686,-0.00022885869654487578
2021-06-23,1038785.9071999996,987897.9571999996,3,-0.004697514065369505,0.0006306139052896231
2021-06-24,1036821.0071999996,987897.9571999996,3,-0.006580163647981078,-0.0018915350953270238
2021-06-25,1036685.8571999996,987897.9571999996,3,-0.006709656289382681,-0.0001303503681556739
2021-06-28,1037265.8871999996,987897.9571999996,3,-0.006153906257624172,0.0005595041120427524
2021-06-29,1037530.2771999995,987897.9571999996,3,-0.005900583583113253,0.0002548912513777868
2021-06-30,1037748.5614399996,955443.4396999996,3,-0.005691436688448471,0.00021038830846387135
2021-07-01,1033506.5789399996,903622.2764399996,4,-0.009755850441347374,-0.004087678516377591
2021-07-02,1034262.5789399996,923886.5789399996,4,-0.009031496487225323,0.0007314902637343135
2021-07-05,1036792.5789399996,923886.5789399996,4,-0.006607401905308939,0.002446187314050219
2021-07-06,1037186.5789399996,923886.5789399996,4,-0.006229894685832632,0.000380018152138728
2021-07-07,1037294.5789399996,923886.5789399996,4,-0.006126415549529482,0.00010412784179147927
2021-07-08,1037274.5789399996,923886.5789399996,4,-0.006145578352548584,-1.9280925983911068e-05
2021-07-09,1039928.3259399995,923886.5789399996,4,-0.0036029168013719842,0.0025583843023626596
2021-07-12,1039789.8259399995,929496.8259399995,4,-0.003735619212279265,-0.00013318225549319163
2021-07-13,1039874.8259399995,929496.8259399995,4,-0.003654177299448082,8.174728957666133e-05
2021-07-14,1037456.3259399995,929496.8259399995,4,-0.005971439254532973,-0.0023257606970279454
2021-07-15,1038012.3259399995,929496.8259399995,4,-0.005438713330601942,0.0005359261745270238
2021-07-16,1038519.3259399995,929496.8259399995,4,-0.00495293627406771,0.0004884335063564116
2021-07-19,1037048.8259399995,929496.8259399995,4,-0.006361881366047174,-0.0014159582429233986
2021-07-20,1041576.4339399996,929496.8259399995,4,-0.002023798353461681,0.004365858083775542
2021-07-21,1044523.5805799995,939168.4339399996,4,0.0,0.002829505875868943
2021-07-22,1047297.0005799995,943641.1405799995,4,0.0,0.002655200946693803
2021-07-23,1045797.8180999996,934426.9405799996,3,-0.0014314778703364021,-0.0014314778703363729
2021-07-26,1045073.8180999996,974366.8180999996,3,-0.002122781292000977,-0.0006922944258148656
2021-07-27,1043214.0666999995,974366.8180999996,3,-0.0038985444222019846,-0.001779540705919902
2021-07-28,1039960.0001999995,982421.3666999995,2,-0.0070056539605639154,-0.0031192701516128407
2021-07-29,1041342.5001999995,1013625.0001999995,2,-0.005685589070437845,0.001329378052746355
2021-07-30,1041104.7059799996,1013625.0001999995,2,-0.005912644260959952,-0.00022835351476990784
2021-08-02,1042675.2959799996,1019465.3959799996,2,-0.004412983707048154,0.0015085802522827318
2021-08-03,1042381.3959799996,1019465.3959799996,2,-0.004693610883328865,-0.00028187106871446765
2021-08-04,1043381.0559799996,1019465.3959799996,2,-0.0037390965483824127,0.0009590155809142686
2021-08-05,1043484.2059799996,1019465.3959799996,2,-0.003640604907574792,9.886129272596023e-05
2021-08-06,1043632.5959799995,1019465.3959799996,2,-0.003498916351303058,0.00014220627312755418
2021-08-09,1043687.6199799996,1019465.3959799996,2,-0.0034463772912564626,5.2723535286292034e-05
2021-08-10,1045102.5699799996,1023280.7399799996,2,-0.0020953278762229567,0.0013557217436641622
2021-08-11,1046452.5784799996,1023280.7399799996,2,-0.0008062871368220484,0.001291747373681984
2021-08-12,1045915.8494199995,1025856.3184799996,1,-0.0013187769651160257,-0.0005129033756882118
2021-08-13,1045946.5994199995,1037951.5994199995,1,-0.0012894156664748854,2.940007077723017e-05
2021-08-16,1045690.0994199995,1037951.5994199995,1,-0.0015343318648961056,-0.0002452324049260213
2021-08-17,1045492.8494199995,1037951.5994199995,1,-0.0017226738537404944,-0.0001886314120306265
2021-08-18,1045414.0994199995,1037951.5994199995,1,-0.0017978674234312199,-7.532332721704726e-05
2021-08-19,1046128.8494199995,1037951.5994199995,1,-0.001115396262333492,0.0006837003637090167
2021-08-20,1046347.9566199995,1037951.5994199995,1,-0.0009061841669311119,0.00020944571036496384
2021-08-23,1046277.2766199994,1039963.9566199995,1,-0.0009736721860516748,-6.754923116436551e-05
2021-08-24,1046548.0266199994,1039963.9566199995,1,-0.000715149532162609,0.00025877461553469594
2021-08-25,1046676.7303699994,992979.6503699995,3,-0.0005922581747647466,0.00012297930599092233
2021-08-26,1048709.0203699996,992979.6503699995,3,0.0,0.0019416596748851322
2021-08-27,1051588.0963699995,992979.6503699995,3,0.0,0.0027453525659426603
2021-08-30,1052545.4318299997,998001.5763699994,3,0.0,0.0009103711456082131
2021-08-31,1051292.9318299994,1003867.0718299994,3,-0.0011899723870565698,-0.001189972387056537
2021-09-01,1048540.6899099995,1003867.0718299994,3,-0.0038048162092512838,-0.0026179591212595055
2021-09-02,1048972.1099099994,1005180.3899099994,3,-0.003394933664561654,0.00041144802881887266
2021-09-03,1046403.6499499994,985616.8509099995,3,-0.00583517033494877,-0.0024485493329469143
2021-09-06,1049328.2681499994,972232.8499499995,3,-0.003056555643785119,0.002794923546128425
2021-09-07,1049603.0681499995,980746.6681499995,3,-0.0027954742769482808,0.00026188182320163733
2021-09-08,1048361.5681499995,980746.6681499995,3,-0.003974995808709124,-0.0011828280972808747
2021-09-09,1048310.1070699994,980746.6681499995,3,-0.004023887836021014,-4.908714852147611e-05
2021-09-10,1047101.9670699994,985053.5670699994,3,-0.005171714773903867,-0.001152464325061886
2021-09-13,1044768.3470699993,949665.3870699994,3,-0.007388835222512705,-0.002228646371976617
2021-09-14,1045002.0670699993,975287.6070699993,3,-0.0071667830498158775,0.00022370509276581352
2021-09-15,1044418.4570699993,975287.6070699993,3,-0.007721257927907645,-0.000558477364199228
2021-09-16,1043087.3170699993,975287.6070699993,3,-0.008985944429549326,-0.0012745274568723985
2021-09-17,1042278.1892199994,936915.5353199993,3,-0.009754678800086803,-0.0007757048108616438
2021-09-22,1042421.1892199994,967484.1892199994,3,-0.009618817681245239,0.00013719945546109003
2021-09-23,1043456.1892199994,967484.1892199994,3,-0.008635487205713646,0.0009928808150709845
2021-09-24,1044594.7482199994,967484.1892199994,3,-0.007553767628041391,0.0010911421215020756
2021-09-27,1040389.6702199994,958203.0442199993,3,-0.01154891869025146,-0.004025559200987239
2021-09-28,1039542.6702199994,984088.6702199994,3,-0.012353634548005334,-0.0008141180408114401
2021-09-29,1036878.6702199994,984088.6702199994,3,-0.014884641685025785,-0.002562665368451178
2021-09-30,1038462.6702199994,984088.6702199994,3,-0.013379718522473084,0.0015276618619841642
2021-10-08,1038684.6702199994,984088.6702199994,3,-0.013168801261054713,0.0002137775447941248
2021-10-11,1038763.6702199994,984088.6702199994,3,-0.013093745118477907,7.605773173025021e-05
2021-10-12,1036936.6702199994,984088.6702199994,3,-0.014829537175285849,-0.0017588216187932604
2021-10-13,1038983.6702199994,984088.6702199994,3,-0.01288472801256781,0.001974083913500513
2021-10-14,1038897.6702199994,984088.6702199994,3,-0.012966434699423574,-8.277319698568597e-05
2021-10-15,1039447.6702199994,984088.6702199994,3,-0.012443891934648331,0.0005294072898283098
2021-10-18,1040053.6702199994,984088.6702199994,3,-0.011868144815641427,0.000583001932046967
2021-10-19,1040374.8782199995,942084.2302199994,3,-0.011562972240390556,0.00030883790827074264
2021-10-20,1039529.4419699996,926516.7869699995,3,-0.012366202414056315,-0.0008126265519274867
2021-10-21,1037860.4419699996,949285.4419699996,3,-0.013951882185710644,-0.0016055341317097183
2021-10-22,1037021.4419699996,949285.4419699996,3,-0.014748997421431423,-0.0008083938514965583
2021-10-25,1037985.4419699996,949285.4419699996,3,-0.013833122466443543,0.000929585407769995
2021-10-26,1037034.5684699996,925850.1844699996,3,-0.014736526225791734,-0.000916075950155304
2021-10-27,1034732.5684699996,943617.5684699996,3,-0.01692360521581466,-0.002219790998284954
2021-10-28,1033596.5684699996,943617.5684699996,3,-0.01800289354451407,-0.001097868216982656
2021-10-29,1036283.5684699996,943617.5684699996,3,-0.015450034619148475,0.002599660333603371
2021-11-01,1038066.5684699996,943617.5684699996,3,-0.013756045983522551,0.001720571525255954
2021-11-02,1037001.5684699996,943617.5684699996,3,-0.014767878791678249,-0.001025945765279479
2021-11-03,1036633.5684699996,943617.5684699996,3,-0.015117507405200592,-0.00035486928003680696
2021-11-04,1040827.5684699996,943617.5684699996,3,-0.011132881304350832,0.004045788335978795
2021-11-05,1040720.5684699996,943617.5684699996,3,-0.01123453962404347,-0.00010280281118735246
2021-11-08,1040648.5684699996,943617.5684699996,3,-0.011302945222341319,-6.918283560575222e-05
2021-11-09,1040500.5684699996,943617.5684699996,3,-0.011443556729953567,-0.0001422190011922675
2021-11-10,1039725.5684699996,943617.5684699996,3,-0.01217986698940959,-0.0007448338073852145
2021-11-11,1039742.5684699996,943617.5684699996,3,-0.012163715667589265,1.635046835013476e-05
2021-11-12,1040005.5684699996,943617.5684699996,3,-0.011913845218251286,0.0002529472274921396
2021-11-15,1039416.5684699996,943617.5684699996,3,-0.012473441015437863,-0.0005663431214762982
2021-11-16,1040503.2544699996,931336.3044699996,3,-0.011441004821105967,0.0010454768886352106
2021-11-17,1041273.4287199995,959571.8024699995,3,-0.010709279399372041,0.00074019398468117
2021-11-18,1041617.0767199994,972241.1167199995,3,-0.010382787079318506,0.00033002666784875956
2021-11-19,1043128.5887199994,1002413.0767199994,3,-0.008946733153007686,0.0014511206025535905
2021-11-22,1043195.8387199994,1005770.3387199994,3,-0.008882840424041985,6.446952056271549e-05
2021-11-23,1042838.3387199994,1005770.3387199994,3,-0.009222493221145893,-0.00034269691915056466
2021-11-24,1041359.5127999993,1005770.3387199994,3,-0.010627492829978874,-0.0014180778219328172
2021-11-25,1041261.7727999993,1008632.5527999994,3,-0.010720353429668197,-9.385807571604676e-05
2021-11-26,1040886.4127999994,1008632.5527999994,3,-0.011076974615460975,-0.0003604857201188194
2021-11-29,1042445.0727999994,1008632.5527999994,3,-0.00959612642319807,0.001497435244454115
2021-11-30,1044415.4027999993,1008632.5527999994,3,-0.0077241597218897385,0.0018901043819101737
2021-12-01,1045350.6371999993,1012444.9027999993,3,-0.006835614323546297,0.0008954620905556876
2021-12-02,1044104.3998199995,1015446.6771999993,3,-0.008019636734657873,-0.001192171636626993
2021-12-03,1043990.3398199993,1017471.2998199994,3,-0.00812800260329488,-0.00010924194938732867
2021-12-06,1043975.0398199994,1017471.2998199994,3,-0.008142538792933108,-1.4655308019917435e-05
2021-12-07,1042443.9378199994,988439.0548199994,3,-0.009597204742447435,-0.0014666078609159028
2021-12-08,1043537.1778199994,993252.8978199994,3,-0.008558541738514924,0.0010487278599233818
2021-12-09,1042362.0058199993,955865.5578199993,3,-0.00967504651299951,-0.0011261429156315117
2021-12-10,1043360.0058199993,975592.0058199993,3,-0.008726868914370979,0.0009574408837118575
2021-12-13,1044950.0058199993,975592.0058199993,3,-0.0072162452852934595,0.0015239227027399327
2021-12-14,1044790.0058199993,975592.0058199993,3,-0.007368257725955348,-0.00015311737318424168
2021-12-15,1044854.0058199993,975592.0058199993,3,-0.0073074527496905925,6.125632868192454e-05
2021-12-16,1044515.7918199992,975592.0058199993,3,-0.007628782347228252,-0.00032369498333373325
2021-12-17,1042981.7918199992,983677.7918199992,3,-0.009086201622074111,-0.0014686230806785217
2021-12-20,1040747.7918199992,983677.7918199992,3,-0.011208675324815735,-0.0021419357629453017
2021-12-21,1043259.7918199992,983677.7918199992,3,-0.00882208000642408,0.0024136491278132777
2021-12-22,1043572.7918199992,983677.7918199992,3,-0.008524705669379259,0.000300021147612739
2021-12-23,1047404.2918199992,983677.7918199992,3,-0.00488448275440409,0.0036715215555953584
2021-12-24,1045560.6600699992,963007.7630699992,3,-0.006636076266899454,-0.0017601911357423283
2021-12-27,1043613.6600699992,978273.6600699992,3,-0.008485877654203814,-0.001862158815223225
2021-12-28,1045021.3383199992,955445.1600699992,3,-0.007148473863896589,0.0013488499660934128
2021-12-29,1044913.3383199992,977538.3383199992,3,-0.0072510822613433635,-0.00010334717200477517
2021-12-30,1050055.9098199992,977538.3383199992,3,-0.0023652394801353467,0.004921529194247043
2021-12-31,1049902.6598199992,984733.1598199991,3,-0.0025108388959568123,-0.0001459446097744621
2022-01-04,1047148.6320699991,925945.7673199992,3,-0.00512737939550737,-0.0026231267482189624
2022-01-05,1044988.6320699991,964854.6320699991,3,-0.00717954734444287,-0.002062744422184015
2022-01-06,1046736.6320699991,964854.6320699991,3,-0.005518811430211734,0.0016727454695248944
2022-01-07,1044058.6320699991,964854.6320699991,3,-0.008063119655790098,-0.002558427705643629
2022-01-10,1044734.6320699991,964854.6320699991,3,-0.007420867093993618,0.0006474732158094909
2022-01-11,1044390.6320699991,964854.6320699991,3,-0.007747693841416679,-0.0003292702179484852
2022-01-12,1045210.6320699991,964854.6320699991,3,-0.006968630083024499,0.0007851468356956381
2022-01-13,1043080.6320699991,964854.6320699991,3,-0.008992295699335894,-0.002037866755891682
2022-01-14,1042696.6320699991,964854.6320699991,3,-0.009357125556924428,-0.00036814028387999187
2022-01-17,1044448.6320699991,964854.6320699991,3,-0.007692589331676744,0.0016802586160864497
2022-01-18,1043532.6320699991,964854.6320699991,3,-0.008562860554466058,-0.0008770177602555052
2022-01-19,1044484.9360699991,964854.6320699991,3,-0.007658097708890558,0.0009125771161664353
2022-01-20,1041934.9360699991,971184.9360699991,3,-0.010080795981939412,-0.0024413947123016477
2022-01-21,1040856.9105699991,934515.3130699991,3,-0.011105004027881608,-0.0010346380207444383
2022-01-24,1041292.9105699991,985689.9105699991,3,-0.010690770127077961,0.0004188856273830144
2022-01-25,1040384.9105699991,985689.9105699991,3,-0.01155344072783418,-0.000871992876147587
2022-01-26,1041792.9105699991,985689.9105699991,3,-0.010215731250009559,0.0013533452722114259
2022-01-27,1039408.6569699991,985689.9105699991,3,-0.012480957555590203,-0.0022886060903366534
2022-01-28,1041121.8569699991,991300.4569699991,3,-0.010853284347202962,0.0016482448828107898
2022-02-07,1042915.8069699991,991300.4569699991,3,-0.009148892360169284,0.001723093207572246
2022-02-08,1044430.7069699991,994963.1069699991,3,-0.007709619570427415,0.001452562124263146
2022-02-09,1044356.7069699991,994963.1069699991,3,-0.007779925324233539,-7.085199573908518e-05
2022-02-10,1044610.1529699992,994963.1069699991,3,-0.007539131917758475,0.00024268145003381036
2022-02-11,1042486.1613699992,1000449.1029699992,3,-0.009557089086891978,-0.002033286383404609
2022-02-14,1043528.5100099993,1003324.1313699991,3,-0.008566776831973131,0.000999868083265687
2022-02-15,1044054.7600099992,1010001.4100099992,3,-0.008066798413858748,0.0005042986319510057
2022-02-16,1044807.3607099992,1010001.4100099992,2,-0.007351769231040896,0.000720844086753436
2022-02-17,1043976.3107099992,1014487.0607099992,2,-0.008141331348616332,-0.0007954097867719501
2022-02-18,1043968.7107099992,1014487.0607099992,2,-0.008148551939547749,-7.279858672992745e-06
2022-02-21,1043994.5607099992,1014487.0607099992,2,-0.008123992429603336,2.4761278508478313e-05
2022-02-22,1043887.1607099992,1014487.0607099992,2,-0.00822603078039765,-0.00010287409919740309
2022-02-23,1044180.6982499992,1014487.0607099992,2,-0.007947147293639562,0.00028119661879966174
2022-02-24,1043249.7302499992,1022377.4582499992,1,-0.008831639280252788,-0.000891577484203876
2022-02-25,1043280.6102499992,1035869.4102499993,1,-0.00880230087920504,2.959981594496952e-05
2022-02-28,1042957.3902499992,1001605.1902499993,3,-0.009109385010897112,-0.00030981118294004517
2022-03-01,1043204.5902499993,1001605.1902499993,3,-0.008874525790074427,0.0002370183118802771
2022-03-02,1042613.7102499993,1001605.1902499993,3,-0.009435907733438787,-0.0005664085506548178
2022-03-03,1043391.9916499993,1001605.1902499993,3,-0.008696479888840359,0.0007464714806151296
2022-03-04,1041843.8916499993,1006399.8716499993,3,-0.010167295260019525,-0.0014837184992687602
2022-03-07,1041137.4116499992,1006399.8716499993,3,-0.010838506191762189,-0.000678105429865572
2022-03-08,1039709.6580499993,1006399.8716499993,2,-0.012194983125510869,-0.0013713402131397823
2022-03-09,1039399.8580499992,1013637.1580499993,2,-0.012489317213742496,-0.00029796780053104044
2022-03-10,1039842.8580499992,1013637.1580499993,2,-0.01206843276865989,0.00042620748556876364
2022-03-11,1040425.6580499993,1013637.1580499993,2,-0.011514727453548916,0.0005604693011913575
2022-03-14,1039574.2580499992,1013637.1580499993,2,-0.012323623653421014,-0.0008183189191967033
2022-03-15,1038267.3580499992,1013637.1580499993,2,-0.013565280270302427,-0.0012571492511285198
2022-03-16,1038934.0580499993,1013637.1580499993,2,-0.012931863431619353,0.0006421274778898312
2022-03-17,1039600.7580499992,1013637.1580499993,2,-0.012298446592936389,0.0006417154147890791
2022-03-18,1040341.0580499993,1013637.1580499993,2,-0.011595104031548868,0.0007121002887575667
2022-03-21,1040151.1001999993,960505.8267999992,2,-0.011775578759057529,-0.0001825918995795872
2022-03-22,1040466.1001999993,986956.1001999993,2,-0.011476304266504436,0.0003028406160792141
2022-03-23,1040051.1001999993,986956.1001999993,2,-0.01187058653447121,-0.0003988597032812402
2022-03-24,1039091.1001999993,986956.1001999993,2,-0.012782661178442543,-0.0009230315700982095
2022-03-25,1036416.1001999993,986956.1001999993,2,-0.015324119170758497,-0.0025743652308110043
2022-03-28,1038506.1001999993,986956.1001999993,2,-0.013338456664612574,0.0020165645821177414
2022-03-29,1040080.8476999993,986956.1001999993,2,-0.011842324096479973,0.001516358449600519
2022-03-30,1041103.3476999993,993314.5976999993,2,-0.01087086959287509,0.000983096652785287
2022-03-31,1040017.0976999993,993314.5976999993,2,-0.011902891553306193,-0.0010433642369892526
2022-04-01,1039107.0976999993,993314.5976999993,2,-0.012767462309570687,-0.0008749856151523128
2022-04-06,1038389.5976999993,993314.5976999993,2,-0.013449143098163844,-0.0006904966789160749
2022-04-07,1038994.5976999993,993314.5976999993,2,-0.012874346056911077,0.0005826329552414133
2022-04-08,1038727.0976999993,993314.5976999993,2,-0.013128491856142673,-0.00025746043395424856
2022-04-11,1036691.0386499993,993314.5976999993,1,-0.015062906265656628,-0.0019601481991837755
2022-04-12,1035378.6686499993,1023554.1886499993,1,-0.016309759807853142,-0.0012659220067233745
2022-04-13,1035344.7702099993,1023554.1886499993,0,-0.0163419659615971,-3.274013752307958e-05
2022-04-14,1035344.7702099993,1035344.7702099993,0,-0.0163419659615971,0.0
2022-04-15,1035344.7702099993,1035344.7702099993,0,-0.0163419659615971,0.0
2022-04-18,1035344.7702099993,1035344.7702099993,0,-0.0163419659615971,0.0
2022-04-19,1035344.7702099993,1035344.7702099993,0,-0.0163419659615971,0.0
2022-04-20,1035344.7702099993,1035344.7702099993,0,-0.0163419659615971,0.0
2022-04-21,1035344.7702099993,1035344.7702099993,0,-0.0163419659615971,0.0
2022-04-22,1035344.7702099993,1035344.7702099993,0,-0.0163419659615971,0.0
2022-04-25,1035344.7702099993,1035344.7702099993,0,-0.0163419659615971,0.0
2022-04-26,1035344.7702099993,1035344.7702099993,0,-0.0163419659615971,0.0
2022-04-27,1035344.7702099993,1035344.7702099993,0,-0.0163419659615971,0.0
2022-04-28,1035344.7702099993,1035344.7702099993,0,-0.0163419659615971,0.0
2022-04-29,1035344.7702099993,1035344.7702099993,0,-0.0163419659615971,0.0
2022-05-05,1035344.7702099993,1035344.7702099993,0,-0.0163419659615971,0.0
2022-05-06,1035344.7702099993,1035344.7702099993,0,-0.0163419659615971,0.0
2022-05-09,1035344.7702099993,1035344.7702099993,0,-0.0163419659615971,0.0
2022-05-10,1035344.7702099993,1035344.7702099993,0,-0.0163419659615971,0.0
2022-05-11,1035344.7702099993,1035344.7702099993,0,-0.0163419659615971,0.0
2022-05-12,1035344.7702099993,1035344.7702099993,0,-0.0163419659615971,0.0
2022-05-13,1035344.7702099993,1035344.7702099993,0,-0.0163419659615971,0.0
2022-05-16,1035344.7702099993,1035344.7702099993,0,-0.0163419659615971,0.0
2022-05-17,1035344.7702099993,1035344.7702099993,0,-0.0163419659615971,0.0
2022-05-18,1035344.7702099993,1035344.7702099993,0,-0.0163419659615971,0.0
2022-05-19,1035344.7702099993,1035344.7702099993,0,-0.0163419659615971,0.0
2022-05-20,1035344.7702099993,1035344.7702099993,0,-0.0163419659615971,0.0
2022-05-23,1035344.7702099993,1035344.7702099993,0,-0.0163419659615971,0.0
2022-05-24,1035344.7702099993,1035344.7702099993,0,-0.0163419659615971,0.0
2022-05-25,1035344.7702099993,1035344.7702099993,0,-0.0163419659615971,0.0
2022-05-26,1035344.7702099993,1035344.7702099993,0,-0.0163419659615971,0.0
2022-05-27,1035344.7702099993,1035344.7702099993,0,-0.0163419659615971,0.0
2022-05-30,1034277.0227099992,903382.0227099992,4,-0.017356409108382344,-0.001031296560066175
2022-05-31,1036523.0227099992,903382.0227099992,4,-0.015222534472591078,0.0021715652099811855
2022-06-01,1038522.0227099992,903382.0227099992,4,-0.013323329042071605,0.0019285630480001537
2022-06-02,1038725.0227099992,903382.0227099992,4,-0.013130463257981834,0.00019547009650344727
2022-06-06,1040927.0227099992,903382.0227099992,4,-0.011038392043372588,0.002119906569936214
2022-06-07,1041449.0227099992,903382.0227099992,4,-0.010542451455713175,0.0005014760771999693
2022-06-08,1040900.0227099992,903382.0227099992,4,-0.011064044142734281,-0.0005271501418009361
2022-06-09,1041049.9427099993,903382.0227099992,4,-0.010921608485834053,0.00014402920235290217
2022-06-10,1042610.9427099993,911899.9427099993,4,-0.009438537111626498,0.0014994477555385632
2022-06-13,1044896.6377099992,911899.9427099993,4,-0.007266949139384822,0.0021922798873172944
2022-06-14,1044986.1939599992,920405.3877099992,3,-0.007181863738515886,8.570823827724894e-05
2022-06-15,1044931.1939599992,945324.1939599992,3,-0.0072341180149934105,-5.2632274299746484e-05
2022-06-16,1044863.1939599992,945324.1939599992,3,-0.007298723302274713,-6.507605514416426e-05
2022-06-17,1046690.1939599992,945324.1939599992,3,-0.00556293124546677,0.0017485542706081603
2022-06-20,1046525.9165599992,945324.1939599992,3,-0.005719007548714223,-0.00015694940197963358
2022-06-21,1045931.0484599991,964963.5165599992,3,-0.006284178497169927,-0.0005684217567735184
2022-06-22,1045773.2610999991,970261.9384599992,3,-0.006434088757789974,-0.0001508582809854886
2022-06-23,1046551.7610999991,984112.8410999991,3,-0.0056944532261944715,0.0007444252295962794
2022-06-24,1046484.1810999991,984112.8410999991,3,-0.005758659480818997,-6.457396806525129e-05
2022-06-27,1046173.2970999992,967351.1010999992,3,-0.006054023453336027,-0.00029707472469686635
2022-06-28,1047798.3970999991,975980.7970999992,3,-0.004510052095088327,0.0015533755301389007
2022-06-29,1045598.1873499991,935682.4870999991,3,-0.006600422432998265,-0.0020998407289890553
2022-06-30,1045802.1873499991,963131.5873499991,3,-0.006406606571154357,0.000195103628208404
2022-07-01,1046976.2063499992,947830.3063499992,4,-0.005291197236320336,0.0011226014003422602
2022-07-04,1045959.4563499992,947830.3063499992,4,-0.006257188792838933,-0.0009711299968742093
2022-07-05,1045606.0761499992,947830.3063499992,4,-0.006592927459611361,-0.00033785267474251146
2022-07-06,1047127.5155499992,955225.5761499992,4,-0.005147441731404082,0.0014550789582268298
2022-07-07,1046747.5655499991,965200.8655499992,4,-0.005508423774088427,-0.000362849790839892
2022-07-08,1048183.6155499992,965200.8655499992,4,-0.004144064615260224,0.0013719162549430397
2022-07-11,1045588.2963499991,950979.6635499991,3,-0.00660981965206438,-0.002476015806293863
2022-07-12,1046221.3628699991,1012497.5663499992,3,-0.0060083572345235835,0.0006054644282169619
2022-07-13,1045988.1782699992,1015009.2628699992,3,-0.0062299007355907975,-0.0002228826597081568
2022-07-14,1047919.8760699992,995491.4657699992,3,-0.004394637628095823,0.001846768290627132
2022-07-15,1046647.3760699992,999947.3760699992,3,-0.0056036115702349076,-0.0012143103962988233
2022-07-18,1047580.1760699992,999947.3760699992,3,-0.004717379041176051,0.0008912266168406013
2022-07-19,1047352.8822699991,977299.1010699992,3,-0.004933325824209368,-0.00021697031424627866
2022-07-20,1047324.3397699991,962816.3397699991,4,-0.0049604434185068,-2.7252037477665247e-05
2022-07-21,1048829.658269999,962816.3397699991,4,-0.0035302737987662762,0.0014372992614022362
2022-07-22,1048040.4082699992,967018.6582699992,4,-0.004280122666218639,-0.0007525054176116264
2022-07-25,1046085.7082699992,967018.6582699992,3,-0.006137239652229808,-0.0018650998421202436
2022-07-26,1047551.3242699993,987173.2082699992,3,-0.004744790494522804,0.00140104772334948
2022-07-27,1047449.2742699992,990353.8242699993,3,-0.004841745929332509,-9.741766120252571e-05
2022-07-28,1047414.8242699993,990353.8242699993,3,-0.0048744761079624775,-3.288942084944679e-05
2022-07-29,1047793.9342699993,990353.8242699993,3,-0.004514292130591687,0.00036194828564140025
2022-08-01,1046768.2142699993,990353.8242699993,3,-0.005488805884564864,-0.0009789329432552396
2022-08-02,1044080.1742699993,990353.8242699993,3,-0.008042652890794798,-0.002567941941067242
2022-08-03,1043557.5892699992,990353.8242699993,3,-0.008539149273940455,-0.0005005219071088085
2022-08-04,1046366.6592699992,993120.7692699992,3,-0.005870314357127318,0.0026918207762400836
2022-08-05,1047169.6192699992,993120.7692699992,3,-0.005107439923665664,0.0007673791905411509
2022-08-08,1048183.5392699993,993120.7692699992,3,-0.004144137087191234,0.0009682481055044434
2022-08-09,1047702.1505199992,972094.5192699992,3,-0.0046014938296579985,-0.00045925997877749314
2022-08-10,1048896.3005199991,993241.8305199993,3,-0.003466958479555621,0.0011397800409278513
2022-08-11,1048265.8305199993,993241.8305199993,3,-0.004065954001206115,-0.0006010794391088092
2022-08-12,1046267.1262199993,993241.8305199993,3,-0.0059648784937336745,-0.001906676953314923
2022-08-15,1048124.0062199993,995279.8862199993,3,-0.0042006981136321194,0.001774766647508752
2022-08-16,1048833.3662199993,995279.8862199993,3,-0.0035267509579576485,0.0006767901467672477
2022-08-17,1049740.8057199991,995279.8862199993,3,-0.002664612875782754,0.0008651893896838292
2022-08-18,1049624.0157199993,996732.2157199993,3,-0.0027755724566882055,-0.00011125603516926041
2022-08-19,1049736.7578599993,996732.2157199993,3,-0.00266845865752044,0.00010741192875873828
2022-08-22,1048784.6824199993,1003462.6378599993,3,-0.0035730043533244928,-0.0009069658968035021
2022-08-23,1049410.1016199994,981615.8574199993,3,-0.002978807484394341,0.0005963275498617193
2022-08-24,1045891.6216199993,958499.9716199993,3,-0.006321637060769701,-0.0033528169726673163
2022-08-25,1045972.3126199993,954884.3916199993,3,-0.006244974336710655,7.715044114697811e-05
2022-08-26,1045162.3126199993,979752.3126199993,3,-0.007014537317561468,-0.0007743990832520531
2022-08-29,1044148.3126199993,979752.3126199993,3,-0.007977916160256188,-0.000970184236224636
2022-08-30,1044002.3126199993,979752.3126199993,3,-0.008116627512360162,-0.00013982687922331483
2022-08-31,1042926.3126199993,979752.3126199993,3,-0.009138911175811365,-0.0010306490579505834
2022-09-01,1042212.3126199993,979752.3126199993,3,-0.009817266692265044,-0.0006846121258617943
2022-09-02,1043252.3126199993,979752.3126199993,3,-0.008829185827962766,0.0009978772918020073
2022-09-05,1043502.3126199993,979752.3126199993,3,-0.008591666389428565,0.00023963522244407898
2022-09-06,1044596.3126199993,979752.3126199993,3,-0.0075522813264029,0.0010483925016449014
2022-09-07,1045178.3126199993,979752.3126199993,3,-0.006999336073495279,0.0005571530293269067
2022-09-08,1045790.0406199993,979752.3126199993,3,-0.006418146909112677,0.000585285776229405
2022-09-09,1045631.2681199992,953608.3281199993,3,-0.0065689931293314375,-0.00015182062730867418
2022-09-13,1046133.2681199992,973343.7681199992,3,-0.006092054096754762,0.0004800927586094961
2022-09-14,1045235.7681199992,973343.7681199992,3,-0.006944748881092544,-0.0008579212872303899
2022-09-15,1042232.7681199992,973343.7681199992,3,-0.00979783237676537,-0.0028730360092836804
2022-09-16,1040109.2662199992,918259.9993699992,3,-0.01181532429282264,-0.0020374545542551914
2022-09-19,1040808.3138599992,970845.8662199992,3,-0.011151174680976803,0.0006720905800026156
2022-09-20,1041338.2038599991,975098.5138599991,3,-0.010647737979837348,0.0005091139193871275
2022-09-21,1042052.4238599992,975098.5138599991,3,-0.009969173446277674,0.0006858674706762269
2022-09-22,1042348.0438599992,975098.5138599991,3,-0.009688311460599756,0.0002836901419076554
2022-09-23,1040650.9638599991,975098.5138599991,3,-0.011300669415590317,-0.0016281318029969238
2022-09-26,1041802.4979599991,975098.5138599991,3,-0.010206622484050324,0.0011065517065671493
2022-09-27,1043066.4455599992,983729.1479599992,3,-0.00900577398689565,0.0012132314929893528
2022-09-28,1041848.7567399992,985821.1455599992,3,-0.010162673046238784,-0.001167412512580901
2022-09-29,1041591.2759399991,987287.6067399991,3,-0.01040729982643615,-0.0002471383666144966
2022-09-30,1040793.1159399991,992223.1059399991,3,-0.011165613886678014,-0.0007662890602455619
2022-10-10,1040578.5759399992,992223.1059399991,3,-0.011369443568050449,-0.00020613126347035493
2022-10-11,1041730.5659399991,992223.1059399991,3,-0.01027496349606251,0.00110706680555972
2022-10-12,1042133.6059399991,992223.1059399991,3,-0.009892044158035176,0.0003868946666034656
2022-10-13,1041902.2002599991,992223.1059399991,2,-0.010111897546784045,-0.0002220499163264611
2022-10-14,1042779.9302599991,995763.8402599992,2,-0.009277985799645566,0.0008424303161860269
2022-10-17,1040441.0797599992,995763.8402599992,0,-0.011500075629947254,-0.0022428994192636997
2022-10-18,1040441.0797599992,1040441.0797599992,0,-0.011500075629947254,0.0
2022-10-19,1040441.0797599992,1040441.0797599992,0,-0.011500075629947254,0.0
2022-10-20,1040441.0797599992,1040441.0797599992,0,-0.011500075629947254,0.0
2022-10-21,1040441.0797599992,1040441.0797599992,0,-0.011500075629947254,0.0
2022-10-24,1040441.0797599992,1040441.0797599992,0,-0.011500075629947254,0.0
2022-10-25,1040441.0797599992,1040441.0797599992,0,-0.011500075629947254,0.0
2022-10-26,1040782.7017599992,1000007.7017599992,3,-0.011175508167423555,0.00032834343688037393
2022-10-27,1038470.2607599992,974526.2607599992,3,-0.013372506919277416,-0.002221828817955518
2022-10-28,1037058.2607599992,974526.2607599992,3,-0.014714016708118585,-0.0013596922833077896
2022-10-31,1038606.2607599992,974526.2607599992,3,-0.01324329634471481,0.0014926837368476331
2022-11-01,1040142.4607599991,974526.2607599992,3,-0.011783786898809894,0.0014790975733920408
2022-11-02,1041764.4892599991,937489.2237599991,4,-0.010242733704383989,0.0015594291755138823
2022-11-03,1043465.4892599991,963224.4892599991,4,-0.008626651444597283,0.0016328066636330796
2022-11-04,1045492.9052599991,963224.4892599991,4,-0.006700448604616288,0.0019429641141632814
2022-11-07,1044182.4052599991,970746.4052599991,4,-0.007945525501412571,-0.0012534757466136082
2022-11-08,1044409.9052599991,970746.4052599991,4,-0.007729382812346448,0.00021787381098747893
2022-11-09,1043903.9052599991,970746.4052599991,4,-0.008210122155939671,-0.00048448410672052855
2022-11-10,1042941.494259999,950597.2502599991,4,-0.009124487437376304,-0.0009219344761052239
2022-11-11,1041029.1964599991,969681.994259999,4,-0.010941319036441003,-0.001833561911693593
2022-11-14,1040092.9744599991,947326.896459999,4,-0.011830802731574424,-0.0008993234802477934
2022-11-15,1041524.124459999,962402.6744599991,4,-0.010471098953741624,0.0013759827584096662
2022-11-16,1040577.4744599991,962402.6744599991,4,-0.011370490059695142,-0.0009089083754931782
2022-11-17,1041727.7244599991,962402.6744599991,4,-0.010277663122999282,0.0011053958289812815
2022-11-18,1041423.4744599991,962402.6744599991,4,-0.010566724279695405,-0.0002920628805935799
2022-11-21,1040005.9244599991,962402.6744599991,4,-0.011913507000072078,-0.0013611657839142088
2022-11-22,1038069.1744599991,962402.6744599991,4,-0.013753570090396535,-0.0018622490069041264
2022-11-23,1038617.624459999,962402.6744599991,4,-0.013232499946140248,0.0005283366595345562
2022-11-24,1040061.4744599991,962402.6744599991,4,-0.011860730180829733,0.0013901651252556935
2022-11-25,1037295.2084599991,962402.6744599991,3,-0.014488897969454797,-0.0026597139380019064
2022-11-28,1037480.140859999,963728.514459999,3,-0.014313197810195731,0.00017828328762314882
2022-11-29,1037171.9068599989,953551.890859999,3,-0.014606044076664387,-0.00029709869891536567
2022-11-30,1036729.9068599989,969007.9068599989,3,-0.015025978443992855,-0.00042615886245722656
2022-12-01,1037065.9068599989,969007.9068599989,3,-0.014706752318602889,0.0003240959846693148
2022-12-02,1037247.9068599989,969007.9068599989,3,-0.01453383816734999,0.0001754951144339323
2022-12-05,1037715.716859999,936895.816859999,3,-0.014089382293187198,0.00045101079202591876
2022-12-06,1036710.716859999,964433.716859999,3,-0.015044210436094687,-0.0009684733339502261
2022-12-07,1036689.716859999,964433.716859999,3,-0.01506416206893156,-2.0256373989835375e-05
2022-12-08,1036002.716859999,964433.716859999,3,-0.015716865486023544,-0.0006626862298594327
2022-12-09,1034092.716859999,964433.716859999,3,-0.017531513996424844,-0.0018436245088130354
2022-12-12,1034668.716859999,964433.716859999,3,-0.016984269210042043,0.0005570100152614277
2022-12-13,1032985.716859999,964433.716859999,3,-0.018583250070254288,-0.0016266076016172581
2022-12-14,1032767.088359999,925829.521859999,3,-0.018790964144524577,-0.00021164716649191284
2022-12-15,1033015.088359999,955289.088359999,3,-0.01855534486149865,0.00024013158706859272
2022-12-16,1032424.103359999,924686.883359999,3,-0.019116826563027177,-0.0005720971616574033
2022-12-19,1031144.103359999,946318.103359999,3,-0.020332926088322288,-0.0012398005779158394
2022-12-20,1027947.1841099991,911994.2521099991,3,-0.02337024794951893,-0.0031003612779074707
2022-12-21,1027389.1841099991,927492.1841099991,3,-0.023900391336327268,-0.0005428294455450677
2022-12-22,1026480.1841099991,927492.1841099991,3,-0.024764012014837623,-0.0008847669549757464
2022-12-23,1025983.1841099991,927492.1841099991,3,-0.025236200658643616,-0.00048417885478313494
2022-12-26,1025067.1841099991,927492.1841099991,3,-0.02610647188143293,-0.0008928021571762423
2022-12-27,1026004.1841099991,927492.1841099991,3,-0.025216249025806742,0.000914086427236116
2022-12-28,1026899.1841099991,927492.1841099991,3,-0.024365929435854302,0.0008723161307342409
2022-12-29,1023907.1841099991,927492.1841099991,3,-0.027208562076231624,-0.0029136258420471295
2022-12-30,1024101.3946099991,927492.1841099991,2,-0.027024047000561796,0.00018967588372653665
2023-01-03,1024927.9186099991,962874.3946099991,1,-0.02623878493490165,0.0008070724289119813
2023-01-04,1025161.9186099991,991465.9186099991,1,-0.026016466740433637,0.00022830873835233412
2023-01-05,1024927.9186099991,991465.9186099991,1,-0.02623878493490165,-0.00022825662537029334
2023-01-06,1024810.9186099991,991465.9186099991,1,-0.026349944032135655,-0.00011415436917616706
2023-01-09,1025395.9186099991,991465.9186099991,1,-0.025794148545965626,0.0005708370094197335
2023-01-10,1024927.9186099991,991465.9186099991,1,-0.02623878493490165,-0.000456409072345787
2023-01-11,1024152.2086099992,991465.9186099991,0,-0.026975769749563075,-0.0007568434676381575
2023-01-12,1024152.2086099992,1024152.2086099992,0,-0.026975769749563075,0.0
2023-01-13,1024152.2086099992,1024152.2086099992,0,-0.026975769749563075,0.0
2023-01-16,1024152.2086099992,1024152.2086099992,0,-0.026975769749563075,0.0
2023-01-17,1024152.2086099992,1024152.2086099992,0,-0.026975769749563075,0.0
2023-01-18,1024152.2086099992,1024152.2086099992,0,-0.026975769749563075,0.0
2023-01-19,1023766.5473599993,869029.5473599993,4,-0.027342177923820564,-0.00037656634117233523
2023-01-20,1025316.5473599993,869029.5473599993,4,-0.025869557404908514,0.0015140170422611732
2023-01-30,1029253.1473599992,869029.5473599993,4,-0.022129481317973588,0.0038393996567558375
2023-01-31,1033855.2694399992,878455.6473599992,4,-0.017757107507943785,0.004471321843226184
2023-02-01,1036578.7594399992,886358.7594399992,4,-0.015169580245329745,0.0026343048978947348
2023-02-02,1037397.3294399992,886358.7594399992,4,-0.01439187509812603,0.0007896843269701304
2023-02-03,1040595.6314399993,886358.7594399992,4,-0.011353239516914642,0.0030830058158397566
2023-02-06,1041338.1167899993,897485.4514399993,3,-0.010647820703107188,0.0007135195724130572
2023-02-07,1041244.3967899993,892430.3967899993,4,-0.010736861990224862,-8.999958657895935e-05
2023-02-08,1039849.3967899993,892430.3967899993,4,-0.012062220457245705,-0.0013397431038290053
2023-02-09,1045277.7217899993,892430.3967899993,4,-0.006904889632521076,0.005220299224827363
2023-02-10,1044572.2636649993,868072.1842899993,4,-0.007575129703558642,-0.0006749001823094236
2023-02-13,1044093.2636649993,895752.2636649993,4,-0.008030216947790172,-0.0004585609025452575
2023-02-14,1043971.2636649993,895752.2636649993,4,-0.008146126433794863,-0.00011684779918197385
2023-02-15,1043437.2636649993,895752.2636649993,4,-0.008653467954503917,-0.0005115083322555503
2023-02-16,1039695.7634149994,852324.5416649993,3,-0.01220818410912614,-0.003585745286552422
2023-02-17,1037376.0934149993,957850.0934149993,3,-0.014412050973064703,-0.002231104599657918
2023-02-20,1039276.7984149993,935986.7984149993,4,-0.012606233435388147,0.0018322236381436152
2023-02-21,1039872.5724149992,919585.4184149993,4,-0.012040201811495068,0.0005732582512267825
2023-02-22,1040024.5724149992,951888.5724149992,4,-0.011895789992866274,0.00014617175607112287
2023-02-23,1039572.5724149992,951888.5724149992,4,-0.01232522513773611,-0.00043460511606030483
2023-02-24,1038658.5724149992,951888.5724149992,4,-0.01319359620501715,-0.0008792074976321507
2023-02-27,1037288.5724149992,951888.5724149992,4,-0.014495202728184574,-0.0013190089952413997
2023-02-28,1037960.5724149992,951888.5724149992,4,-0.01385675047740464,0.0006478428644358658
2023-03-01,1040000.5724149992,951888.5724149992,4,-0.011918591858965558,0.0019653925729121724
2023-03-02,1039720.5724149992,951888.5724149992,4,-0.012184613630123863,-0.0002692306210464457
2023-03-03,1039690.5724149992,951888.5724149992,4,-0.012213115962747967,-2.885390632434426e-05
2023-03-06,1039394.5724149992,951888.5724149992,4,-0.01249433897797246,-0.00028470009044367917
2023-03-07,1036110.5724149992,951888.5724149992,4,-0.01561439432255773,-0.003159531603450394
2023-03-08,1037234.5724149992,951888.5724149992,4,-0.01454650692690796,0.0010848263012894765
2023-03-09,1037970.7849149993,951888.5724149992,3,-0.013847047808340496,0.0007097839963874364
2023-03-10,1037682.7849149993,980174.7849149993,3,-0.014120670201531895,-0.0002774644567896667
2023-03-13,1039436.0389149992,980174.7849149993,2,-0.012454942578780565,0.001689585705272778
2023-03-14,1039362.0389149992,1000904.0389149992,2,-0.01252524833258669,-7.119245170417177e-05
2023-03-15,1038954.7189149993,1000904.0389149992,2,-0.012912234003401645,-0.0003918942435353623
2023-03-16,1038147.2219149993,980213.6539149993,2,-0.013679418939633828,-0.0007772205903672225
2023-03-17,1039831.2219149993,996142.7219149993,2,-0.012079488001667447,0.0016221206052968729
2023-03-20,1040059.2219149993,996142.7219149993,2,-0.011862870273724256,0.00021926635322611077
2023-03-21,1041336.8569149993,996142.7219149993,2,-0.01064901768231767,0.0012284252406777885
2023-03-22,1043642.6519149992,1003305.8569149993,2,-0.008458333147217865,0.002214264274512434
2023-03-23,1044293.9919149993,971272.6119149993,3,-0.00783950950283832,0.0006241025113384868
2023-03-24,1046349.6319149993,971272.6119149993,3,-0.005886491668324523,0.0019684495131782054
2023-03-27,1047879.6619149992,971272.6119149993,2,-0.004432844202162671,0.0014622550181431215
2023-03-28,1047844.9019149992,987569.9419149993,2,-0.004465868904896475,-3.317174792427657e-05
2023-03-29,1047010.1519149992,987569.9419149993,2,-0.005258946310162173,-0.0007966350730670424
2023-03-30,1047949.3419149992,964997.7619149992,3,-0.00436664278425448,0.0008970209107161953
2023-03-31,1047530.5219149992,964997.7619149992,3,-0.004764554349242008,-0.00039965672313380107
2023-04-03,1050495.6519149994,941568.5119149992,4,-0.0019474502981182281,0.0028305905536571974
2023-04-04,1049445.7219149992,941568.5119149992,4,-0.0029449654345192434,-0.000999461538071289
2023-04-06,1045915.6459224992,875075.4994149993,4,-0.006298812105405844,-0.0033637528066323696
2023-04-07,1044156.6459224992,932804.6459224992,4,-0.007969998874932485,-0.0016817799856589932
2023-04-10,1043302.6459224992,932804.6459224992,4,-0.008781365276965316,-0.0008178849441172753
2023-04-11,1043074.6459224992,932804.6459224992,4,-0.008997983004908509,-0.00021853677922800685
2023-04-12,1044757.6459224992,932804.6459224992,4,-0.0073990021446962645,0.0016134990976715002
2023-04-13,1043382.6459224992,932804.6459224992,4,-0.008705359056634372,-0.0013160946994419387
2023-04-14,1045637.6459224992,932804.6459224992,4,-0.0065629337210558756,0.0021612397032022557
2023-04-17,1048289.8584224993,932804.6459224992,4,-0.004043125625562292,0.0025364546794413023
2023-04-18,1046769.1084224993,939180.6084224993,4,-0.0054879563701658385,-0.0014506960911445654
2023-04-19,1047711.6084224993,939180.6084224993,4,-0.004592508086891899,0.0009003895820161034
2023-04-20,1047842.8584224993,939180.6084224993,4,-0.004467810381661444,0.00012527302259979223
2023-04-21,1045518.3584224993,939180.6084224993,4,-0.006676266121152448,-0.0022183669825258656
2023-04-24,1044189.2604224993,939180.6084224993,3,-0.007939012564020166,-0.0012712335362579097
2023-04-25,1042240.7604224993,960620.2604224993,3,-0.00979023906795573,-0.0018660410270946448
2023-04-26,1040093.7604224993,960620.2604224993,3,-0.011830056006087452,-0.0020599846806313993
2023-04-27,1041834.0324224993,947954.6124224992,3,-0.010176662292740288,0.001673187616559657
2023-04-28,1045770.2824224993,980361.5324224993,3,-0.006436918733019288,0.003778192953485471
2023-05-04,1046640.4287224993,980361.5324224993,3,-0.005610212090544816,0.0008320625615640953
2023-05-05,1046212.7487224992,985642.7887224993,3,-0.006016541344434094,-0.00040862170833788625
2023-05-08,1047047.1887224993,985642.7887224993,3,-0.0052237584632721205,0.0007975815636149797
2023-05-09,1044217.5562224992,969561.7287224992,3,-0.007912129353904696,-0.0027024880353793135
2023-05-10,1044428.1162224993,1000661.5962224993,3,-0.007712080981993597,0.0002016438037699686
2023-05-11,1047082.4906224993,1000661.5962224993,3,-0.0051902189134033945,0.002541462029574948
2023-05-12,1045874.6174224992,997372.2446224993,3,-0.0063377923705414604,-0.0011535606896472261
2023-05-15,1045946.2045824993,997375.5924224993,3,-0.006269779002343522,6.844717216347718e-05
2023-05-16,1044801.2045824993,1004510.2045824993,3,-0.007357618030830164,-0.001094702571684425
2023-05-17,1045544.2045824993,1004510.2045824993,3,-0.006651710259506518,0.0007111400683126323
2023-05-18,1047908.0325824993,1004510.2045824993,3,-0.004405889862100841,0.002260858976253388
2023-05-19,1047648.4585824993,994000.9685824993,3,-0.004652505345053169,-0.00024770685206054743
2023-05-22,1047799.4585824993,1007718.4585824993,3,-0.004509043604178511,0.00014413231725107778
2023-05-23,1046048.8753824993,1007718.4585824993,3,-0.006172233759264127,-0.0016707235202890747
2023-05-24,1046271.9253824992,1010699.0753824993,3,-0.005960318916203979,0.00021323095435521466
2023-05-25,1047202.8253824993,1010699.0753824993,3,-0.005075891534878005,0.0008897304586088506
2023-05-26,1047851.8253824993,1010699.0753824993,3,-0.004459291072443219,0.000619746227062512
2023-05-29,1047777.7753824992,1010699.0753824993,3,-0.004529644330137093,-7.066838860825264e-05
2023-05-30,1048159.5735424992,1010699.0753824993,3,-0.004166906391750723,0.0003643884886379567
2023-05-31,1048228.0535424992,1012651.0735424992,3,-0.004101845067147452,6.53335634464014e-05
2023-06-01,1048114.8135424992,1012651.0735424992,3,-0.0042094318720258955,-0.00010802992690117641
2023-06-02,1048918.3535424992,1012651.0735424992,3,-0.003446006393466771,0.000766652650661559
2023-06-05,1049511.470502499,1012651.0735424992,2,-0.0028824991641697296,0.0005654557935770299
2023-06-06,1049218.2005024992,1033376.0305024992,2,-0.003161128467125227,-0.00027943477345637735
2023-06-07,1049615.8790624994,1033376.0305024992,2,-0.00278330291397193,0.00037902369574771555
2023-06-08,1048627.0731624993,1034509.4690624992,2,-0.0037227454027211862,-0.0009420645397277827
2023-06-09,1048590.3478024993,1035285.8531624993,2,-0.0037576373502698902,-3.502232675467454e-05
2023-06-12,1048345.3554024993,1035827.4378024993,2,-0.003990399179442465,-0.0002336397626713227
2023-06-13,1048516.6154024992,1039551.1554024993,2,-0.0038276888632690974,0.00016336219654844442
2023-06-14,1048835.2254024993,1039551.1554024993,2,-0.003524984590023473,0.00030386738304355454
2023-06-15,1048605.4554024993,1039551.1554024993,2,-0.003743283955591504,-0.00021907158954526107
2023-06-16,1049142.6854024993,1039551.1554024993,2,-0.003232873683736606,0.0005123280612666647
2023-06-19,1049303.9054024993,1039551.1554024993,2,-0.0030797021482146967,0.0001536683258085425
2023-06-20,1049076.7154024993,1039551.1554024993,2,-0.0032955503131769843,-0.00021651496656993618
2023-06-21,1048534.2964224993,1039551.1554024993,2,-0.0038108905194965217,-0.000517044151334356
2023-06-26,1048278.5327424993,1042180.3564224993,2,-0.004053885902180773,-0.00024392495397884684
2023-06-27,1048250.5204624993,1042356.8327424993,2,-0.004080499746251336,-2.6722172709825465e-05
2023-06-28,1048542.4672124992,1016976.8517124993,2,-0.003803127633683905,0.000278508566703195
2023-06-29,1048949.9572124993,1017288.4672124992,2,-0.0034159804496505966,0.00038862517517612716
2023-06-30,1050317.0472124992,1017288.4672124992,2,-0.0021171386527478533,0.0013032938231227753
2023-07-03,1050573.3472124992,996678.7372124993,3,-0.0018736337243625456,0.00024402155585323548
2023-07-04,1052699.4458924993,996678.7372124993,3,0.0,0.002023750826766424
2023-07-05,1052065.9804324992,969123.6933924992,3,-0.0006017533897940162,-0.0006017533897940686
2023-07-06,1056126.1804324992,973705.9804324992,3,0.0,0.003859263654101719
2023-07-07,1057241.9910324991,980088.1804324992,3,0.0,0.0010565125840769074
2023-07-10,1055345.6700324994,977200.2150324992,3,-0.001793648962190598,-0.001793648962190586
2023-07-11,1056001.9700324992,991588.8700324992,3,-0.0011728828503954419,0.0006218815489900109
2023-07-12,1055005.0700324993,991588.8700324992,3,-0.00211580794082468,-0.000944032329759037
2023-07-13,1059033.649872499,991588.8700324992,3,0.0,0.00381854073921728
2023-07-14,1058936.9698724994,970805.9098724992,3,-9.12907724993834e-05,-9.12907724993639e-05
2023-07-17,1058998.9698724994,985740.9698724992,3,-3.2746834818588845e-05,5.854928269011239e-05
2023-07-18,1059164.9698724994,985740.9698724992,3,0.0,0.0001567518049805372
2023-07-19,1059287.1548724994,985740.9698724992,3,0.0,0.00011535974420939787
2023-07-20,1058368.1548724994,993877.1548724993,3,-0.0008675645652576755,-0.0008675645652577169
2023-07-21,1058482.1548724994,993877.1548724993,3,-0.0007599450217980727,0.00010771299143419455
2023-07-24,1057984.6998724993,971016.6148724993,3,-0.0012295580041814477,-0.0004699701338469753
2023-07-25,1058738.6998724993,996698.6998724992,3,-0.0005177585676153026,0.0007126757126931782
2023-07-26,1056502.6998724993,996698.6998724992,3,-0.0026286120691562847,-0.002111946980184354
2023-07-27,1055695.2276224992,944636.7036224992,3,-0.0033908909717993542,-0.0007642879190915552
2023-07-28,1057299.2276224992,981408.2276224992,3,-0.0018766651147010826,0.0015193779019087028
2023-07-31,1057324.2276224992,981408.2276224992,3,-0.0018530643376266083,2.364515110464538e-05
2023-08-01,1056822.2276224992,981408.2276224992,3,-0.0023269679412820524,-0.0004747834078566715
2023-08-02,1055634.2276224992,981408.2276224992,3,-0.0034484768678610714,-0.00112412472878487
2023-08-03,1054882.2276224992,981408.2276224992,3,-0.004158388242261259,-0.0007123679588275644
2023-08-04,1055014.2276224992,981408.2276224992,3,-0.004033776139308034,0.0001251324522715258
2023-08-07,1056282.2276224992,981408.2276224992,3,-0.0028367447260906975,0.0012018795261723447
2023-08-08,1056024.2276224992,981408.2276224992,3,-0.0030803047454992724,-0.0002442529025417084
2023-08-09,1054146.2276224992,981408.2276224992,3,-0.004853195119333783,-0.0017783682901177933
2023-08-10,1053597.2276224992,981408.2276224992,3,-0.005371468183889238,-0.0005208006115415831
2023-08-11,1052208.2276224992,981408.2276224992,3,-0.0066827273581470305,-0.001318340598839951
2023-08-14,1052695.3378724991,955140.4338724993,3,-0.006222880141309457,0.00046294092482113136
2023-08-15,1051354.3378724991,976468.3378724993,3,-0.007488825823584259,-0.0012738728402751365
2023-08-16,1050204.3378724994,976468.3378724993,3,-0.008574461569009857,-0.0010938272270097915
2023-08-17,1052707.2641224992,916525.5028724993,3,-0.006211621390606062,0.00238327548243622
2023-08-18,1051483.2641224992,965410.2641224993,3,-0.0073671154361723236,-0.0011627163996253964
2023-08-21,1050496.2641224992,965410.2641224993,3,-0.008298874115072569,-0.000938673998604922
2023-08-22,1052086.2641224992,965410.2641224993,3,-0.006797864693136003,0.0015135703517501486
2023-08-23,1051420.2641224992,965410.2641224993,3,-0.007426589394399999,-0.0006330279395440064
2023-08-24,1050811.2641224992,965410.2641224993,3,-0.008001504323934193,-0.0005792165328944998
2023-08-25,1049380.2641224992,965410.2641224993,3,-0.009352412803677103,-0.0013618049680833577
2023-08-28,1050874.2641224992,965410.2641224993,3,-0.007942030365706518,0.0014236974441761419
2023-08-29,1052218.2641224992,965410.2641224993,3,-0.006673252590182779,0.0012789351170592322
2023-08-30,1048853.2728724992,965410.2641224993,2,-0.009849908924135009,-0.003197997378240003
2023-08-31,1048385.2728724993,990239.2728724993,2,-0.010291715470969059,-0.00044620159187580555
2023-09-01,1049891.2728724992,990239.2728724993,2,-0.008870004660002836,0.0014364948067933092
2023-09-04,1051073.2728724992,990239.2728724993,2,-0.007754159919921691,0.0011258308651009852
2023-09-05,1049687.2728724992,990239.2728724993,2,-0.009062587000930546,-0.0013186521204293644
2023-09-06,1049453.2728724992,990239.2728724993,2,-0.009283490274347626,-0.00022292353736907966
2023-09-07,1048574.9043724993,990239.2728724993,1,-0.010112697440657115,-0.0008369772363429062
2023-09-08,1048454.9043724993,1012574.9043724993,1,-0.010225981170614592,-0.0001144410375449878
2023-09-11,1048814.9043724993,1012574.9043724993,1,-0.009886129980742162,0.0003433624073849728
2023-09-12,1048694.9043724993,1012574.9043724993,1,-0.009999413710699638,-0.00011441485003671481
2023-09-13,1048694.9043724993,1012574.9043724993,1,-0.009999413710699638,0.0
2023-09-14,1048814.9043724993,1012574.9043724993,1,-0.009886129980742162,0.0001144279422924388
2023-09-15,1049052.2333724992,925473.5033724993,3,-0.00966208402784993,0.00022628301620275515
2023-09-18,1049917.2333724992,961512.2333724992,3,-0.00884549714107312,0.0008245537948279313
2023-09-19,1049660.2333724992,961512.2333724992,3,-0.009088113129398714,-0.0002447811997279281
2023-09-20,1049462.2333724992,961512.2333724992,3,-0.00927503128382855,-0.0001886324676355633
2023-09-21,1048525.2333724992,961512.2333724992,3,-0.010159588408579848,-0.0008928382272404001
2023-09-22,1052943.5333724993,961512.2333724992,3,-0.005988575874653811,0.004213823243708559
2023-09-25,1051838.1433724994,930336.6333724993,3,-0.00703209839346784,-0.0010498093819517607
2023-09-26,1050292.1433724994,961705.8933724993,3,-0.008491570447753331,-0.0014698078879732401
2023-09-27,1050873.1433724994,961705.8933724993,3,-0.007943088388542548,0.0005531794212365604
2023-09-28,1050809.6433724994,961705.8933724993,3,-0.008003034362311713,-6.0425942370323504e-05
2023-10-09,1050597.8933724994,961705.8933724993,3,-0.008202932944132511,-0.00020151128354739534
2023-10-10,1049532.8933724994,961705.8933724993,3,-0.009208326047505115,-0.001013708486109044
2023-10-11,1048738.3933724994,961705.8933724993,3,-0.00995835874293191,-0.0007570034298277628
2023-10-12,1049392.3933724994,961705.8933724993,3,-0.009340962414663662,0.0006236064247604478
2023-10-13,1049193.1433724994,961705.8933724993,3,-0.009529060607947223,-0.00018987177842944014
2023-10-16,1049951.3191224993,935948.7371224993,3,-0.008813319133586387,0.0007226274349858564
2023-10-17,1051651.5691224993,978261.3191224993,3,-0.0072082302847513895,0.001619360792289859
2023-10-18,1051369.3191224993,978261.3191224993,3,-0.0074746830579222046,-0.0002683873711475382
2023-10-19,1051614.8191224993,978261.3191224993,3,-0.007242923427050867,0.0002335050067894251
2023-10-20,1051216.5691224993,978261.3191224993,3,-0.007618883805847242,-0.00037870329778377787
2023-10-23,1050182.5691224993,978261.3191224993,3,-0.0085950119456475,-0.0009836222433814434
2023-10-24,1052618.3191224993,978261.3191224993,3,-0.006295588235281468,0.002319358625458179
2023-10-25,1051618.3191224993,978261.3191224993,3,-0.007239619318260441,-0.0009500119671427276
2023-10-26,1051104.0691224993,978261.3191224993,3,-0.007725087302682377,-0.0004890082177619881
2023-10-27,1050663.0651224991,978261.3191224993,3,-0.008141408786400616,-0.0004195626417546894
2023-10-30,1051102.6581224995,981352.1151224993,3,-0.0077264193305403165,0.0004183957869967614
2023-10-31,1052642.7181224993,983531.2381224993,3,-0.006272554820887887,0.0014651851444755781
2023-11-01,1051057.5181224993,983531.2381224993,3,-0.00776903289362611,-0.001505924063985642
2023-11-02,1050887.4581224993,983531.2381224993,3,-0.007929574819597567,-0.00016179894731527256
2023-11-03,1050651.3781224994,983531.2381224993,3,-0.008152441677667092,-0.0002246482229616431
2023-11-06,1049387.2812424994,983531.2381224993,1,-0.009345788424283913,-0.0012031554008514744
2023-11-07,1050038.2812424994,1023795.2812424994,1,-0.008731224189264601,0.00062036200708393
2023-11-08,1050290.2812424994,1023795.2812424994,1,-0.008493328356353901,0.00023999125032081459
2023-11-09,1050346.2812424994,1023795.2812424994,1,-0.008440462615707078,5.331859296431318e-05
2023-11-10,1050829.2812424994,1023795.2812424994,1,-0.007984495602628235,0.0004598483458508884
2023-11-13,1049639.2812424994,1023795.2812424994,1,-0.009107892591373212,-0.0011324389425015902
2023-11-14,1049874.4707424995,1023795.2812424994,0,-0.00888586639298284,0.00022406697634425043
2023-11-15,1049874.4707424995,1049874.4707424995,0,-0.00888586639298284,0.0
2023-11-16,1049874.4707424995,1049874.4707424995,0,-0.00888586639298284,0.0
2023-11-17,1049874.4707424995,1049874.4707424995,0,-0.00888586639298284,0.0
2023-11-20,1050132.6757424995,910664.6757424994,4,-0.008642112847202184,0.0002459389262199352
2023-11-21,1051836.6757424993,910664.6757424994,4,-0.007033483881806234,0.0016226521080251466
2023-11-22,1049350.6757424995,910664.6757424994,4,-0.00938034515409174,-0.002363484804563276
2023-11-23,1050707.6757424995,910664.6757424994,4,-0.008099294974489274,0.001293180660544957
2023-11-24,1047540.6757424994,910664.6757424994,4,-0.011089041414283789,-0.003014159002657002
2023-11-27,1049361.6757424995,910664.6757424994,4,-0.009369960812178972,0.001738357318401329
2023-11-28,1049157.6757424993,910664.6757424994,4,-0.009562543153106902,-0.00019440389783231815
2023-11-29,1049496.6757424995,910664.6757424994,4,-0.00924251661597681,0.0003231163511816515
2023-11-30,1046248.6757424994,910664.6757424994,4,-0.012308729573492622,-0.0030948168537096032
2023-12-01,1048271.6757424994,910664.6757424994,4,-0.010398954692626161,0.0019335747293198757
2023-12-04,1046437.6757424994,910664.6757424994,4,-0.012130307698809597,-0.0017495464605594702
2023-12-05,1043125.5527424994,910664.6757424994,3,-0.01525705476145918,-0.003165141199307331
2023-12-06,1044471.5527424994,955950.5527424994,3,-0.013986388923769482,0.0012903528213465965
2023-12-07,1044874.5527424994,955950.5527424994,3,-0.013605944397328956,0.0003858410494204101
2023-12-08,1045194.2577424994,955950.5527424994,3,-0.013304132939945203,0.00030597452982350504
2023-12-11,1046536.3842424992,943472.9257424993,3,-0.012037123806655524,0.0012840928756141512
2023-12-12,1046180.4367424992,939594.6867424992,4,-0.01237314931056419,-0.0003401195652242839
2023-12-13,1046727.6867424992,939594.6867424992,4,-0.011856528300403948,0.0005230933219360079
2023-12-14,1045480.4367424992,939594.6867424992,4,-0.01303397106864947,-0.0011915706594917141
2023-12-15,1044283.1867424992,939594.6867424992,4,-0.014164212282746046,-0.0011451672914419841
2023-12-18,1042736.9070624993,939594.6867424992,4,-0.015623948363644748,-0.0014807091597666133
2023-12-19,1041926.3690624993,945717.2470624993,3,-0.016389121429580412,-0.0007773178397256775
2023-12-20,1041388.4890624993,980247.3790624993,3,-0.016896896868493147,-0.0005162360949593214
2023-12-21,1041419.6790624993,980247.3790624993,3,-0.016867452539014977,2.9950398268807632e-05
2023-12-22,1040444.3174624993,980247.3790624993,3,-0.01778822420655914,-0.0009365692041445328
2023-12-25,1040833.7674624992,984414.8174624993,3,-0.01742057130129302,0.00037431123748143946
2023-12-26,1039655.5674624993,987428.7674624992,3,-0.0185328287232588,-0.0011319771099206344
2023-12-27,1040565.0081624992,987428.7674624992,3,-0.017674288434332726,0.0008747519163674333
2023-12-28,1040790.1086424992,989539.1781624992,3,-0.017461786584419218,0.0002163252446836239
2023-12-29,1041147.8686424992,990986.0286424992,3,-0.017124050024172652,0.00034373885476934873
2024-01-02,1041295.8926424992,990986.0286424992,1,-0.016984310767145794,0.00014217384913162157
2024-01-03,1040459.9681424992,1012999.8926424992,0,-0.017773449478169417,-0.0008027732615737415
2024-01-04,1040459.9681424992,1040459.9681424992,0,-0.017773449478169417,0.0
2024-01-05,1040459.9681424992,1040459.9681424992,0,-0.017773449478169417,0.0
2024-01-08,1040459.9681424992,1040459.9681424992,0,-0.017773449478169417,0.0
2024-01-09,1040459.9681424992,1040459.9681424992,0,-0.017773449478169417,0.0
2024-01-10,1040459.9681424992,1040459.9681424992,0,-0.017773449478169417,0.0
2024-01-11,1040459.9681424992,1040459.9681424992,0,-0.017773449478169417,0.0
2024-01-12,1040459.9681424992,1040459.9681424992,0,-0.017773449478169417,0.0
2024-01-15,1040459.9681424992,1040459.9681424992,0,-0.017773449478169417,0.0
2024-01-16,1040596.2211424992,970625.2211424992,3,-0.017644822411020257,0.00013095458179268604
2024-01-17,1037554.2211424992,970625.2211424992,3,-0.020516564965442293,-0.0029233240888191236
2024-01-18,1037503.2211424992,970625.2211424992,3,-0.020564710550674218,-4.91540576490479e-05
2024-01-19,1036659.2211424992,970625.2211424992,3,-0.02136147278470847,-0.0008134914502440083
2024-01-22,1032749.2211424992,970625.2211424992,3,-0.025052634319156254,-0.0037717312693082983
2024-01-23,1032542.2211424992,970625.2211424992,3,-0.0252480487533329,-0.00020043588100793208
2024-01-24,1032567.2211424992,970625.2211424992,3,-0.025224447976258425,2.4212084976271697e-05
2024-01-25,1034459.2211424992,970625.2211424992,3,-0.023438341167262212,0.0018323262265740325
2024-01-26,1031696.5753924992,929378.7273924992,3,-0.02604636462652199,-0.002670618322633156
2024-01-29,1030147.7128924992,887899.0128924992,3,-0.027508538969782552,-0.0015012771554571147
2024-01-30,1027885.3448924992,907945.3448924992,3,-0.02964428468291954,-0.0021961588340060345
2024-01-31,1027606.3448924992,907945.3448924992,3,-0.029907669355070672,-0.0002714310515139484
2024-02-01,1025326.3448924992,907945.3448924992,3,-0.03206006022426273,-0.002218748464655085
2024-02-02,1023690.3448924992,907945.3448924992,3,-0.03360449507601633,-0.001595589548780696
2024-02-05,1022975.3448924992,907945.3448924992,3,-0.03427947730034629,-0.0006984533981074792
2024-02-06,1027028.3448924992,907945.3448924992,3,-0.03045331932103252,0.003961972319504792
2024-02-07,1031660.3448924992,907945.3448924992,3,-0.02608056734467392,0.004510099475866891
2024-02-08,1031754.3448924992,907945.3448924992,3,-0.025991828422873897,9.11152594604836e-05
2024-02-19,1037136.3448924992,907945.3448924992,3,-0.020911053134281068,0.0052163579699398
2024-02-20,1037283.1123924991,907945.3448924992,3,-0.02077250005230999,0.0001415122521959411
2024-02-21,1037958.052392499,889198.302392499,4,-0.020135335713164216,0.0006506806019845879
2024-02-22,1043109.728792499,875823.946392499,4,-0.015271993062115005,0.004963279959267375
2024-02-23,1041643.199739999,864881.577542499,4,-0.016656442071766735,-0.0014059202133965831
2024-02-26,1040384.199739999,892405.199739999,4,-0.017844977205237263,-0.0012086672291570233
2024-02-27,1040936.199739999,892405.199739999,4,-0.01732387204743287,0.0005305732249085704
2024-02-28,1039252.199739999,892405.199739999,4,-0.018913620391169457,-0.001617774461509347
2024-02-29,1044337.199739999,892405.199739999,4,-0.014113222334221385,0.004892941291124719
2024-03-01,1043616.653739999,892405.199739999,3,-0.014793440154937526,-0.0006899553134556147
2024-03-04,1046927.346239999,929896.653739999,3,-0.01166804352875216,0.003172326244637258
2024-03-05,1045750.596239999,942395.346239999,3,-0.012778932105647666,-0.001124003498644166
2024-03-06,1045482.096239999,942395.346239999,3,-0.01303240445142752,-0.0002567533797880328
2024-03-07,1045211.346239999,942395.346239999,3,-0.013288000867144076,-0.0002589714362146722
2024-03-08,1046046.096239999,942395.346239999,3,-0.012499970920627379,0.0007986423061736581
2024-03-11,1045837.596239999,942395.346239999,3,-0.012696801401428495,-0.0001993220000050533
2024-03-12,1044439.596239999,942395.346239999,3,-0.014016556855433097,-0.001336727619112299
2024-03-13,1043802.9699899991,915992.383739999,3,-0.014617551823673414,-0.0006095386006924608
2024-03-14,1044204.9699899991,951207.9699899991,3,-0.014238051328315867,0.0003851301553623454
2024-03-15,1047618.9699899991,951207.9699899991,3,-0.011015129211025656,0.0032694730422828666
2024-03-18,1047197.5874899991,922504.1349899991,3,-0.011412927388848993,-0.0004022287798053359
2024-03-19,1045694.5874899991,949353.5874899991,3,-0.012831806106566389,-0.001435259227060004
2024-03-20,1045550.5874899991,949353.5874899991,3,-0.012967746582515361,-0.000137707512042895
2024-03-21,1044716.5874899991,949353.5874899991,3,-0.013755068505719824,-0.0007976658518284996
2024-03-22,1043439.5874899991,949353.5874899991,3,-0.014960596198683972,-0.0012223410782326027
2024-03-25,1043094.4242399991,949353.5874899991,2,-0.015286441035385998,-0.00033079370778932304
2024-03-26,1043481.4242399991,969824.4242399991,2,-0.014921101006273136,0.00037101147413576285
2024-03-27,1043306.4242399991,969824.4242399991,2,-0.015086306445794456,-0.0001677078249164854
2024-03-28,1045093.4242399991,969824.4242399991,2,-0.013399322900511032,0.001712823728945878
2024-03-29,1046131.6982399991,956506.1242399991,3,-0.012419159971862145,0.0009934748185360665
2024-04-01,1046068.5982399991,938972.5982399991,4,-0.012478728333198096,-6.0317453439262536e-05
2024-04-02,1048300.5982399991,938972.5982399991,4,-0.01037165095598903,0.002133703280793764
2024-04-03,1047317.7361149992,908189.1669899991,4,-0.01129950335227178,-0.0009375766136642261
2024-04-08,1046162.7361149992,946294.7361149992,4,-0.012389859253112492,-0.0011028171873460613
2024-04-09,1046591.7361149992,946294.7361149992,4,-0.011984869918514515,0.00041007004473625486
2024-04-10,1043695.7361149992,946294.7361149992,4,-0.014718783934821619,-0.0027670770751068163
2024-04-11,1043856.7361149992,946294.7361149992,4,-0.014566794930462004,0.00015425951685821282
2024-04-12,1044658.7361149992,946294.7361149992,4,-0.013809682001912868,0.0007683046650490688
2024-04-15,1044017.1941149991,896248.2561149992,4,-0.014415317590949378,-0.0006141163404097538
2024-04-16,1039137.0481149992,933424.1941149991,3,-0.019022327104424832,-0.0046743923639464
2024-04-17,1041734.3581149993,927946.3581149993,4,-0.016570385732292664,0.002499487439805659
2024-04-18,1041257.3581149993,927946.3581149993,4,-0.017020688558873634,-0.000457890244556336
2024-04-19,1041893.2621149992,927946.3581149993,4,-0.01642037541708299,0.0006107078092116858
2024-04-22,1040283.2621149992,933977.2621149992,4,-0.017940265460679138,-0.0015452638562339915
2024-04-23,1038758.2621149992,933977.2621149992,4,-0.01937991286222207,-0.001465946877679758
2024-04-24,1042497.2621149992,933977.2621149992,4,-0.01585018064296369,0.0035994900222378057
2024-04-25,1042752.2621149992,933977.2621149992,4,-0.015609452716804055,0.0002446049589450716
2024-04-26,1045427.6541149992,933977.2621149992,4,-0.013083799509650782,0.002565702417728133
2024-04-29,1045271.4041149992,941885.4041149992,4,-0.013231304366366247,-0.00014946036618124214
2024-04-30,1043820.6541149992,941885.4041149992,4,-0.014600857459997991,-0.0013879170465094237
2024-05-06,1047394.3781774993,941885.4041149992,3,-0.01122715086300805,0.0034236954867787883
2024-05-07,1048910.3781774994,967062.3781774993,3,-0.009795999741211819,0.0014474013147158793
2024-05-08,1051040.6861774991,967062.3781774993,3,-0.007784922772893306,0.0020309723731604112
2024-05-09,1050008.8746774993,945518.1511774992,3,-0.00875898490066831,-0.000981704622446511
2024-05-10,1049273.8746774993,972690.8746774992,3,-0.009452847746657854,-0.000699994083598332
2024-05-13,1048725.8746774993,972690.8746774992,3,-0.00997017678013033,-0.0005222659338282032
2024-05-14,1048686.8746774993,972690.8746774992,3,-0.01000699399236651,-3.718798300078596e-05
2024-05-15,1048442.8746774992,972690.8746774992,3,-0.01023733757661349,-0.00023267193086129456
2024-05-16,1049552.850677499,954659.8666774991,3,-0.00918948573125291,0.001058690012406549
2024-05-17,1050272.850677499,972127.8506774991,3,-0.00850978335150805,0.0006860064260081344
2024-05-20,1052468.850677499,972127.8506774991,3,-0.006436691093286226,0.0020908852386152255
2024-05-21,1051423.750677499,972127.8506774991,3,-0.007423297978107638,-0.0009929985094830895
2024-05-22,1049612.750677499,979657.7506774991,3,-0.009132938269382556,-0.0017224263755056812
2024-05-23,1048380.7506774991,979657.7506774991,3,-0.010295984563612541,-0.0011737662287397699
2024-05-24,1046489.9991774991,951222.2506774991,3,-0.01208091274980167,-0.0018034969630815745
2024-05-27,1047056.4991774991,986211.4991774991,3,-0.011546119141294083,0.0005413334102049028
2024-05-28,1046551.3385774991,986211.4991774991,3,-0.012023006449590336,-0.0004824578238106225
2024-05-29,1046178.2421774991,969047.4285774991,3,-0.01237522104813793,-0.0003565008100865352
2024-05-30,1045900.966377499,966490.8796774991,3,-0.012636978021895848,-0.000265036863529966
2024-05-31,1045571.966377499,974251.966377499,3,-0.01294756424819593,-0.0003145613309255557
2024-06-03,1046604.966377499,974251.966377499,3,-0.011972380139478652,0.000987975991340928
2024-06-04,1048865.966377499,974251.966377499,3,-0.009837925860863196,0.0021603184321070668
2024-06-05,1050627.966377499,974251.966377499,3,-0.008174543092654247,0.0016799095942501285
2024-06-06,1050898.916377499,974251.966377499,3,-0.007918757870721138,0.000257893382501706
2024-06-07,1050008.166377499,988114.166377499,3,-0.008759653557884658,-0.0008476076872079297
2024-06-11,1051295.916377499,988114.166377499,3,-0.007543977530778486,0.00122641903295162
2024-06-12,1051821.666377499,988114.166377499,3,-0.007047653188902291,0.000500097062881677
2024-06-13,1051671.166377499,988114.166377499,3,-0.007189729866890626,-0.00014308509209393083
2024-06-14,1051646.916377499,988114.166377499,3,-0.007212622620652866,-2.3058538424658437e-05
2024-06-17,1051819.916377499,988114.166377499,3,-0.007049305243297504,0.00016450388177413622
2024-06-18,1051397.666377499,988114.166377499,3,-0.007447922368085375,-0.00040144704756517324
2024-06-19,1050527.774777499,988114.166377499,3,-0.008269127077307661,-0.0008273668734657402
2024-06-20,1049079.934777499,993239.684777499,2,-0.009635933040488015,-0.0013782024947477378
2024-06-21,1049240.694777499,1013593.7847774989,2,-0.009484170603588308,0.0001532390380092341
2024-06-24,1049002.434777499,1013593.7847774989,2,-0.009709095449418887,-0.0002270784970368478
2024-06-25,1048476.064777499,1013593.7847774989,2,-0.010206005090566524,-0.0005017814854849645
2024-06-26,1049617.894777499,1013593.7847774989,2,-0.009128082079088683,0.0010890377361569836
2024-06-27,1049623.5847774989,1013593.7847774989,2,-0.009122710542226586,5.421020381035646e-06
2024-06-28,1048863.144777499,1013593.7847774989,2,-0.009840589538967062,-0.0007244882937355035
2024-07-01,1049215.214777499,1013593.7847774989,2,-0.009508224515582593,0.00033566819632580014
2024-07-02,1049046.5285174989,1013593.7847774989,1,-0.009667469588294165,-0.00016077374558076674
2024-07-03,1047561.0726774988,1025009.0285174989,1,-0.011069786073646868,-0.001416005677173593
2024-07-04,1047321.7426774988,1031728.4726774988,1,-0.011295721032736185,-0.00022846400676979073
2024-07-05,1048100.2226774988,1031728.4726774988,1,-0.010560811715258732,0.000743305488922319
2024-07-08,1047948.6309574988,1031728.4726774988,1,-0.010703919010861002,-0.00014463475602821685
2024-07-09,1047776.1655574988,1036539.6809574988,1,-0.010866731709199391,-0.0001645742881904999
2024-07-10,1047685.9375574988,1039835.7655574988,1,-0.010951909745754421,-8.611381224921111e-05
2024-07-11,1047610.9439974987,1042205.0075574988,0,-0.011022705997417753,-7.158019145980798e-05
2024-07-12,1047610.9439974987,1047610.9439974987,0,-0.011022705997417753,0.0
2024-07-15,1047610.9439974987,1047610.9439974987,0,-0.011022705997417753,0.0
2024-07-16,1047610.9439974987,1047610.9439974987,0,-0.011022705997417753,0.0
2024-07-17,1047610.9439974987,1047610.9439974987,0,-0.011022705997417753,0.0
2024-07-18,1047858.3089974987,964599.3089974987,3,-0.01078918574857667,0.00023612296283981316
2024-07-19,1046514.6609974987,939916.6609974987,3,-0.012057631225159241,-0.0012822802362330021
2024-07-22,1045523.6609974987,939916.6609974987,3,-0.012993166028391403,-0.0009469528110149783
2024-07-23,1042997.6609974987,939916.6609974987,3,-0.015377788543996287,-0.002416014189090654
2024-07-24,1043075.6609974987,939916.6609974987,3,-0.015304154119523928,7.47844438360179e-05
2024-07-25,1042567.6609974987,939916.6609974987,3,-0.015783721909677244,-0.00048702123824284627
2024-07-26,1042581.6609974987,939916.6609974987,3,-0.01577050547451554,1.3428385057245862e-05
2024-07-29,1042312.6609974987,939916.6609974987,3,-0.016024449835836882,-0.00025801336246666917
2024-07-30,1041270.6609974987,939916.6609974987,3,-0.017008130224300973,-0.0009997000314692084
2024-07-31,1042663.6249974987,910984.5409974987,3,-0.015693128910830217,0.001337754007844305
2024-08-01,1042686.6249974987,952187.6249974987,3,-0.0156714161959217,2.2058887879650158e-05
2024-08-02,1042084.6249974987,952187.6249974987,3,-0.01623972290787504,-0.000577354677395503
2024-08-05,1038765.6249974987,952187.6249974987,3,-0.01937296207228225,-0.0031849620658283007
2024-08-06,1040101.6249974987,952187.6249974987,3,-0.018111736545422343,0.0012861419052090373
2024-08-07,1039687.6249974987,952187.6249974987,3,-0.018502565413775637,-0.0003980380282561091
2024-08-08,1038429.0507474986,919699.0649974986,3,-0.019690698626012648,-0.0012105311439126742
2024-08-09,1039513.0507474986,942321.0507474986,3,-0.01866736893206344,0.0010438845092206606
2024-08-12,1039895.0507474986,942321.0507474986,3,-0.018306749058365473,0.0003674797538379959
2024-08-13,1039927.0507474986,942321.0507474986,3,-0.018276540063710146,3.077233609016794e-05
2024-08-14,1038975.0507474986,942321.0507474986,3,-0.019175257654706127,-0.0009154488281805095
2024-08-15,1038863.0507474986,942321.0507474986,3,-0.019280989135999772,-0.00010779854619169527
2024-08-16,1038493.6634974986,900311.5634974986,3,-0.019629702181655925,-0.0003555687631148219
2024-08-19,1036890.2334974987,910767.4634974987,3,-0.021143389941036837,-0.0015439959398498848
2024-08-20,1035189.2334974987,948562.2334974987,3,-0.022749186813184066,-0.0016404822275761788
2024-08-21,1034009.2334974987,948562.2334974987,3,-0.023863143491099255,-0.0011398882076982808
2024-08-22,1033401.2334974987,948562.2334974987,3,-0.02443711438955047,-0.0005880024861513178
2024-08-23,1032444.2334974987,948562.2334974987,3,-0.02534055213596135,-0.0009260681804695858
2024-08-26,1033210.2334974987,948562.2334974987,3,-0.024617424326399455,0.0007419286922694113
2024-08-27,1031529.2334974987,948562.2334974987,3,-0.026204340576887107,-0.0016269680124147978
2024-08-28,1031933.2334974987,948562.2334974987,3,-0.0258229520193636,0.00039165152753861676
2024-08-29,1035152.2334974987,948562.2334974987,3,-0.02278411596325429,0.0031193878591253554
2024-08-30,1037012.2334974987,948562.2334974987,3,-0.0210282181489134,0.0017968371605745492
2024-09-02,1033544.1619974987,912991.8259974987,3,-0.024302185442906875,-0.00334429179133533
2024-09-03,1034404.1619974987,954083.1619974987,3,-0.023490318711544958,0.0008320882954220288
2024-09-04,1033334.1619974987,954083.1619974987,3,-0.02450043197033246,-0.001034411924574763
2024-09-05,1034070.1619974987,954083.1619974987,3,-0.023805625093259935,0.0007122574933333681
2024-09-06,1031853.1619974987,954083.1619974987,3,-0.025898542004224315,-0.002143955102347661
2024-09-09,1032751.1619974987,954083.1619974987,3,-0.0250508020917092,0.0008702788662890981
2024-09-10,1032819.1577474987,938702.8019974987,3,-0.02498661199019873,6.583943209359511e-05
2024-09-11,1031939.1577474987,973577.1577474987,3,-0.025817359343220225,-0.0008520368676344647
2024-09-12,1031218.1577474987,973577.1577474987,3,-0.026498005754048065,-0.0006986846022722926
2024-09-13,1031195.4737474987,973577.1577474987,2,-0.02651942015513437,-2.1997285278185785e-05
2024-09-18,1030809.4737474987,993835.4737474987,2,-0.02688381615316425,-0.00037432282222615854
2024-09-19,1030794.4737474987,993835.4737474987,2,-0.026897976619408934,-1.4551670684093132e-05
2024-09-20,1030215.7262474986,993835.4737474987,1,-0.02744433224860536,-0.0005614577054298131
2024-09-23,1030599.7262474986,1015895.7262474986,1,-0.027081824312741434,0.00037273746674282293
2024-09-24,1030839.7262474986,1015895.7262474986,1,-0.026855256852826484,0.000232874115806192
2024-09-25,1030839.7262474986,1015895.7262474986,1,-0.026855256852826484,0.0
2024-09-26,1031175.7262474986,1015895.7262474986,1,-0.02653806240894555,0.0003259478573096608
2024-09-27,1032007.7262474986,1015895.7262474986,1,-0.025752628547907042,0.0008068459902830227
2024-09-30,1034052.9742474987,1015895.7262474986,1,-0.023821850863506445,0.001981814620164446
2024-10-08,1035177.9062474987,1020756.9742474987,1,-0.022759880089268717,0.0010878862379546383
2024-10-09,1034088.9062474987,1024278.9062474987,1,-0.023787929938632817,-0.0010519930858527982
2024-10-10,1033794.8262474987,1024278.9062474987,0,-0.024065550599515234,-0.0002843856057475058
2024-10-11,1033794.8262474987,1033794.8262474987,0,-0.024065550599515234,0.0
2024-10-14,1033794.8262474987,1033794.8262474987,0,-0.024065550599515234,0.0
2024-10-15,1033794.8262474987,1033794.8262474987,0,-0.024065550599515234,0.0
2024-10-16,1033794.8262474987,1033794.8262474987,0,-0.024065550599515234,0.0
2024-10-17,1033794.8262474987,1033794.8262474987,0,-0.024065550599515234,0.0
2024-10-18,1033794.8262474987,1033794.8262474987,0,-0.024065550599515234,0.0
2024-10-21,1033964.7594974987,942515.7594974987,4,-0.023905128329483594,0.00016437811999581164
2024-10-22,1034812.7594974987,942515.7594974987,4,-0.023104589971117428,0.0008201440060802145
2024-10-23,1034030.7594974987,942515.7594974987,4,-0.02384282227800698,-0.0007556922668596755
2024-10-24,1038089.1539974988,942515.7594974987,4,-0.020011571723016028,0.003924829568872967
2024-10-25,1041584.9177574988,949923.6539974988,4,-0.016711462074824584,0.0033674985877065744
2024-10-28,1046135.6527574988,955161.2677574988,4,-0.012415426784424281,0.004369048478349402
2024-10-29,1043607.2039374989,937882.7177574988,4,-0.014802361062225723,-0.002416941639772241
2024-10-30,1044514.4539374989,954805.7039374989,4,-0.01394588886219305,0.0008693404918795888
2024-10-31,1045499.8661374989,954805.7039374989,4,-0.013015629115846339,0.0009434165284025742
2024-11-01,1043759.6061374989,960737.7061374988,4,-0.014658488648311334,-0.0016645243642442464
2024-11-04,1043199.7861374988,960737.7061374988,4,-0.015186976129184683,-0.0005363495547329178
2024-11-05,1046102.2061374988,960737.7061374988,4,-0.012447001433324814,0.0027822283311103035
2024-11-06,1048833.006137499,960737.7061374988,4,-0.009869041351925794,0.002610452385989115
2024-11-07,1051797.9981374987,960737.7061374988,4,-0.007069996743141943,0.002826943834384865
2024-11-08,1050233.558992499,919916.9693874989,4,-0.008546875923450726,-0.0014873950585283513
2024-11-11,1054233.058992499,957478.0589924989,4,-0.004771223607076327,0.0038082005338286873
2024-11-12,1053130.058992499,957478.0589924989,4,-0.005812489891602134,-0.0010462582164271206
2024-11-13,1053570.558992499,957478.0589924989,4,-0.0053966441995498965,0.0004182769224356786
2024-11-14,1050243.558992499,957478.0589924989,4,-0.008537435612620938,-0.0031578331148333083
2024-11-15,1047379.5589924989,957478.0589924989,4,-0.011241140634272824,-0.002726986493254535
2024-11-18,1043869.6839924989,957478.0589924989,3,-0.014554571731643644,-0.0033511012983452604
2024-11-19,1046040.6839924989,971881.6839924989,3,-0.012505080250496296,0.0020797615193657304
2024-11-20,1047223.6839924989,971881.6839924989,3,-0.011388291479332171,0.0011309311560281365
2024-11-21,1046241.8424924989,971881.6839924989,2,-0.01231518037389085,-0.0009375661713997285
2024-11-22,1043812.8424924989,1000191.8424924989,2,-0.014608231874446775,-0.002321642952276992
2024-11-25,1043269.8424924989,1000191.8424924989,2,-0.015120840752504357,-0.0005202082000671515
2024-11-26,1043106.8424924989,1000191.8424924989,2,-0.015274717819029929,-0.00015623953972498938
2024-11-27,1043568.8424924989,1000191.8424924989,2,-0.014838575458693644,0.0004429076497054485
2024-11-28,1042849.8424924989,1000191.8424924989,2,-0.015517333807355526,-0.0006889818579507434
2024-11-29,1043663.4799924989,1000191.8424924989,0,-0.014749234717078267,0.000780205804179035
2024-12-02,1043663.4799924989,1043663.4799924989,0,-0.014749234717078267,0.0
2024-12-03,1043663.4799924989,1043663.4799924989,0,-0.014749234717078267,0.0
2024-12-04,1043663.4799924989,1043663.4799924989,0,-0.014749234717078267,0.0
2024-12-05,1043663.4799924989,1043663.4799924989,0,-0.014749234717078267,0.0
2024-12-06,1043663.4799924989,1043663.4799924989,0,-0.014749234717078267,0.0
2024-12-09,1043663.4799924989,1043663.4799924989,0,-0.014749234717078267,0.0
2024-12-10,1043663.4799924989,1043663.4799924989,0,-0.014749234717078267,0.0
2024-12-11,1043663.4799924989,1043663.4799924989,0,-0.014749234717078267,0.0
2024-12-12,1043663.4799924989,1043663.4799924989,0,-0.014749234717078267,0.0
2024-12-13,1043663.4799924989,1043663.4799924989,0,-0.014749234717078267,0.0
2024-12-16,1043436.2169924988,990432.2169924988,3,-0.01496377805308935,-0.00021775505644949789
2024-12-17,1043352.2169924988,990432.2169924988,3,-0.015043076664059582,-8.050324364061723e-05
2024-12-18,1042896.2169924988,990432.2169924988,3,-0.015473554837897995,-0.00043705279250227935
2024-12-19,1041885.2169924988,990432.2169924988,3,-0.016427970262789734,-0.000969415732387513
2024-12-20,1043007.2169924988,990432.2169924988,3,-0.015368767387687329,0.0010768940586745046
2024-12-23,1040502.2169924988,990432.2169924988,3,-0.017733565250549654,-0.0024017091724668482
2024-12-24,1041471.2169924988,990432.2169924988,3,-0.01681879913114303,0.0009312810527215554
2024-12-25,1040358.2169924988,990432.2169924988,3,-0.017869505726498626,-0.0010686805183287573
2024-12-26,1040439.2169924988,990432.2169924988,3,-0.01779303920877733,7.785779809021953e-05
2024-12-27,1040052.2169924988,990432.2169924988,3,-0.018158379237890192,-0.00037195829768765787
2024-12-30,1040091.2169924988,990432.2169924988,3,-0.01812156202565401,3.749811727038477e-05
2024-12-31,1037273.9499924988,950114.7019924988,3,-0.020781149642704926,-0.0027086730028798023
2025-01-02,1036663.9499924988,979421.9499924988,3,-0.021357008603322097,-0.0005880799378066293
2025-01-03,1034598.9499924988,979421.9499924988,3,-0.023306432789673676,-0.001991966634910858
2025-01-06,1035955.9499924988,979421.9499924988,3,-0.022025382610071212,0.0013116193477771265
2025-01-07,1035329.6749924988,960152.7049924989,3,-0.02261660567656389,-0.0006045382528133691
2025-01-08,1036343.6749924988,976629.6749924988,3,-0.021659358158423212,0.000979398180591451
2025-01-09,1036687.4249924988,976629.6749924988,3,-0.02133484747364919,0.00033169498525920105
2025-01-10,1034780.6749924988,981988.9249924988,3,-0.023134878741119344,-0.0018392718518929208
2025-01-13,1034178.9249924988,981988.9249924988,3,-0.023702949445301942,-0.000581524195940708
2025-01-14,1038446.6369924989,981988.9249924988,3,-0.01967409666409953,0.004126666959521463
2025-01-15,1038552.1569924989,986438.9969924989,3,-0.019574482504223573,0.0001016133099585037
2025-01-16,1038754.4169924989,986438.9969924989,3,-0.019383542777380237,0.00019475189439277507
2025-01-17,1038803.3169924988,986438.9969924989,3,-0.019337379657422653,4.707561209849054e-05
2025-01-20,1039334.9169924989,986438.9969924989,3,-0.01883553273371094,0.0005117426863241459
2025-01-21,1040206.2769924989,986438.9969924989,3,-0.0180129418092464,0.0008383823017525938
2025-01-22,1041451.6969924989,986438.9969924989,2,-0.016837226617882686,0.001197281757999935
2025-01-23,1040454.4169924989,1010680.3969924989,1,-0.017778689936315983,-0.0009575864179586224
2025-01-24,1040818.1969924989,1026393.8969924989,1,-0.017435270308949865,0.00034963569192347776
2025-01-27,1040099.0969924988,1026393.8969924989,1,-0.018114123060720133,-0.0006908987583786885
2025-02-05,1040493.8969924989,1026393.8969924989,1,-0.01774141958915999,0.0003795792161935818
2025-02-06,1041416.0369924989,1026393.8969924989,1,-0.016870890766301747,0.0008862521949100088
2025-02-07,1041080.456992499,1026393.8969924989,1,-0.01718768871712779,-0.0003222343310259612
2025-02-10,1040547.4769924989,1026393.8969924989,1,-0.017690838403734015,-0.0005119489050248172
2025-02-11,1040789.9969924989,1026393.8969924989,1,-0.01746189198548994,0.00023306961514246716
2025-02-12,1040651.8169924989,1026393.8969924989,1,-0.017592338200535913,-0.00013276453501587238
2025-02-13,1040578.4969924989,1026393.8969924989,1,-0.01766155455953999,-7.045584200482402e-05
2025-02-14,1039757.1069924989,1026393.8969924989,0,-0.0184369722507881,-0.0007893589982630456
2025-02-17,1039757.1069924989,1039757.1069924989,0,-0.0184369722507881,0.0
2025-02-18,1039757.1069924989,1039757.1069924989,0,-0.0184369722507881,0.0
2025-02-19,1039858.8719924988,918617.8719924988,4,-0.018340902927628844,9.787382006387624e-05
2025-02-20,1040403.8719924988,918617.8719924988,4,-0.017826405987405303,0.0005241095832126952
2025-02-21,1042827.8719924988,918617.8719924988,4,-0.015538074642264275,0.002329864454807984
2025-02-24,1043290.6279924988,918617.8719924988,4,-0.015101218594429209,0.00044375108532146434
2025-02-25,1042070.8902424987,906763.6979924988,4,-0.016252688943512127,-0.0011691255698780267
2025-02-26,1042819.8902424987,935058.8902424987,4,-0.015545609662360876,0.0007187610814325396
2025-02-27,1040979.8902424987,935058.8902424987,4,-0.017282626855042185,-0.001764446590649671
2025-02-28,1036191.8902424987,935058.8902424987,4,-0.021802647680345504,-0.004599512483266732
2025-03-03,1037299.8902424987,935058.8902424987,4,-0.020756661240404803,0.0010693000113528583
2025-03-04,1037436.8902424987,935058.8902424987,4,-0.020627328982036685,0.0001320736667271838
2025-03-05,1037805.8902424987,935058.8902424987,4,-0.020278981512417443,0.0003556842864087528
2025-03-06,1041432.9547424987,935058.8902424987,3,-0.01685491988444788,0.0034949353574709185
2025-03-07,1045299.7257424986,957645.9547424987,3,-0.013204567869686244,0.003712933206493352
2025-03-10,1043911.2791174987,957315.3257424986,3,-0.014515304640743475,-0.001328276082741442
2025-03-11,1044748.2791174987,989042.2791174987,3,-0.013725150624290075,0.0008017922755922946
2025-03-12,1045053.6901174986,989042.2791174987,3,-0.01343683314720642,0.00029232974689175073
2025-03-13,1043515.6901174986,992325.1901174986,3,-0.014888752952828078,-0.0014716947220454468
2025-03-14,1046543.6901174986,992325.1901174986,3,-0.01203022683356775,0.0029017292491875235
2025-03-17,1047387.6901174986,992325.1901174986,3,-0.011233464599533498,0.0008064641810656692
2025-03-18,1047660.3651174987,977555.4401174986,3,-0.010976050923982163,0.0002603381752266376
2025-03-19,1046459.1831174986,1002907.1151174987,3,-0.012110004068297039,-0.0011465375993920945
2025-03-20,1045758.5641174987,1005812.2831174986,2,-0.012771410181622634,-0.0006695139297384634
2025-03-21,1044602.8641174986,1024030.2641174986,2,-0.013862426904221499,-0.0011051308013674266
2025-03-24,1043966.4641174986,1024030.2641174986,2,-0.014463208285429338,-0.0006092267423923881
2025-03-25,1043327.1141174986,1024030.2641174986,2,-0.015066774558331922,-0.0006124238871413334
2025-03-26,1043710.8141174987,1024030.2641174986,2,-0.014704549831792825,0.0003677657704934667
2025-03-27,1043828.6141174986,1024030.2641174986,2,-0.014593342970217967,0.00011286651283715088
2025-03-28,1043739.8641174986,1024030.2641174986,2,-0.014677125728832351,-8.50235362392926e-05
2025-03-31,1043278.8660174987,986231.0741174987,2,-0.01511232226442657,-0.00044167911550430095
2025-04-01,1043438.6210174987,972574.6210174987,3,-0.01496150857876526,0.00015312780235809953
2025-04-02,1042416.6210174987,972574.6210174987,3,-0.015926308345569767,-0.0009794538743480574
2025-04-03,1041213.6210174987,972574.6210174987,3,-0.017061977738393474,-0.0011540491351967885
2025-04-07,1032521.4510174986,965382.4410174986,3,-0.025267656396930845,-0.008348113993654649
2025-04-08,1031278.4160174986,961344.9760174986,3,-0.026441120074161644,-0.001203882978678128
2025-04-09,1031619.8290174985,950571.5410174986,3,-0.0261188155900286,0.0003310580292354981
2025-04-10,1033361.4570174986,948521.4570174986,3,-0.024474664623042073,0.001688245951668721
2025-04-11,1034627.5620174985,948521.4570174986,3,-0.023279422148726997,0.0012252295568040417
2025-04-14,1036747.0620174985,953578.8120174985,3,-0.021278548268353067,0.0020485632490467864
2025-04-15,1034205.3120174985,953578.8120174985,3,-0.02367803927351487,-0.002451658744085372
2025-04-16,1033183.0620174985,953578.8120174985,3,-0.024643075048090123,-0.000988440098036114
2025-04-17,1033107.3120174985,953578.8120174985,3,-0.02471458540262578,-7.331711367009053e-05
2025-04-18,1033057.0620174985,953578.8120174985,3,-0.024762022964545473,-4.863967122825663e-05
2025-04-21,1035941.5620174985,953578.8120174985,3,-0.022038965305692628,0.00279219813314735
2025-04-22,1035496.8645174985,953578.8120174985,2,-0.022458773568215677,-0.0004292689050278131
2025-04-23,1035986.6145174985,988809.3645174985,2,-0.021996434345326728,0.0004729613548644096
2025-04-24,1035686.6145174985,988809.3645174985,2,-0.02227964367022042,-0.0002895790310376567
2025-04-25,1035984.3645174985,988809.3645174985,2,-0.02199855841526343,0.0002874904395078204
2025-04-28,1034910.3645174985,988809.3645174985,2,-0.023012447798382844,-0.0010366951826538129
2025-04-29,1036273.1145174985,988809.3645174985,2,-0.021725969440053252,0.001316780705578724
2025-04-30,1035387.3645174985,988809.3645174985,2,-0.022562144971801878,-0.0008547457109435719
2025-05-06,1035784.8645174985,988809.3645174985,2,-0.022186892616317736,0.00038391428524464644
2025-05-07,1036548.3645174985,988809.3645174985,2,-0.02146612488446329,0.0007371221825640539
2025-05-08,1035778.1145174985,988809.3645174985,2,-0.022193264826127844,-0.000743091230826054
2025-05-09,1034847.3645174985,988809.3645174985,2,-0.023071921756610523,-0.0008985997936764578
2025-05-12,1035819.3645174985,988809.3645174985,2,-0.02215432354395496,0.0009392689524345688
2025-05-13,1035049.1145174985,988809.3645174985,2,-0.022881463485619515,-0.0007436142114979338
2025-05-14,1034929.8645174985,988809.3645174985,2,-0.022994039192264757,-0.00011521192407915049
2025-05-15,1034158.5670174985,988809.3645174985,1,-0.023722168006488718,-0.0007452654778298262
2025-05-16,1034158.5670174985,1002550.5670174985,1,-0.023722168006488718,0.0
2025-05-19,1034590.5670174985,1002550.5670174985,1,-0.0233143465786418,0.0004177309106918603
2025-05-20,1034536.5157674985,898379.5157674985,4,-0.023365372638715687,-5.2244097059395145e-05
2025-05-21,1030436.0825174985,859441.9045174986,4,-0.027236309080396176,-0.003963546175030808
2025-05-22,1028836.0825174985,890404.0825174985,4,-0.02874675881316253,-0.0015527406572283242
2025-05-23,1026910.0825174985,890404.0825174985,4,-0.03056496267898003,-0.0018720183251030864
2025-05-26,1026870.0825174985,890404.0825174985,4,-0.03060272392229919,-3.895180374691165e-05
2025-05-27,1025639.0825174985,890404.0825174985,4,-0.03176482618544631,-0.0011987884552854267
2025-05-28,1026093.0825174985,890404.0825174985,4,-0.03133623607377385,0.0004426508386221606
2025-05-29,1028827.0825174985,890404.0825174985,4,-0.02875525509290934,0.0026644756178380025
2025-05-30,1026963.0825174985,890404.0825174985,4,-0.030514929031582146,-0.0018117719018815315
2025-06-03,1029108.0735174986,890404.0825174985,3,-0.02848999085487196,0.0020886739129335474
2025-06-04,1030907.0735174986,922336.0735174986,3,-0.02679167893659279,0.001748115719130361
2025-06-05,1032436.0735174986,922336.0735174986,3,-0.02534825541071794,0.001483159868893802
2025-06-06,1031826.0735174986,922336.0735174986,3,-0.025924114371335114,-0.0005908356126319569
2025-06-09,1031805.0735174986,922336.0735174986,3,-0.025943939024077673,-2.035226724639294e-05
2025-06-10,1030339.0735174986,922336.0735174986,3,-0.027327888591724844,-0.001420811001638378
2025-06-11,1030705.4427674985,879255.7662674986,3,-0.026982024631877162,0.00035558124448220596
2025-06-12,1032445.2977674985,945472.4427674985,3,-0.0253395474320008,0.0016880234912977077
2025-06-13,1030893.5477674985,956393.0477674985,3,-0.02680444766501342,-0.0015029851977198527
2025-06-16,1031640.5477674985,956393.0477674985,3,-0.02609925644602813,0.0007246140996979289
2025-06-17,1031583.5477674985,956393.0477674985,3,-0.02615306621775793,-5.5251802697497965e-05
2025-06-18,1031708.7977674985,956393.0477674985,3,-0.026034826324614815,0.00012141527486653203
2025-06-19,1029885.5477674985,956393.0477674985,3,-0.027756030996656224,-0.0017672137757721584
2025-06-20,1029453.5477674985,956393.0477674985,3,-0.02816385242450314,-0.00041946408602044905
2025-06-23,1029408.4994474986,956393.0477674985,3,-0.02820637943881907,-4.375944897916373e-05
2025-06-24,1029767.0994474986,966037.8694474986,3,-0.027867849892462833,0.00034835539068556187
2025-06-25,1030866.7094474985,966037.8694474986,3,-0.026829783873308338,0.0010678239774701836
2025-06-26,1031508.2594474986,966037.8694474986,3,-0.026224140732023133,0.0006223403997049903
2025-06-27,1031458.7257674986,966037.8694474986,3,-0.02627090206559746,-4.8020633423240255e-05
2025-06-30,1032147.9757674986,972581.5857674986,3,-0.025620228641654204,0.0006682283864409833
2025-07-01,1032636.6357674986,972581.5857674986,3,-0.02515891841264567,0.0004734398666399464
2025-07-02,1031352.9765674986,972581.5857674986,3,-0.026370732597397587,-0.0012430889584369442
2025-07-03,1031123.8920074987,977296.7265674986,3,-0.026586995542668135,-0.00022212042356484218
2025-07-04,1030906.8637674986,980582.4120074987,3,-0.02679187694711237,-0.0002104773652150671
2025-07-07,1029705.9555174987,928857.4837674986,3,-0.027925571662918234,-0.0011649046991608625
2025-07-08,1030050.3311874986,939793.6142674986,3,-0.027600470326216542,0.00033444078686217793
2025-07-09,1028568.3311874986,943692.3311874986,3,-0.02899952439119138,-0.0014387646458901004
2025-07-10,1028010.3311874986,943692.3311874986,3,-0.029526293735493647,-0.0005425016336598754
2025-07-11,1028895.3311874986,943692.3311874986,3,-0.028690826227057254,0.000860886289904883
2025-07-14,1029123.3311874986,943692.3311874986,3,-0.02847558714013805,0.0002215968846286387
2025-07-15,1029882.3311874986,943692.3311874986,3,-0.02775906754815701,0.0007375209335933608
2025-07-16,1029060.3311874986,943692.3311874986,3,-0.028535061098365726,-0.0007981494342680362
2025-07-17,1029519.3311874986,943692.3311874986,3,-0.028101750831278378,0.000446037988336645
2025-07-18,1029348.3311874986,943692.3311874986,3,-0.02826318014646778,-0.0001660969297222481
2025-07-21,1029630.3311874986,943692.3311874986,3,-0.027996963381067712,0.0002739597388521364
2025-07-22,1030569.3311874986,943692.3311874986,3,-0.027110518194150456,0.0009119777958725983
2025-07-23,1029216.3311874986,943692.3311874986,3,-0.028387792249421007,-0.0013128665476984658
2025-07-24,1030023.3311874986,943692.3311874986,3,-0.027625959165456977,0.000784091716722779
2025-07-25,1031118.3311874986,943692.3311874986,3,-0.026592245129595002,0.0010630827155513334
2025-07-28,1030854.3311874986,943692.3311874986,3,-0.02684146933550145,-0.000256032689958996
2025-07-29,1031130.3311874986,943692.3311874986,3,-0.02658091675659925,0.0002677390894618714
2025-07-30,1030150.7681874987,905760.9761874987,3,-0.02750565467633535,-0.0009499895118707524
2025-07-31,1027183.9891874987,910726.5281874987,3,-0.030306386268664606,-0.0028799464035927924
2025-08-01,1027924.9614374987,916130.7891874987,3,-0.029606885433039746,0.0007213627332587347
2025-08-04,1029280.9614374987,947538.9614374987,3,-0.02832677928452026,0.0013191624397403956
2025-08-05,1034600.1614374986,947538.9614374987,3,-0.023305289147938554,0.005167879519087926
2025-08-06,1036928.3614374986,953921.1614374986,3,-0.021107395980546957,0.002250337943853653
2025-08-07,1038965.3614374986,969779.3614374986,3,-0.01918440466451879,0.001964455863832315
2025-08-08,1040726.3614374986,969779.3614374986,3,-0.01752196592739282,0.0016949554483352003
2025-08-11,1042409.3614374986,969779.3614374986,3,-0.01593316161473921,0.0016171397807924759
2025-08-12,1042218.1289374985,969779.3614374986,3,-0.016113691038815024,-0.00018345240082684455
2025-08-13,1043997.2239374985,951776.7239374985,4,-0.014434170059242576,0.0017070274931925145
2025-08-14,1041111.7519374986,912431.6039374985,4,-0.01715814531630803,-0.002763869418270337
2025-08-15,1045252.7413374985,931190.0019374986,4,-0.013248922608421622,0.003977468693724395
2025-08-18,1049409.7438374986,935756.1413374986,4,-0.009324583036400269,0.00397703094725288
2025-08-19,1052209.5702374987,943025.3138374985,4,-0.006681459887855023,0.002668001146779675
2025-08-20,1049559.0698974985,902984.7007374986,4,-0.009183614594261603,-0.0025189852050119255
2025-08-21,1050685.8051174986,942565.7698974985,4,-0.008119941524294313,0.0010735319738699456
2025-08-22,1051464.2039974986,949070.1151174986,4,-0.0073851087866183,0.0007408483832260782
2025-08-25,1053951.0939974985,953741.3039974986,4,-0.00503740732666882,0.0023651684865211298
2025-08-26,1053535.2995974985,953741.3039974986,4,-0.005429930164397425,-0.0003945101460286482
2025-08-27,1049616.8895974986,956662.6395974986,4,-0.009129031000252981,-0.003719296355325641
2025-08-28,1052071.5095974985,956662.6395974986,4,-0.00681179342335125,0.0023385866065295247
2025-08-29,1051730.7445974986,956662.6395974986,4,-0.007133486175342482,-0.000323899085652668
2025-09-01,1051216.8245974986,923717.8045974986,4,-0.007618642629506966,-0.0004886421763743432
2025-09-02,1049095.5107974987,961073.5645974986,4,-0.009621228793459098,-0.002017960282182596
2025-09-03,1046684.8051874987,917506.4995474986,4,-0.011897009821210941,-0.002297889548843357
2025-09-04,1043652.2551874986,954756.4051874987,4,-0.014759831281898868,-0.002897290554874199
2025-09-05,1047458.3051874987,954756.4051874987,4,-0.011166801778526707,0.0036468564898719524
2025-09-08,1051350.0261874986,954756.4051874987,4,-0.007492896188244789,0.0037153946660466453
2025-09-09,1050536.1761874987,965544.2761874987,4,-0.008261195885127094,-0.0007740999474277199
2025-09-10,1049107.0406874986,965544.2761874987,3,-0.009610344218915875,-0.0013603867552535176
2025-09-11,1052472.7906874986,972143.7906874988,3,-0.0064329716013793985,0.003208204567757278
2025-09-12,1055589.5581874987,972143.7906874988,3,-0.0034906462029606644,0.002961375845131453
2025-09-15,1057166.0581874987,978242.8081874987,3,-0.0020023812006443147,0.001493478206346488
2025-09-16,1057821.3248274988,978242.8081874987,3,-0.0013837891248450794,0.0006198332181828192
2025-09-17,1058578.5548274987,983134.6748274987,3,-0.0006689404678809297,0.0007158392275024017
2025-09-18,1061778.4938274988,983134.6748274987,3,0.0,0.003022863995692182
2025-09-19,1061360.0336399986,972330.7588274988,3,-0.00039411251022013525,-0.00039411251022014593
2025-09-22,1060715.0191199987,996044.0336399988,3,-0.0010015975212178808,-0.0006077245228349737
2025-09-23,1058885.336759999,988535.4591199987,3,-0.002724821687686073,-0.0017249518739893555
2025-09-24,1059709.106759999,1009030.5467599988,3,-0.0019489819011497187,0.0007779595876931111
2025-09-25,1060110.106759999,1009030.5467599988,3,-0.0015713136753086816,0.0003784057317635092
2025-09-26,1059734.9164799987,1009030.5467599988,3,-0.0019246738932649974,-0.0003539163315279259
2025-09-29,1060277.1764799987,1013571.5764799988,3,-0.001413964735797256,0.0005116940015539306
2025-09-30,1061413.7164799988,1013571.5764799988,3,-0.00034355315126512035,0.0010719272518655565
2025-10-09,1062824.3264799989,1013571.5764799988,3,0.0,0.0013289916816583425
2025-10-10,1061896.2964799986,1013571.5764799988,3,-0.0008731734651518867,-0.0008731734651519218
2025-10-13,1061946.6464799987,1013571.5764799988,3,-0.0008257996906290087,4.741517619666347e-05
2025-10-14,1060453.7856799988,1013571.5764799988,3,-0.002230416392378921,-0.001405777592450863
2025-10-15,1062044.5482399988,1016780.5356799988,3,-0.0007336849755619563,0.001500077213623996
2025-10-16,1061895.5682399988,1023735.2982399988,3,-0.0008738586583505248,-0.00014027660162363453
2025-10-17,1061059.9478999986,1004757.3442399987,3,-0.0016600848663708631,-0.0007869138595097969
2025-10-20,1061282.747899999,992131.3278999988,3,-0.0014504547379956708,0.00020997871085537412
2025-10-21,1062360.997899999,1009880.7478999988,3,-0.0004359408873661036,0.001015987494504822
2025-10-22,1061046.9578999989,988742.3578999988,3,-0.0016723070179307355,-0.0012369053481796621
2025-10-23,1062644.0223999987,1001910.9578999988,3,-0.0001696461734154147,0.0015051779641881424
2025-10-24,1064848.5223999987,1007238.0223999987,3,0.0,0.0020745423241745886
2025-10-27,1066658.7998999986,1007238.0223999987,3,0.0,0.0017000328797187603
2025-10-28,1066180.3118999987,1012957.7998999987,3,-0.0004485858083622944,-0.00044858580836226736
2025-10-29,1066216.8018999987,1018186.3118999987,3,-0.0004143761810630946,3.422498013949671e-05
2025-10-30,1064710.9318999988,1022462.7318999987,3,-0.0018261397179514204,-0.0014123487805823842
2025-10-31,1062587.6731499988,975873.5681499988,3,-0.0038167094767150448,-0.0019942114675304268
2025-11-03,1062647.7031499988,990097.5531499988,3,-0.0037604309366555096,5.6494161862596926e-05
2025-11-04,1062416.8031499987,990097.5531499988,3,-0.00397690128314474,-0.00021728744090410146
2025-11-05,1062620.3031499987,990097.5531499988,3,-0.003786118626104758,0.00019154441025093227
2025-11-06,1062429.5533999987,953849.2993999987,3,-0.003964947835611905,-0.0001795088513126819
2025-11-07,1061696.3033999987,963947.0533999987,3,-0.004652374780450071,-0.0006901634067439932
2025-11-10,1061940.3033999987,963947.0533999987,3,-0.004423623093384933,0.00022982090002443556
2025-11-11,1062530.0533999987,963947.0533999987,3,-0.0038707283907346663,0.000555351367785839
2025-11-12,1061536.230899999,952088.2113999987,3,-0.0048024438559733625,-0.0009353358964478975
2025-11-13,1061699.1808999986,941798.1808999988,4,-0.004649677104304509,0.00015350394575008863
2025-11-14,1060449.1808999986,941798.1808999988,4,-0.00582156074705624,-0.00117735797718177
2025-11-17,1060961.1808999986,941798.1808999988,4,-0.005341557206985131,0.0004828142726891471
2025-11-18,1058090.1808999986,941798.1808999988,4,-0.008033139557657306,-0.002706036801049194
2025-11-19,1057589.6133999988,941798.1808999988,3,-0.008502425049931704,-0.00047308585698635497
2025-11-20,1057300.6133999988,975751.6133999988,3,-0.008773364548135903,-0.0002732628954920102
2025-11-21,1053757.7588999989,955900.7873999987,3,-0.0120948151378953,-0.0033508488078967114
2025-11-24,1055250.7588999989,1001144.7588999987,3,-0.010695117314992631,0.0014168341702731624
2025-11-25,1056020.7588999989,1001144.7588999987,3,-0.009973236991057566,0.0007296843840252087
2025-11-26,1058684.7588999989,1001144.7588999987,3,-0.007475718571625076,0.002522677681805252
2025-11-27,1058732.7588999989,1001144.7588999987,3,-0.00743071823974341,4.533927554595252e-05
2025-11-28,1058945.7588999989,1001144.7588999987,3,-0.007231029267018515,0.0002011839137019411
2025-12-01,1059363.4301499987,973647.4301499987,4,-0.0068394595822804756,0.00039442176002846274
